START TRANSACTION;
/*!40101 SET NAMES utf8, SQL_MODE='NO_AUTO_VALUE_ON_ZERO' */;
/*!40103 SET TIME_ZONE='+00:00' */;
/*!40014 SET UNIQUE_CHECKS=0, FOREIGN_KEY_CHECKS=0 */;
/*!40111 SET SQL_NOTES=0 */;
CREATE TABLE `xlite_order_history_events` (
  `event_id` int(11) NOT NULL AUTO_INCREMENT,
  `order_id` int(11) DEFAULT NULL,
  `author_id` int(11) DEFAULT NULL,
  `date` int(11) NOT NULL,
  `code` varchar(255) COLLATE utf8_unicode_ci NOT NULL,
  `description` varchar(1024) COLLATE utf8_unicode_ci DEFAULT NULL,
  `data` longtext COLLATE utf8_unicode_ci NOT NULL COMMENT '(DC2Type:array)',
  `comment` longtext COLLATE utf8_unicode_ci NOT NULL,
  PRIMARY KEY (`event_id`),
  KEY `IDX_57EBBA5F8D9F6D38` (`order_id`),
  KEY `IDX_57EBBA5FF675F31B` (`author_id`),
  CONSTRAINT `FK_57EBBA5FF675F31B` FOREIGN KEY (`author_id`) REFERENCES `xlite_profiles` (`profile_id`) ON DELETE CASCADE,
  CONSTRAINT `FK_57EBBA5F8D9F6D38` FOREIGN KEY (`order_id`) REFERENCES `xlite_orders` (`order_id`) ON DELETE CASCADE
) ENGINE=InnoDB DEFAULT CHARSET=utf8 COLLATE=utf8_unicode_ci;
INSERT INTO `xlite_order_history_events` VALUES (1,1,1,1394005540,'PLACE ORDER','Order placed','N;',''),(2,1,1,1394005540,'TRANSACTION','Payment transaction [method: Phone Ordering, type: sale, amount: 18.49, status: Pending]','N;',''),(3,1,1,1394005540,'EMAIL ADMIN SENT','Email sent to the admin','a:1:{s:7:\"orderId\";i:1;}','Order is initially created'),(4,2,1,1396005895,'PLACE ORDER','Order placed','N;',''),(5,2,1,1396005895,'TRANSACTION','Payment transaction [method: Phone Ordering, type: sale, amount: 42.13, status: Pending]','N;',''),(6,2,1,1396005895,'EMAIL ADMIN SENT','Email sent to the admin','a:1:{s:7:\"orderId\";i:2;}','Order is initially created'),(7,3,1,1407005895,'PLACE ORDER','Order placed','N;',''),(8,3,1,1407005895,'TRANSACTION','Payment transaction [method: Phone Ordering, type: sale, amount: 158.94, status: Pending]','N;',''),(9,3,1,1407005895,'EMAIL ADMIN SENT','Email sent to the admin','a:1:{s:7:\"orderId\";i:3;}','Order is initially created'),(10,4,1,1452604435,'PLACE ORDER','Order placed','a:1:{s:7:\"orderId\";i:4;}',''),(11,4,1,1452604436,'TRANSACTION','Back end payment transaction [method: Simplify Commerce Hosted Payments, type: sale, amount: 38.01, status: Failed] [initial request]','N;',''),(12,4,1,1452604436,'TRANSACTION','Payment transaction [method: Simplify Commerce Hosted Payments, type: sale, amount: 38.01, status: Failed]','N;',''),(13,4,1,1452604437,'CHANGE PAYMENT STATUS ORDER','Order payment status changed from {{oldStatus}} to {{newStatus}}','a:3:{s:7:\"orderId\";i:4;s:9:\"newStatus\";s:8:\"Declined\";s:9:\"oldStatus\";s:16:\"Awaiting payment\";}',''),(14,4,1,1452604501,'CHANGE PAYMENT STATUS ORDER','Order payment status changed from {{oldStatus}} to {{newStatus}}','a:3:{s:7:\"orderId\";i:4;s:9:\"newStatus\";s:16:\"Awaiting payment\";s:9:\"oldStatus\";s:8:\"Declined\";}',''),(15,4,1,1452604502,'TRANSACTION','Back end payment transaction [method: Simplify Commerce Hosted Payments, type: sale, amount: 38.01, status: Failed] [initial request]','N;',''),(16,4,1,1452604502,'TRANSACTION','Payment transaction [method: Simplify Commerce Hosted Payments, type: sale, amount: 38.01, status: Failed]','N;',''),(17,4,1,1452604502,'CHANGE PAYMENT STATUS ORDER','Order payment status changed from {{oldStatus}} to {{newStatus}}','a:3:{s:7:\"orderId\";i:4;s:9:\"newStatus\";s:8:\"Declined\";s:9:\"oldStatus\";s:16:\"Awaiting payment\";}',''),(18,5,1,1452604702,'PLACE ORDER','Order placed','N;',''),(19,5,1,1452604702,'TRANSACTION','Payment transaction [method: Money Ordering, type: sale, amount: 352.81, status: Pending]','N;',''),(20,5,1,1452604702,'EMAIL ADMIN SENT','Email sent to the admin','a:1:{s:7:\"orderId\";i:5;}','Order is initially created');
CREATE TABLE `xlite_order_item_attribute_values` (
  `id` int(10) unsigned NOT NULL AUTO_INCREMENT,
  `item_id` int(11) DEFAULT NULL,
  `attribute_value_checkbox_id` int(10) unsigned DEFAULT NULL,
  `attribute_value_select_id` int(10) unsigned DEFAULT NULL,
  `attribute_value_text_id` int(10) unsigned DEFAULT NULL,
  `name` varchar(255) COLLATE utf8_unicode_ci NOT NULL,
  `value` varchar(255) COLLATE utf8_unicode_ci NOT NULL,
  `attributeId` int(10) unsigned NOT NULL,
  PRIMARY KEY (`id`),
  KEY `IDX_46E30CEA126F525E` (`item_id`),
  KEY `IDX_46E30CEA571B5A02` (`attribute_value_checkbox_id`),
  KEY `IDX_46E30CEAA16D6CC9` (`attribute_value_select_id`),
  KEY `IDX_46E30CEA27A31B4D` (`attribute_value_text_id`),
  CONSTRAINT `FK_46E30CEA27A31B4D` FOREIGN KEY (`attribute_value_text_id`) REFERENCES `xlite_attribute_values_text` (`id`) ON DELETE SET NULL,
  CONSTRAINT `FK_46E30CEA126F525E` FOREIGN KEY (`item_id`) REFERENCES `xlite_order_items` (`item_id`) ON DELETE CASCADE,
  CONSTRAINT `FK_46E30CEA571B5A02` FOREIGN KEY (`attribute_value_checkbox_id`) REFERENCES `xlite_attribute_values_checkbox` (`id`) ON DELETE SET NULL,
  CONSTRAINT `FK_46E30CEAA16D6CC9` FOREIGN KEY (`attribute_value_select_id`) REFERENCES `xlite_attribute_values_select` (`id`) ON DELETE SET NULL
) ENGINE=InnoDB DEFAULT CHARSET=utf8 COLLATE=utf8_unicode_ci;
CREATE TABLE `xlite_order_item_surcharges` (
  `id` int(10) unsigned NOT NULL AUTO_INCREMENT,
  `item_id` int(11) DEFAULT NULL,
  `type` char(8) COLLATE utf8_unicode_ci NOT NULL,
  `code` varchar(128) COLLATE utf8_unicode_ci NOT NULL,
  `class` varchar(255) COLLATE utf8_unicode_ci NOT NULL,
  `include` tinyint(1) NOT NULL,
  `available` tinyint(1) NOT NULL,
  `value` decimal(14,4) NOT NULL,
  `name` varchar(255) COLLATE utf8_unicode_ci NOT NULL,
  `weight` int(11) NOT NULL,
  PRIMARY KEY (`id`),
  KEY `IDX_F9394518126F525E` (`item_id`),
  CONSTRAINT `FK_F9394518126F525E` FOREIGN KEY (`item_id`) REFERENCES `xlite_order_items` (`item_id`) ON DELETE CASCADE
) ENGINE=InnoDB DEFAULT CHARSET=utf8 COLLATE=utf8_unicode_ci;
CREATE TABLE `xlite_order_items` (
  `item_id` int(11) NOT NULL AUTO_INCREMENT,
  `object_id` int(10) unsigned DEFAULT NULL,
  `order_id` int(11) DEFAULT NULL,
  `categoryAdded` varchar(255) COLLATE utf8_unicode_ci DEFAULT NULL,
  `xpcFakeItem` tinyint(1) NOT NULL,
  `name` varchar(255) COLLATE utf8_unicode_ci NOT NULL,
  `sku` varchar(32) COLLATE utf8_unicode_ci NOT NULL,
  `price` decimal(14,4) NOT NULL COMMENT '(DC2Type:money)',
  `itemNetPrice` decimal(14,4) NOT NULL,
  `discountedSubtotal` decimal(14,4) NOT NULL,
  `amount` int(11) NOT NULL,
  `total` decimal(14,4) NOT NULL,
  `subtotal` decimal(14,4) NOT NULL,
  `object_type` varchar(16) COLLATE utf8_unicode_ci NOT NULL,
  PRIMARY KEY (`item_id`),
  KEY `IDX_4693C0A18D9F6D38` (`order_id`),
  KEY `ooo` (`order_id`,`object_type`,`object_id`),
  KEY `object_id` (`object_id`),
  KEY `price` (`price`),
  KEY `amount` (`amount`),
  CONSTRAINT `FK_4693C0A18D9F6D38` FOREIGN KEY (`order_id`) REFERENCES `xlite_orders` (`order_id`) ON DELETE CASCADE,
  CONSTRAINT `FK_4693C0A1232D562B` FOREIGN KEY (`object_id`) REFERENCES `xlite_products` (`product_id`) ON DELETE SET NULL
) ENGINE=InnoDB DEFAULT CHARSET=utf8 COLLATE=utf8_unicode_ci;
INSERT INTO `xlite_order_items` VALUES (1,13,1,'',0,'Vinyl Idolz: Ghostbusters','1204',19.9900,19.9900,16.9900,1,19.9900,19.9900,'product'),(2,3,2,'',0,'Spiderman Selfie Ladies\' Tee','12030',19.9900,19.9900,39.9800,2,39.9800,39.9800,'product'),(3,12,3,'',0,'Minions Pop Vinyl Figures','12022',9.9900,9.9900,59.9400,6,59.9400,59.9400,'product'),(4,17,3,'',0,'Ollie - The App Controlled Robot','12026',99.0000,99.0000,99.9900,1,99.0000,99.0000,'product'),(5,10,4,'',0,'Ewok Ladies Hooded Tank Top','100ewl',34.9900,34.9900,34.9900,1,34.9900,34.9900,'product'),(6,15,5,'',0,'Soft Kitty Singing Plush [Sale] [Reviews]','12029',29.9900,25.4900,305.8800,12,305.8800,305.8800,'product'),(7,27,5,'',0,'Superhero Mom Mug','12035',12.9900,6.4900,45.4300,7,45.4300,45.4300,'product');
CREATE TABLE `xlite_order_modifiers` (
  `id` int(10) unsigned NOT NULL AUTO_INCREMENT,
  `class` varchar(255) COLLATE utf8_unicode_ci NOT NULL,
  `weight` int(11) NOT NULL,
  PRIMARY KEY (`id`)
) ENGINE=InnoDB DEFAULT CHARSET=utf8 COLLATE=utf8_unicode_ci;
INSERT INTO `xlite_order_modifiers` VALUES (1,'\\XLite\\Logic\\Order\\Modifier\\Shipping',100),(2,'\\XLite\\Module\\CDev\\Coupons\\Logic\\Order\\Modifier\\Discount',200),(3,'\\XLite\\Module\\CDev\\VolumeDiscounts\\Logic\\Order\\Modifier\\Discount',100),(4,'\\XLite\\Module\\QSL\\SpecialOffersBase\\Logic\\Order\\Modifier\\SpecialOffers',90),(5,'\\XLite\\Module\\CDev\\SalesTax\\Logic\\Order\\Modifier\\Tax',1100);
CREATE TABLE `xlite_order_payment_status_translations` (
  `label_id` int(11) NOT NULL AUTO_INCREMENT,
  `id` int(10) unsigned DEFAULT NULL,
  `name` varchar(255) COLLATE utf8_unicode_ci NOT NULL,
  `customerName` varchar(255) COLLATE utf8_unicode_ci DEFAULT NULL,
  `code` char(2) COLLATE utf8_unicode_ci NOT NULL,
  PRIMARY KEY (`label_id`),
  KEY `ci` (`code`,`id`),
  KEY `id` (`id`),
  CONSTRAINT `FK_702453C2BF396750` FOREIGN KEY (`id`) REFERENCES `xlite_order_payment_statuses` (`id`) ON DELETE CASCADE
) ENGINE=InnoDB DEFAULT CHARSET=utf8 COLLATE=utf8_unicode_ci;
INSERT INTO `xlite_order_payment_status_translations` VALUES (1,1,'Awaiting payment','Awaiting payment','en'),(2,2,'Authorized','Authorization hold','en'),(3,3,'Partially Paid','Partially Paid','en'),(4,4,'Paid','Paid','en'),(5,5,'Declined','Declined','en'),(6,6,'Cancelled','Cancelled','en'),(7,7,'Refunded','Refunded','en');
CREATE TABLE `xlite_order_payment_statuses` (
  `id` int(10) unsigned NOT NULL AUTO_INCREMENT,
  `code` char(4) COLLATE utf8_unicode_ci DEFAULT NULL,
  `position` int(11) NOT NULL,
  PRIMARY KEY (`id`),
  UNIQUE KEY `UNIQ_A2C34C8E77153098` (`code`),
  KEY `code` (`code`)
) ENGINE=InnoDB DEFAULT CHARSET=utf8 COLLATE=utf8_unicode_ci;
INSERT INTO `xlite_order_payment_statuses` VALUES (1,'Q',10),(2,'A',20),(3,'PP',30),(4,'P',40),(5,'D',50),(6,'C',60),(7,'R',70);
CREATE TABLE `xlite_order_shipping_status_translations` (
  `label_id` int(11) NOT NULL AUTO_INCREMENT,
  `id` int(10) unsigned DEFAULT NULL,
  `name` varchar(255) COLLATE utf8_unicode_ci NOT NULL,
  `customerName` varchar(255) COLLATE utf8_unicode_ci DEFAULT NULL,
  `code` char(2) COLLATE utf8_unicode_ci NOT NULL,
  PRIMARY KEY (`label_id`),
  KEY `ci` (`code`,`id`),
  KEY `id` (`id`),
  CONSTRAINT `FK_53DEE45BBF396750` FOREIGN KEY (`id`) REFERENCES `xlite_order_shipping_statuses` (`id`) ON DELETE CASCADE
) ENGINE=InnoDB DEFAULT CHARSET=utf8 COLLATE=utf8_unicode_ci;
INSERT INTO `xlite_order_shipping_status_translations` VALUES (1,1,'New','New','en'),(2,2,'Processing','Processing','en'),(3,3,'Shipped','Shipped','en'),(4,4,'Delivered','Delivered','en'),(5,5,'Will Not Deliver','Will Not Deliver','en'),(6,6,'Returned','Returned','en');
CREATE TABLE `xlite_order_shipping_statuses` (
  `id` int(10) unsigned NOT NULL AUTO_INCREMENT,
  `code` char(4) COLLATE utf8_unicode_ci DEFAULT NULL,
  `position` int(11) NOT NULL,
  PRIMARY KEY (`id`),
  UNIQUE KEY `UNIQ_F46FC21177153098` (`code`),
  KEY `code` (`code`)
) ENGINE=InnoDB DEFAULT CHARSET=utf8 COLLATE=utf8_unicode_ci;
INSERT INTO `xlite_order_shipping_statuses` VALUES (1,'N',10),(2,'P',20),(3,'S',30),(4,'D',40),(5,'WND',50),(6,'R',60);
CREATE TABLE `xlite_order_status_properties` (
  `id` int(10) unsigned NOT NULL AUTO_INCREMENT,
  `payment_status_id` int(10) unsigned DEFAULT NULL,
  `shipping_status_id` int(10) unsigned DEFAULT NULL,
  `incStock` tinyint(1) DEFAULT NULL,
  PRIMARY KEY (`id`),
  KEY `payment_status` (`payment_status_id`),
  KEY `shipping_status` (`shipping_status_id`),
  CONSTRAINT `FK_A5E047EE2D02518A` FOREIGN KEY (`shipping_status_id`) REFERENCES `xlite_order_shipping_statuses` (`id`) ON DELETE CASCADE,
  CONSTRAINT `FK_A5E047EE28DE2F95` FOREIGN KEY (`payment_status_id`) REFERENCES `xlite_order_payment_statuses` (`id`) ON DELETE CASCADE
) ENGINE=InnoDB DEFAULT CHARSET=utf8 COLLATE=utf8_unicode_ci;
INSERT INTO `xlite_order_status_properties` VALUES (1,2,1,0),(2,2,2,0),(3,2,3,0),(4,2,4,0),(5,2,5,0),(6,2,6,0),(7,3,1,0),(8,3,2,0),(9,3,3,0),(10,3,4,0),(11,3,5,0),(12,3,6,0),(13,4,1,0),(14,4,2,0),(15,4,3,0),(16,4,4,0),(17,4,5,0),(18,4,6,0),(19,5,1,1),(20,5,2,1),(21,5,3,1),(22,5,4,1),(23,5,5,1),(24,5,6,1),(25,6,1,1),(26,6,2,1),(27,6,3,1),(28,6,4,1),(29,6,5,1),(30,6,6,1),(31,1,1,0),(32,1,2,0),(33,1,3,0),(34,1,4,0),(35,1,5,0),(36,1,6,0),(37,7,1,1),(38,7,2,1),(39,7,3,0),(40,7,4,0),(41,7,5,1),(42,7,6,1);
CREATE TABLE `xlite_order_surcharges` (
  `id` int(10) unsigned NOT NULL AUTO_INCREMENT,
  `order_id` int(11) DEFAULT NULL,
  `type` char(8) COLLATE utf8_unicode_ci NOT NULL,
  `code` varchar(128) COLLATE utf8_unicode_ci NOT NULL,
  `class` varchar(255) COLLATE utf8_unicode_ci NOT NULL,
  `include` tinyint(1) NOT NULL,
  `available` tinyint(1) NOT NULL,
  `value` decimal(14,4) NOT NULL,
  `name` varchar(255) COLLATE utf8_unicode_ci NOT NULL,
  `weight` int(11) NOT NULL,
  PRIMARY KEY (`id`),
  KEY `IDX_3583A1698D9F6D38` (`order_id`),
  CONSTRAINT `FK_3583A1698D9F6D38` FOREIGN KEY (`order_id`) REFERENCES `xlite_orders` (`order_id`) ON DELETE CASCADE
) ENGINE=InnoDB DEFAULT CHARSET=utf8 COLLATE=utf8_unicode_ci;
INSERT INTO `xlite_order_surcharges` VALUES (1,1,'shipping','SHIPPING','\\XLite\\Logic\\Order\\Modifier\\Shipping',0,1,1.5000,'Shipping cost',0),(2,1,'discount','DISCOUNT','\\XLite\\Module\\CDev\\VolumeDiscounts\\Logic\\Order\\Modifier\\Discount',0,1,-3.0000,'Discount',0),(3,2,'shipping','SHIPPING','\\XLite\\Logic\\Order\\Modifier\\Shipping',0,1,2.1500,'Shipping cost',0),(4,3,'shipping','SHIPPING','\\XLite\\Logic\\Order\\Modifier\\Shipping',0,1,0.0000,'Shipping cost',0),(5,4,'shipping','SHIPPING','\\XLite\\Logic\\Order\\Modifier\\Shipping',0,1,3.0200,'Shipping cost',0),(6,5,'shipping','SHIPPING','\\XLite\\Logic\\Order\\Modifier\\Shipping',0,1,1.5000,'Shipping cost',0);
CREATE TABLE `xlite_order_tracking_number` (
  `tracking_id` int(11) NOT NULL AUTO_INCREMENT,
  `order_id` int(11) DEFAULT NULL,
  `value` longtext COLLATE utf8_unicode_ci NOT NULL,
  PRIMARY KEY (`tracking_id`),
  KEY `IDX_77A238F48D9F6D38` (`order_id`),
  CONSTRAINT `FK_77A238F48D9F6D38` FOREIGN KEY (`order_id`) REFERENCES `xlite_orders` (`order_id`) ON DELETE CASCADE
) ENGINE=InnoDB DEFAULT CHARSET=utf8 COLLATE=utf8_unicode_ci;
CREATE TABLE `xlite_orders` (
  `order_id` int(11) NOT NULL AUTO_INCREMENT,
  `profile_id` int(11) DEFAULT NULL,
  `orig_profile_id` int(11) DEFAULT NULL,
  `payment_status_id` int(10) unsigned DEFAULT NULL,
  `shipping_status_id` int(10) unsigned DEFAULT NULL,
  `currency_id` int(10) unsigned DEFAULT NULL,
  `fraud_status_xpc` varchar(255) COLLATE utf8_unicode_ci NOT NULL,
  `fraud_type_xpc` varchar(255) COLLATE utf8_unicode_ci NOT NULL,
  `fraud_check_transaction_id` int(11) NOT NULL,
  `auctionIncPackage` longtext COLLATE utf8_unicode_ci COMMENT '(DC2Type:array)',
  `shipping_id` int(11) NOT NULL,
  `shipping_method_name` varchar(255) COLLATE utf8_unicode_ci DEFAULT NULL,
  `payment_method_name` varchar(255) COLLATE utf8_unicode_ci DEFAULT NULL,
  `tracking` varchar(32) COLLATE utf8_unicode_ci NOT NULL,
  `date` int(11) NOT NULL,
  `lastRenewDate` int(11) NOT NULL,
  `notes` longtext COLLATE utf8_unicode_ci NOT NULL,
  `adminNotes` longtext COLLATE utf8_unicode_ci NOT NULL,
  `orderNumber` varchar(255) COLLATE utf8_unicode_ci DEFAULT NULL,
  `recent` tinyint(1) NOT NULL,
  `xcPendingExport` tinyint(1) NOT NULL,
  `total` decimal(14,4) NOT NULL,
  `subtotal` decimal(14,4) NOT NULL,
  `is_order` int(11) NOT NULL,
  PRIMARY KEY (`order_id`),
  KEY `IDX_9A9BE335CCFA12B8` (`profile_id`),
  KEY `IDX_9A9BE335DBFEF46C` (`orig_profile_id`),
  KEY `IDX_9A9BE33538248176` (`currency_id`),
  KEY `date` (`date`),
  KEY `total` (`total`),
  KEY `subtotal` (`subtotal`),
  KEY `tracking` (`tracking`),
  KEY `payment_status` (`payment_status_id`),
  KEY `shipping_status` (`shipping_status_id`),
  KEY `shipping_id` (`shipping_id`),
  KEY `lastRenewDate` (`lastRenewDate`),
  KEY `orderNumber` (`orderNumber`),
  CONSTRAINT `FK_9A9BE33538248176` FOREIGN KEY (`currency_id`) REFERENCES `xlite_currencies` (`currency_id`) ON DELETE CASCADE,
  CONSTRAINT `FK_9A9BE33528DE2F95` FOREIGN KEY (`payment_status_id`) REFERENCES `xlite_order_payment_statuses` (`id`) ON DELETE SET NULL,
  CONSTRAINT `FK_9A9BE3352D02518A` FOREIGN KEY (`shipping_status_id`) REFERENCES `xlite_order_shipping_statuses` (`id`) ON DELETE SET NULL,
  CONSTRAINT `FK_9A9BE335CCFA12B8` FOREIGN KEY (`profile_id`) REFERENCES `xlite_profiles` (`profile_id`) ON DELETE CASCADE,
  CONSTRAINT `FK_9A9BE335DBFEF46C` FOREIGN KEY (`orig_profile_id`) REFERENCES `xlite_profiles` (`profile_id`) ON DELETE SET NULL
) ENGINE=InnoDB DEFAULT CHARSET=utf8 COLLATE=utf8_unicode_ci;
INSERT INTO `xlite_orders` VALUES (1,2,1,4,4,840,'','',0,'a:0:{}',127,'Courier','','',1394005540,1483703409,'','','1',0,0,18.4900,19.9900,1),(2,3,1,4,4,840,'','',0,'a:0:{}',127,'Courier','','',1396005895,1483703409,'','','2',1,0,42.1300,39.9800,1),(3,4,1,4,4,840,'','',0,'a:0:{}',127,'Courier','','',1407005895,1483703409,'','','3',1,0,158.9400,158.9400,1),(4,5,1,5,5,840,'','',0,'a:0:{}',127,'Courier','Simplify Commerce Hosted Payments','',1452604403,1483703409,'','','4',1,0,38.0100,34.9900,1),(5,6,1,4,4,840,'','',0,'a:0:{}',127,'Courier','','',1452604702,1483703409,'','','5',0,0,352.8100,351.3100,1);
CREATE TABLE `xlite_page_images` (
  `id` int(10) unsigned NOT NULL AUTO_INCREMENT,
  `page_id` int(10) unsigned DEFAULT NULL,
  `width` int(11) NOT NULL,
  `height` int(11) NOT NULL,
  `hash` char(32) COLLATE utf8_unicode_ci DEFAULT NULL,
  `needProcess` tinyint(1) NOT NULL,
  `path` varchar(512) COLLATE utf8_unicode_ci NOT NULL,
  `fileName` varchar(255) COLLATE utf8_unicode_ci NOT NULL,
  `mime` varchar(128) COLLATE utf8_unicode_ci NOT NULL,
  `storageType` varchar(1) COLLATE utf8_unicode_ci NOT NULL,
  `size` int(10) unsigned NOT NULL,
  `date` int(10) unsigned NOT NULL,
  PRIMARY KEY (`id`),
  UNIQUE KEY `UNIQ_ABDA1565C4663E4` (`page_id`),
  CONSTRAINT `FK_ABDA1565C4663E4` FOREIGN KEY (`page_id`) REFERENCES `xlite_pages` (`id`) ON DELETE CASCADE
) ENGINE=InnoDB DEFAULT CHARSET=utf8 COLLATE=utf8_unicode_ci;
CREATE TABLE `xlite_page_translations` (
  `label_id` int(11) NOT NULL AUTO_INCREMENT,
  `id` int(10) unsigned DEFAULT NULL,
  `name` varchar(255) COLLATE utf8_unicode_ci NOT NULL,
  `teaser` longtext COLLATE utf8_unicode_ci NOT NULL,
  `body` longtext COLLATE utf8_unicode_ci NOT NULL,
  `metaKeywords` longtext COLLATE utf8_unicode_ci NOT NULL,
  `metaTitle` varchar(255) COLLATE utf8_unicode_ci NOT NULL,
  `code` char(2) COLLATE utf8_unicode_ci NOT NULL,
  PRIMARY KEY (`label_id`),
  KEY `ci` (`code`,`id`),
  KEY `id` (`id`),
  CONSTRAINT `FK_D4ABAC0BF396750` FOREIGN KEY (`id`) REFERENCES `xlite_pages` (`id`) ON DELETE CASCADE
) ENGINE=InnoDB DEFAULT CHARSET=utf8 COLLATE=utf8_unicode_ci;
INSERT INTO `xlite_page_translations` VALUES (1,1,'Terms and conditions','Terms and conditions','<p>Terms and conditions text</p><p>To replace this text with the actual Terms and conditions, go to the \"Content -> Pages\" section, open the \"Terms & Conditions\" page and edit the \"Content\" field.</p>','','','en'),(2,1,'Условия использования','Условия использования','<p>Чтобы разместить на этой странице Ваш собственный текст \"Условия использования\", перейдите в раздел \"Содержание -> Страницы\", откройте для редактирования страницу \"Условия использования\" и добавьте требуемый текст в поле \"Содержание\".</p>','','','ru'),(3,1,'条款约定','条款约定','<p>内容描述</p><p>要替代该条款内的内容，请到&ldquo;内容-网页&ldquo;中进行设置，打开页面编辑并在这里编辑内容栏目。</p>','','','zh'),(4,2,'Shipping','Shipping teaser','<p>This page is intended for your store\'s shipping policy.</p><p>Here you can provide general information about the available shipping options and rates, shipping turn-around times, size and weight limits for shipping, shipping restrictions, order tracking, and so on.</p><p></p><p>To replace this text with the actual delivery information, go to the \"Content -> Pages\" section, open the \"Shipping\" page and edit the \"Content\" field.</p>','','','en'),(5,2,'Доставка','Доставка','<p>Чтобы разместить на этой странице Ваш собственный текст \"Доставка\", перейдите в раздел \"Содержание -> Страницы\", откройте для редактирования страницу \"Доставка\" и добавьте требуемый текст в поле \"Содержание\".</p>','','','ru'),(6,2,'关于运输','关于运输','<p>关于运输的内容</p><p>要设置该页面的运输项目内容，请到&rdquo;内容-页面&rdquo;中打开关于运输页面进行修改。</p>','','','zh');
CREATE TABLE `xlite_pages` (
  `id` int(10) unsigned NOT NULL AUTO_INCREMENT,
  `ogMeta` longtext COLLATE utf8_unicode_ci NOT NULL,
  `showSocialButtons` tinyint(1) NOT NULL,
  `enabled` tinyint(1) NOT NULL,
  `metaDescType` varchar(1) COLLATE utf8_unicode_ci NOT NULL,
  PRIMARY KEY (`id`),
  KEY `enabled` (`enabled`)
) ENGINE=InnoDB DEFAULT CHARSET=utf8 COLLATE=utf8_unicode_ci;
INSERT INTO `xlite_pages` VALUES (1,'',0,1,'A'),(2,'',0,1,'A');
CREATE TABLE `xlite_payment_backend_transaction_data` (
  `data_id` int(11) NOT NULL AUTO_INCREMENT,
  `backend_transaction_id` int(11) DEFAULT NULL,
  `name` varchar(128) COLLATE utf8_unicode_ci NOT NULL,
  `label` varchar(255) COLLATE utf8_unicode_ci NOT NULL,
  `access_level` char(1) COLLATE utf8_unicode_ci NOT NULL,
  `value` longtext COLLATE utf8_unicode_ci NOT NULL,
  PRIMARY KEY (`data_id`),
  KEY `IDX_BE43AC028167CC5C` (`backend_transaction_id`),
  KEY `tn` (`backend_transaction_id`,`name`),
  CONSTRAINT `FK_BE43AC028167CC5C` FOREIGN KEY (`backend_transaction_id`) REFERENCES `xlite_payment_backend_transactions` (`id`) ON DELETE CASCADE
) ENGINE=InnoDB DEFAULT CHARSET=utf8 COLLATE=utf8_unicode_ci;
CREATE TABLE `xlite_payment_backend_transactions` (
  `id` int(11) NOT NULL AUTO_INCREMENT,
  `transaction_id` int(11) DEFAULT NULL,
  `date` int(11) NOT NULL,
  `status` char(1) COLLATE utf8_unicode_ci NOT NULL,
  `value` decimal(14,4) NOT NULL,
  `type` varchar(20) COLLATE utf8_unicode_ci NOT NULL,
  PRIMARY KEY (`id`),
  KEY `IDX_808A7FC32FC0CB0F` (`transaction_id`),
  KEY `td` (`transaction_id`,`date`),
  CONSTRAINT `FK_808A7FC32FC0CB0F` FOREIGN KEY (`transaction_id`) REFERENCES `xlite_payment_transactions` (`transaction_id`) ON DELETE CASCADE
) ENGINE=InnoDB DEFAULT CHARSET=utf8 COLLATE=utf8_unicode_ci;
CREATE TABLE `xlite_payment_method_settings` (
  `setting_id` int(11) NOT NULL AUTO_INCREMENT,
  `method_id` int(11) DEFAULT NULL,
  `name` varchar(128) COLLATE utf8_unicode_ci NOT NULL,
  `value` longtext COLLATE utf8_unicode_ci NOT NULL,
  PRIMARY KEY (`setting_id`),
  KEY `IDX_33B9DA0019883967` (`method_id`),
  KEY `mn` (`method_id`,`name`),
  CONSTRAINT `FK_33B9DA0019883967` FOREIGN KEY (`method_id`) REFERENCES `xlite_payment_methods` (`method_id`) ON DELETE CASCADE
) ENGINE=InnoDB DEFAULT CHARSET=utf8 COLLATE=utf8_unicode_ci;
INSERT INTO `xlite_payment_method_settings` VALUES (1,8,'vendor',''),(2,8,'user',''),(3,8,'pwd',''),(4,8,'partner','PayPal'),(5,8,'prefix','mystore_'),(6,8,'transaction_type','S'),(7,8,'mode','test'),(8,8,'buyNowEnabled','1'),(9,9,'vendor',''),(10,9,'user',''),(11,9,'pwd',''),(12,9,'partner','PayPal'),(13,9,'prefix','mystore_'),(14,9,'transaction_type','S'),(15,9,'mode','test'),(16,10,'vendor',''),(17,10,'user',''),(18,10,'pwd',''),(19,10,'partner','PayPal'),(20,10,'prefix','mystore_'),(21,10,'transaction_type','S'),(22,10,'mode','test'),(23,10,'buyNowEnabled','1'),(24,11,'account',''),(25,11,'description',''),(26,11,'prefix','mystore_'),(27,11,'mode','test'),(28,12,'api_type','email'),(29,12,'email',''),(30,12,'api_solution','paypal'),(31,12,'vendor',''),(32,12,'user',''),(33,12,'pwd',''),(34,12,'partner','PayPal'),(35,12,'api_username',''),(36,12,'api_password',''),(37,12,'auth_method','signature'),(38,12,'signature',''),(39,12,'certificate',''),(40,12,'prefix','mystore_'),(41,12,'transaction_type','S'),(42,12,'mode','test'),(43,12,'merchantId',''),(44,12,'buyNowEnabled','1'),(45,13,'enabled','1'),(46,13,'agreement','N'),(47,13,'email',''),(48,13,'publisherId',''),(49,13,'bannerOnHomePage','D'),(50,13,'bannerOnCategoryPages','D'),(51,13,'bannerOnProductDetailsPages','A'),(52,13,'bannerOnCartPage','C'),(53,14,'app_id',''),(54,14,'api_username',''),(55,14,'api_password',''),(56,14,'signature',''),(57,14,'paypal_login',''),(58,14,'partner','PayPal'),(59,14,'feesPayer','PRIMARYRECEIVER'),(60,14,'matchCriteria','name'),(61,14,'prefix','mystore_'),(62,14,'transaction_type','S'),(63,14,'mode','test'),(64,14,'buyNowEnabled','1'),(65,16,'login',''),(66,16,'key',''),(67,16,'type','sale'),(68,16,'test','1'),(69,16,'prefix','xcart'),(70,16,'md5_key',''),(71,60,'login',''),(72,60,'prefix','xcart'),(73,60,'hash',''),(74,60,'include_response','N'),(75,61,'account',''),(76,61,'secret',''),(77,61,'language','en'),(78,61,'mode','test'),(79,61,'prefix','xcart'),(80,61,'currency','USD'),(81,63,'pspid',''),(82,63,'sha_in',''),(83,63,'sha_out',''),(84,63,'currency','GBP'),(85,63,'test','1'),(86,63,'prefix','xcart_'),(87,63,'debug_enabled','0'),(88,64,'merchant_id',''),(89,64,'subid','0'),(90,64,'pub_cert','rabobank.cer'),(91,64,'pub_key',''),(92,64,'private_key',''),(93,64,'private_key_pass',''),(94,64,'currency','EUR'),(95,64,'test','Y'),(96,64,'prefix','xcart_'),(97,64,'debug_enabled','0'),(98,65,'vendorName',''),(99,65,'password',''),(100,65,'type','sale'),(101,65,'test','1'),(102,65,'prefix','xcart'),(103,66,'publishKey',''),(104,66,'accessToken',''),(105,66,'publishKeyTest',''),(106,66,'accessTokenTest',''),(107,66,'mode','live'),(108,66,'type','sale'),(109,66,'prefix','xcart'),(110,67,'pspid',''),(111,67,'shaIn',''),(112,67,'shaOut',''),(113,67,'prefix','xcart'),(114,67,'mode','test'),(115,68,'store_id',''),(116,68,'hpp_key',''),(117,68,'mode','test'),(118,68,'prefix','xcart'),(119,68,'currency','USD');
CREATE TABLE `xlite_payment_method_translations` (
  `label_id` int(11) NOT NULL AUTO_INCREMENT,
  `id` int(11) DEFAULT NULL,
  `name` varchar(255) COLLATE utf8_unicode_ci NOT NULL,
  `title` varchar(255) COLLATE utf8_unicode_ci NOT NULL,
  `description` longtext COLLATE utf8_unicode_ci NOT NULL,
  `adminDescription` longtext COLLATE utf8_unicode_ci NOT NULL,
  `altAdminDescription` longtext COLLATE utf8_unicode_ci NOT NULL,
  `instruction` longtext COLLATE utf8_unicode_ci NOT NULL,
  `code` char(2) COLLATE utf8_unicode_ci NOT NULL,
  PRIMARY KEY (`label_id`),
  KEY `ci` (`code`,`id`),
  KEY `id` (`id`),
  CONSTRAINT `FK_9FBF065BF396750` FOREIGN KEY (`id`) REFERENCES `xlite_payment_methods` (`method_id`) ON DELETE CASCADE
) ENGINE=InnoDB DEFAULT CHARSET=utf8 COLLATE=utf8_unicode_ci;
INSERT INTO `xlite_payment_method_translations` VALUES (1,1,'Purchase Order','','','','','','en'),(2,2,'Phone Ordering','','Phone: (555) 555-5555','','','','en'),(3,2,'Заказ по телефону','','Тел. (555) 555-5555','','','','ru'),(4,3,'Fax Ordering','','Fax: (555) 555-5555','','','','en'),(5,4,'Money Order','','US Banks Only','','','','en'),(6,5,'Check','','Check payment','','','','en'),(7,6,'COD','','Cash On Delivery','','','','en'),(8,7,'Cash on Delivery (FedEx)','','','','','','en'),(9,8,'PayPal Payflow Link','Credit/Debit card or PayPal','','','Accept Visa, MasterCard®, American Express, Discover and PayPal payments on your site by connecting a PayPal-hosted checkout page with your own internet merchant account. Customize the page to look like the rest of your site and make sure customer transactions are secure.','','en'),(10,9,'PayPal Partner Hosted with PCI Compliance','Credit/Debit card','','','PCI compliant payments on your site with Visa, MasterCard, American Express and Discover - without PayPal-hosted pages. Maintain full control over your customers\' checkout experience by providing a credit card form that will post your customers\' payment details from your site\'s native checkout page directly to the Gateway server.','','en'),(11,10,'PayPal Payments Advanced','Credit/Debit card or PayPal','','','Accept Visa, MasterCard®, American Express, Discover and PayPal payments securely. With this all-in-one option, customers stay on your site for the entire checkout process. It simplifies PCI compliance and opens the door to more than 100 million active PayPal customers. Requires credit approval (2-3 business days).','','en'),(12,11,'PayPal Payments Standard','PayPal','','','Add a PayPal payment button to your site to accept Visa, MasterCard®, American Express, Discover and PayPal payments securely. When your customers check out, they are redirected to PayPal to pay, then return to your site after they are finished.','','en'),(13,12,'PayPal Express Checkout','PayPal Express Checkout','','','Create a seamless checkout experience and increase your conversion rate by opening the door to over 100 million active PayPal customers who look for and use this fast, easy, and secure way to pay.','','en'),(14,13,'PayPal Credit','PayPal Credit','','','','','en'),(15,14,'PayPal Adaptive payments','PayPal','','','This method provides automatic transfer of payments to vendor users (the type of users enabled by the Multi-vendor module). The method may not be activated unless the module <a href=\'admin.php?target=addons_list_marketplace&moduleName=XC\\MultiVendor\' target=\'_blank\'>Multi-vendor</a> is installed and enabled. To use this method, store administrator is required to have an Application ID for PayPal Adaptive Payments API.','','en'),(16,15,'Cash on Delivery (UPS)','','','','','','en'),(17,16,'Authorize.Net SIM','','','','','','en'),(18,17,'Skrill Wallet','','','','','','en'),(19,18,'Skrill All Card Types','','','','','','en'),(20,19,'Skrill Visa','','','','','','en'),(21,20,'Skrill MasterCard','','','','','','en'),(22,21,'Skrill Visa Delta/Debit','','','','','','en'),(23,22,'Skrill Visa Electron','','','','','','en'),(24,23,'Skrill Maestro','','','','','','en'),(25,24,'Skrill Solo','','','','','','en'),(26,25,'Skrill American Express','','','','','','en'),(27,26,'Skrill Diners','','','','','','en'),(28,27,'Skrill JCB','','','','','','en'),(29,28,'Skrill Laser','','','','','','en'),(30,29,'Skrill Carte Bleue','','','','','','en'),(31,30,'Skrill Dankort','','','','','','en'),(32,31,'Skrill PostePay','','','','','','en'),(33,32,'Skrill CartaSi','','','','','','en'),(34,33,'Skrill Online Bank Transfer','','','','','','en'),(35,34,'Skrill Giropay','','','','','','en'),(36,35,'Skrill Direct Debit / ELV','','','','','','en'),(37,36,'Skrill Sofortueberweisung','','','','','','en'),(38,37,'Skrill Nordea Solo','','','','','','en'),(39,38,'Skrill iDEAL','','','','','','en'),(40,39,'Skrill EPS (Netpay)','','','','','','en'),(41,40,'Skrill POLi','','','','','','en'),(42,41,'Skrill All Polish Banks','','','','','','en'),(43,42,'Skrill ING Bank Śląski','','','','','','en'),(44,43,'Skrill PKO BP (PKO Inteligo)','','','','','','en'),(45,44,'Skrill Multibank (Multitransfer)','','','','','','en'),(46,45,'Skrill Lukas Bank','','','','','','en'),(47,46,'Skrill Bank BPH','','','','','','en'),(48,47,'Skrill InvestBank','','','','','','en'),(49,48,'Skrill PeKaO S.A.','','','','','','en'),(50,49,'Skrill Citibank handlowy','','','','','','en'),(51,50,'Skrill Bank Zachodni WBK (Przelew24)','','','','','','en'),(52,51,'Skrill BGŻ','','','','','','en'),(53,52,'Skrill Millenium','','','','','','en'),(54,53,'Skrill mBank (mTransfer)','','','','','','en'),(55,54,'Skrill Płacę z Inteligo','','','','','','en'),(56,55,'Skrill Bank Ochrony Środowiska','','','','','','en'),(57,56,'Skrill Nordea','','','','','','en'),(58,57,'Skrill Fortis Bank','','','','','','en'),(59,58,'Skrill Deutsche Bank PBC S.A.','','','','','','en'),(60,59,'Skrill ePay.bg','','','','','','en'),(61,60,'QuantumGateway','','','','','','en'),(62,61,'2Checkout.com','','','','','','en'),(63,62,'Cash on Delivery (USPS)','','','','','','en'),(64,63,'Barclaycard ePDQ e-Commerce','','','','','','en'),(65,64,'iDEAL Professional (Rabobank)','','','','','','en'),(66,65,'Sage Pay form protocol','','','','','','en'),(67,66,'Stripe','','','','','','en'),(68,67,'Ingenico Payment Services (Ogone)','','','','','','en'),(69,68,'Moneris (eSELECTplus- Hosted Pay Page)','','','','','','en');
CREATE TABLE `xlite_payment_methods` (
  `method_id` int(11) NOT NULL AUTO_INCREMENT,
  `service_name` varchar(128) COLLATE utf8_unicode_ci NOT NULL,
  `class` varchar(255) COLLATE utf8_unicode_ci NOT NULL,
  `moduleName` varchar(255) COLLATE utf8_unicode_ci NOT NULL,
  `orderby` int(11) NOT NULL,
  `adminOrderby` int(11) NOT NULL,
  `enabled` tinyint(1) NOT NULL,
  `moduleEnabled` tinyint(1) NOT NULL,
  `added` tinyint(1) NOT NULL,
  `type` char(1) COLLATE utf8_unicode_ci NOT NULL,
  `fromMarketplace` tinyint(1) NOT NULL,
  `iconURL` varchar(255) COLLATE utf8_unicode_ci DEFAULT NULL,
  `countries` longtext COLLATE utf8_unicode_ci COMMENT '(DC2Type:array)',
  `exCountries` longtext COLLATE utf8_unicode_ci COMMENT '(DC2Type:array)',
  PRIMARY KEY (`method_id`),
  KEY `orderby` (`orderby`),
  KEY `class` (`class`,`enabled`),
  KEY `enabled` (`enabled`)
) ENGINE=InnoDB DEFAULT CHARSET=utf8 COLLATE=utf8_unicode_ci;
INSERT INTO `xlite_payment_methods` VALUES (1,'PurchaseOrder','Model\\Payment\\Processor\\PurchaseOrder','',20,0,0,1,1,'O',0,NULL,'N;','N;'),(2,'PhoneOrdering','Model\\Payment\\Processor\\PhoneOrdering','',30,0,1,1,1,'O',0,NULL,'N;','N;'),(3,'FaxOrdering','Model\\Payment\\Processor\\Offline','',40,0,1,1,1,'O',0,NULL,'N;','N;'),(4,'MoneyOrdering','Model\\Payment\\Processor\\Offline','',50,0,1,1,1,'O',0,NULL,'N;','N;'),(5,'Echeck','Model\\Payment\\Processor\\Check','',60,0,0,1,1,'O',0,NULL,'N;','N;'),(6,'COD','Model\\Payment\\Processor\\Offline','',70,0,1,1,1,'O',0,NULL,'N;','N;'),(7,'COD_FEDEX','Module\\CDev\\FedEx\\Model\\Payment\\Processor\\COD','CDev_FedEx',0,0,0,1,1,'O',0,NULL,'a:2:{i:0;s:2:\"CA\";i:1;s:2:\"US\";}','N;'),(8,'PayflowLink','Module\\CDev\\Paypal\\Model\\Payment\\Processor\\PayflowLink','CDev_Paypal',-10600,0,0,1,0,'C',0,NULL,'a:4:{i:0;s:2:\"US\";i:1;s:2:\"CA\";i:2;s:2:\"AU\";i:3;s:2:\"NZ\";}','N;'),(9,'PayflowTransparentRedirect','Module\\CDev\\Paypal\\Model\\Payment\\Processor\\PayflowTransparentRedirect','CDev_Paypal',-10650,0,0,1,0,'C',0,NULL,'a:4:{i:0;s:2:\"US\";i:1;s:2:\"CA\";i:2;s:2:\"AU\";i:3;s:2:\"NZ\";}','N;'),(10,'PaypalAdvanced','Module\\CDev\\Paypal\\Model\\Payment\\Processor\\PaypalAdvanced','CDev_Paypal',-10700,0,0,1,0,'C',0,NULL,'a:2:{i:0;s:2:\"US\";i:1;s:2:\"CA\";}','N;'),(11,'PaypalWPS','Module\\CDev\\Paypal\\Model\\Payment\\Processor\\PaypalWPS','CDev_Paypal',-10800,0,0,1,0,'A',0,NULL,'a:24:{i:0;s:2:\"US\";i:1;s:2:\"CA\";i:2;s:2:\"MX\";i:3;s:2:\"BE\";i:4;s:2:\"DK\";i:5;s:2:\"FR\";i:6;s:2:\"DE\";i:7;s:2:\"IE\";i:8;s:2:\"IT\";i:9;s:2:\"LU\";i:10;s:2:\"NL\";i:11;s:2:\"NO\";i:12;s:2:\"PL\";i:13;s:2:\"RU\";i:14;s:2:\"JP\";i:15;s:2:\"ES\";i:16;s:2:\"NZ\";i:17;s:2:\"BR\";i:18;s:2:\"SE\";i:19;s:2:\"GB\";i:20;s:2:\"AU\";i:21;s:2:\"CN\";i:22;s:2:\"IL\";i:23;s:2:\"SG\";}','N;'),(12,'ExpressCheckout','Module\\CDev\\Paypal\\Model\\Payment\\Processor\\ExpressCheckout','CDev_Paypal',-102000,0,0,1,1,'C',0,NULL,'a:23:{i:0;s:2:\"US\";i:1;s:2:\"MX\";i:2;s:2:\"BE\";i:3;s:2:\"DK\";i:4;s:2:\"FR\";i:5;s:2:\"DE\";i:6;s:2:\"IE\";i:7;s:2:\"IT\";i:8;s:2:\"LU\";i:9;s:2:\"NL\";i:10;s:2:\"NO\";i:11;s:2:\"PL\";i:12;s:2:\"RU\";i:13;s:2:\"JP\";i:14;s:2:\"ES\";i:15;s:2:\"NZ\";i:16;s:2:\"BR\";i:17;s:2:\"SE\";i:18;s:2:\"GB\";i:19;s:2:\"AU\";i:20;s:2:\"CN\";i:21;s:2:\"IL\";i:22;s:2:\"SG\";}','N;'),(13,'PaypalCredit','Module\\CDev\\Paypal\\Model\\Payment\\Processor\\PaypalCredit','CDev_Paypal',-11000,0,0,1,1,'C',0,NULL,'a:2:{i:0;s:2:\"US\";i:1;s:2:\"CA\";}','N;'),(14,'PaypalAdaptive','Module\\CDev\\Paypal\\Model\\Payment\\Processor\\PaypalAdaptive','CDev_Paypal',-11100,0,0,1,0,'C',0,NULL,'N;','N;'),(15,'COD_UPS','Module\\XC\\UPS\\Model\\Payment\\Processor\\COD','XC_UPS',0,0,0,1,1,'O',0,NULL,'a:2:{i:0;s:2:\"US\";i:1;s:2:\"PR\";}','N;'),(16,'AuthorizeNet SIM','Module\\CDev\\AuthorizeNet\\Model\\Payment\\Processor\\AuthorizeNetSIM','CDev_AuthorizeNet',-101000,0,0,1,0,'C',0,NULL,'a:44:{i:0;s:2:\"AD\";i:1;s:2:\"NL\";i:2;s:2:\"US\";i:3;s:2:\"AT\";i:4;s:2:\"AU\";i:5;s:2:\"BE\";i:6;s:2:\"BG\";i:7;s:2:\"CA\";i:8;s:2:\"CG\";i:9;s:2:\"CF\";i:10;s:2:\"CH\";i:11;s:2:\"CY\";i:12;s:2:\"CZ\";i:13;s:2:\"DE\";i:14;s:2:\"DK\";i:15;s:2:\"DO\";i:16;s:2:\"IR\";i:17;s:2:\"ES\";i:18;s:2:\"FI\";i:19;s:2:\"GB\";i:20;s:2:\"FR\";i:21;s:2:\"GR\";i:22;s:2:\"HU\";i:23;s:2:\"IE\";i:24;s:2:\"IT\";i:25;s:2:\"GI\";i:26;s:2:\"KR\";i:27;s:2:\"LI\";i:28;s:2:\"MC\";i:29;s:2:\"MD\";i:30;s:2:\"MT\";i:31;s:2:\"NL\";i:32;s:2:\"NO\";i:33;s:2:\"LU\";i:34;s:2:\"PL\";i:35;s:2:\"PT\";i:36;s:2:\"RO\";i:37;s:2:\"SE\";i:38;s:2:\"SI\";i:39;s:2:\"SK\";i:40;s:2:\"SM\";i:41;s:2:\"SY\";i:42;s:2:\"TZ\";i:43;s:2:\"VA\";}','N;'),(17,'Moneybookers.WLT','Module\\CDev\\Moneybookers\\Model\\Payment\\Processor\\Moneybookers','CDev_Moneybookers',1010,0,0,1,0,'N',0,NULL,'a:11:{i:0;s:2:\"DE\";i:1;s:2:\"GB\";i:2;s:2:\"FR\";i:3;s:2:\"IT\";i:4;s:2:\"ES\";i:5;s:2:\"AT\";i:6;s:2:\"HU\";i:7;s:2:\"EE\";i:8;s:2:\"FI\";i:9;s:2:\"PL\";i:10;s:2:\"SE\";}','N;'),(18,'Moneybookers.ACC','Module\\CDev\\Moneybookers\\Model\\Payment\\Processor\\Moneybookers','CDev_Moneybookers',1020,0,0,1,0,'C',0,NULL,'a:10:{i:0;s:2:\"DE\";i:1;s:2:\"GB\";i:2;s:2:\"FR\";i:3;s:2:\"IT\";i:4;s:2:\"ES\";i:5;s:2:\"AT\";i:6;s:2:\"HU\";i:7;s:2:\"EE\";i:8;s:2:\"FI\";i:9;s:2:\"PL\";}','N;'),(19,'Moneybookers.VSA','Module\\CDev\\Moneybookers\\Model\\Payment\\Processor\\Moneybookers','CDev_Moneybookers',1030,0,0,1,0,'C',0,NULL,'N;','N;'),(20,'Moneybookers.MSC','Module\\CDev\\Moneybookers\\Model\\Payment\\Processor\\Moneybookers','CDev_Moneybookers',1040,0,0,1,0,'C',0,NULL,'N;','N;'),(21,'Moneybookers.VSD','Module\\CDev\\Moneybookers\\Model\\Payment\\Processor\\Moneybookers','CDev_Moneybookers',1050,0,0,1,0,'C',0,NULL,'a:4:{i:0;s:2:\"US\";i:1;s:2:\"CA\";i:2;s:2:\"GB\";i:3;s:2:\"DE\";}','N;'),(22,'Moneybookers.VSE','Module\\CDev\\Moneybookers\\Model\\Payment\\Processor\\Moneybookers','CDev_Moneybookers',1060,0,0,1,0,'C',0,NULL,'N;','a:4:{i:0;s:2:\"US\";i:1;s:2:\"CA\";i:2;s:2:\"AU\";i:3;s:2:\"IE\";}'),(23,'Moneybookers.MAE','Module\\CDev\\Moneybookers\\Model\\Payment\\Processor\\Moneybookers','CDev_Moneybookers',1070,0,0,1,0,'C',0,NULL,'a:1:{i:0;s:2:\"GB\";}','N;'),(24,'Moneybookers.SLO','Module\\CDev\\Moneybookers\\Model\\Payment\\Processor\\Moneybookers','CDev_Moneybookers',1080,0,0,1,0,'C',0,NULL,'a:1:{i:0;s:2:\"GB\";}','N;'),(25,'Moneybookers.AMX','Module\\CDev\\Moneybookers\\Model\\Payment\\Processor\\Moneybookers','CDev_Moneybookers',1090,0,0,1,0,'C',0,NULL,'a:1:{i:0;s:2:\"US\";}','N;'),(26,'Moneybookers.DIN','Module\\CDev\\Moneybookers\\Model\\Payment\\Processor\\Moneybookers','CDev_Moneybookers',1100,0,0,1,0,'C',0,NULL,'a:4:{i:0;s:2:\"US\";i:1;s:2:\"CA\";i:2;s:2:\"GB\";i:3;s:2:\"IE\";}','N;'),(27,'Moneybookers.JCB','Module\\CDev\\Moneybookers\\Model\\Payment\\Processor\\Moneybookers','CDev_Moneybookers',1110,0,0,1,0,'C',0,NULL,'a:1:{i:0;s:2:\"JP\";}','N;'),(28,'Moneybookers.LSR','Module\\CDev\\Moneybookers\\Model\\Payment\\Processor\\Moneybookers','CDev_Moneybookers',1120,0,0,1,0,'C',0,NULL,'a:1:{i:0;s:2:\"IE\";}','N;'),(29,'Moneybookers.GCB','Module\\CDev\\Moneybookers\\Model\\Payment\\Processor\\Moneybookers','CDev_Moneybookers',1130,0,0,1,0,'C',0,NULL,'a:1:{i:0;s:2:\"FR\";}','N;'),(30,'Moneybookers.DNK','Module\\CDev\\Moneybookers\\Model\\Payment\\Processor\\Moneybookers','CDev_Moneybookers',1140,0,0,1,0,'C',0,NULL,'a:1:{i:0;s:2:\"DK\";}','N;'),(31,'Moneybookers.PSP','Module\\CDev\\Moneybookers\\Model\\Payment\\Processor\\Moneybookers','CDev_Moneybookers',1150,0,0,1,0,'C',0,NULL,'a:1:{i:0;s:2:\"IT\";}','N;'),(32,'Moneybookers.CSI','Module\\CDev\\Moneybookers\\Model\\Payment\\Processor\\Moneybookers','CDev_Moneybookers',1160,0,0,1,0,'C',0,NULL,'a:1:{i:0;s:2:\"IT\";}','N;'),(33,'Moneybookers.OBT','Module\\CDev\\Moneybookers\\Model\\Payment\\Processor\\Moneybookers','CDev_Moneybookers',1170,0,0,1,0,'N',0,NULL,'a:6:{i:0;s:2:\"GB\";i:1;s:2:\"FR\";i:2;s:2:\"IT\";i:3;s:2:\"DE\";i:4;s:2:\"AT\";i:5;s:2:\"ES\";}','N;'),(34,'Moneybookers.GIR','Module\\CDev\\Moneybookers\\Model\\Payment\\Processor\\Moneybookers','CDev_Moneybookers',1180,0,0,1,0,'N',0,NULL,'a:1:{i:0;s:2:\"DE\";}','N;'),(35,'Moneybookers.DID','Module\\CDev\\Moneybookers\\Model\\Payment\\Processor\\Moneybookers','CDev_Moneybookers',1190,0,0,1,0,'N',0,NULL,'a:1:{i:0;s:2:\"DE\";}','N;'),(36,'Moneybookers.SFT','Module\\CDev\\Moneybookers\\Model\\Payment\\Processor\\Moneybookers','CDev_Moneybookers',1200,0,0,1,0,'N',0,NULL,'a:1:{i:0;s:2:\"DE\";}','N;'),(37,'Moneybookers.EBT','Module\\CDev\\Moneybookers\\Model\\Payment\\Processor\\Moneybookers','CDev_Moneybookers',1220,0,0,1,0,'N',0,NULL,'a:4:{i:0;s:2:\"SE\";i:1;s:2:\"FI\";i:2;s:2:\"NO\";i:3;s:2:\"DK\";}','N;'),(38,'Moneybookers.IDL','Module\\CDev\\Moneybookers\\Model\\Payment\\Processor\\Moneybookers','CDev_Moneybookers',1240,0,0,1,0,'N',0,NULL,'a:28:{i:0;s:2:\"NL\";i:1;s:2:\"BE\";i:2;s:2:\"BG\";i:3;s:2:\"CZ\";i:4;s:2:\"DK\";i:5;s:2:\"DE\";i:6;s:2:\"EE\";i:7;s:2:\"IE\";i:8;s:2:\"EL\";i:9;s:2:\"ES\";i:10;s:2:\"FR\";i:11;s:2:\"HR\";i:12;s:2:\"IT\";i:13;s:2:\"CY\";i:14;s:2:\"LV\";i:15;s:2:\"LT\";i:16;s:2:\"LU\";i:17;s:2:\"HU\";i:18;s:2:\"MT\";i:19;s:2:\"AT\";i:20;s:2:\"PL\";i:21;s:2:\"PT\";i:22;s:2:\"RO\";i:23;s:2:\"SI\";i:24;s:2:\"SK\";i:25;s:2:\"FI\";i:26;s:2:\"SE\";i:27;s:2:\"GB\";}','N;'),(39,'Moneybookers.NPY','Module\\CDev\\Moneybookers\\Model\\Payment\\Processor\\Moneybookers','CDev_Moneybookers',1250,0,0,1,0,'N',0,NULL,'a:2:{i:0;s:2:\"GB\";i:1;s:2:\"IE\";}','N;'),(40,'Moneybookers.PLI','Module\\CDev\\Moneybookers\\Model\\Payment\\Processor\\Moneybookers','CDev_Moneybookers',1260,0,0,1,0,'N',0,NULL,'a:2:{i:0;s:2:\"AU\";i:1;s:2:\"NZ\";}','N;'),(41,'Moneybookers.PWY','Module\\CDev\\Moneybookers\\Model\\Payment\\Processor\\Moneybookers','CDev_Moneybookers',1270,0,0,1,0,'N',0,NULL,'a:1:{i:0;s:2:\"PL\";}','N;'),(42,'Moneybookers.PWY5','Module\\CDev\\Moneybookers\\Model\\Payment\\Processor\\Moneybookers','CDev_Moneybookers',1280,0,0,1,0,'N',0,NULL,'a:1:{i:0;s:2:\"NL\";}','N;'),(43,'Moneybookers.PWY6','Module\\CDev\\Moneybookers\\Model\\Payment\\Processor\\Moneybookers','CDev_Moneybookers',1290,0,0,1,0,'N',0,NULL,'a:1:{i:0;s:2:\"PL\";}','N;'),(44,'Moneybookers.PWY7','Module\\CDev\\Moneybookers\\Model\\Payment\\Processor\\Moneybookers','CDev_Moneybookers',1300,0,0,1,0,'N',0,NULL,'a:1:{i:0;s:2:\"PL\";}','N;'),(45,'Moneybookers.PWY14','Module\\CDev\\Moneybookers\\Model\\Payment\\Processor\\Moneybookers','CDev_Moneybookers',1310,0,0,1,0,'N',0,NULL,'a:1:{i:0;s:2:\"PL\";}','N;'),(46,'Moneybookers.PWY15','Module\\CDev\\Moneybookers\\Model\\Payment\\Processor\\Moneybookers','CDev_Moneybookers',1320,0,0,1,0,'N',0,NULL,'a:1:{i:0;s:2:\"PL\";}','N;'),(47,'Moneybookers.PWY17','Module\\CDev\\Moneybookers\\Model\\Payment\\Processor\\Moneybookers','CDev_Moneybookers',1330,0,0,1,0,'N',0,NULL,'a:1:{i:0;s:2:\"AE\";}','N;'),(48,'Moneybookers.PWY18','Module\\CDev\\Moneybookers\\Model\\Payment\\Processor\\Moneybookers','CDev_Moneybookers',1340,0,0,1,0,'N',0,NULL,'a:1:{i:0;s:2:\"PL\";}','N;'),(49,'Moneybookers.PWY19','Module\\CDev\\Moneybookers\\Model\\Payment\\Processor\\Moneybookers','CDev_Moneybookers',1350,0,0,1,0,'N',0,NULL,'a:1:{i:0;s:2:\"PL\";}','N;'),(50,'Moneybookers.PWY20','Module\\CDev\\Moneybookers\\Model\\Payment\\Processor\\Moneybookers','CDev_Moneybookers',1360,0,0,1,0,'N',0,NULL,'a:1:{i:0;s:2:\"PL\";}','N;'),(51,'Moneybookers.PWY21','Module\\CDev\\Moneybookers\\Model\\Payment\\Processor\\Moneybookers','CDev_Moneybookers',1370,0,0,1,0,'N',0,NULL,'a:1:{i:0;s:2:\"BG\";}','N;'),(52,'Moneybookers.PWY22','Module\\CDev\\Moneybookers\\Model\\Payment\\Processor\\Moneybookers','CDev_Moneybookers',1380,0,0,1,0,'N',0,NULL,'a:1:{i:0;s:2:\"CA\";}','N;'),(53,'Moneybookers.PWY25','Module\\CDev\\Moneybookers\\Model\\Payment\\Processor\\Moneybookers','CDev_Moneybookers',1390,0,0,1,0,'N',0,NULL,'a:1:{i:0;s:2:\"PL\";}','N;'),(54,'Moneybookers.PWY26','Module\\CDev\\Moneybookers\\Model\\Payment\\Processor\\Moneybookers','CDev_Moneybookers',1400,0,0,1,0,'C',0,NULL,'a:1:{i:0;s:2:\"PL\";}','N;'),(55,'Moneybookers.PWY28','Module\\CDev\\Moneybookers\\Model\\Payment\\Processor\\Moneybookers','CDev_Moneybookers',1410,0,0,1,0,'N',0,NULL,'a:1:{i:0;s:2:\"PL\";}','N;'),(56,'Moneybookers.PWY32','Module\\CDev\\Moneybookers\\Model\\Payment\\Processor\\Moneybookers','CDev_Moneybookers',1420,0,0,1,0,'N',0,NULL,'a:4:{i:0;s:2:\"SE\";i:1;s:2:\"FI\";i:2;s:2:\"NO\";i:3;s:2:\"DK\";}','N;'),(57,'Moneybookers.PWY33','Module\\CDev\\Moneybookers\\Model\\Payment\\Processor\\Moneybookers','CDev_Moneybookers',1430,0,0,1,0,'N',0,NULL,'a:4:{i:0;s:2:\"NL\";i:1;s:2:\"GB\";i:2;s:2:\"DE\";i:3;s:2:\"FR\";}','N;'),(58,'Moneybookers.PWY36','Module\\CDev\\Moneybookers\\Model\\Payment\\Processor\\Moneybookers','CDev_Moneybookers',1440,0,0,1,0,'N',0,NULL,'a:1:{i:0;s:2:\"DE\";}','N;'),(59,'Moneybookers.EPY','Module\\CDev\\Moneybookers\\Model\\Payment\\Processor\\Moneybookers','CDev_Moneybookers',1450,0,0,1,0,'N',0,NULL,'a:1:{i:0;s:2:\"BG\";}','N;'),(60,'QuantumGateway','Module\\CDev\\Quantum\\Model\\Payment\\Processor\\Quantum','CDev_Quantum',-10000,0,0,1,0,'C',0,NULL,'a:1:{i:0;s:2:\"US\";}','N;'),(61,'2Checkout.com','Module\\CDev\\TwoCheckout\\Model\\Payment\\Processor\\TwoCheckout','CDev_TwoCheckout',-10500,0,0,1,0,'C',0,NULL,'N;','a:6:{i:0;s:2:\"KP\";i:1;s:2:\"CU\";i:2;s:2:\"IR\";i:3;s:2:\"SY\";i:4;s:2:\"SD\";i:5;s:2:\"MM\";}'),(62,'COD_USPS','Module\\CDev\\USPS\\Model\\Payment\\Processor\\COD','CDev_USPS',0,0,0,1,1,'O',0,NULL,'a:1:{i:0;s:2:\"US\";}','N;'),(63,'ePDQ e-Commerce','Module\\XC\\EPDQ\\Model\\Payment\\Processor\\EPDQ','XC_EPDQ',-10200,0,0,1,0,'C',0,NULL,'a:1:{i:0;s:2:\"GB\";}','N;'),(64,'iDEAL Professional','Module\\XC\\IdealPayments\\Model\\Payment\\Processor\\IdealProfessional','XC_IdealPayments',-10100,0,0,1,0,'C',0,NULL,'a:28:{i:0;s:2:\"NL\";i:1;s:2:\"BE\";i:2;s:2:\"BG\";i:3;s:2:\"CZ\";i:4;s:2:\"DK\";i:5;s:2:\"DE\";i:6;s:2:\"EE\";i:7;s:2:\"IE\";i:8;s:2:\"EL\";i:9;s:2:\"ES\";i:10;s:2:\"FR\";i:11;s:2:\"HR\";i:12;s:2:\"IT\";i:13;s:2:\"CY\";i:14;s:2:\"LV\";i:15;s:2:\"LT\";i:16;s:2:\"LU\";i:17;s:2:\"HU\";i:18;s:2:\"MT\";i:19;s:2:\"AT\";i:20;s:2:\"PL\";i:21;s:2:\"PT\";i:22;s:2:\"RO\";i:23;s:2:\"SI\";i:24;s:2:\"SK\";i:25;s:2:\"FI\";i:26;s:2:\"SE\";i:27;s:2:\"GB\";}','N;'),(65,'SagePay form protocol','Module\\XC\\SagePay\\Model\\Payment\\Processor\\SagePayForm','XC_SagePay',-101500,0,0,1,0,'C',0,NULL,'a:2:{i:0;s:2:\"GB\";i:1;s:2:\"IE\";}','N;'),(66,'Stripe','Module\\XC\\Stripe\\Model\\Payment\\Stripe','XC_Stripe',-10300,0,0,1,0,'C',0,NULL,'a:20:{i:0;s:2:\"AU\";i:1;s:2:\"CA\";i:2;s:2:\"DK\";i:3;s:2:\"US\";i:4;s:2:\"FI\";i:5;s:2:\"GB\";i:6;s:2:\"IE\";i:7;s:2:\"NO\";i:8;s:2:\"SE\";i:9;s:2:\"AT\";i:10;s:2:\"BE\";i:11;s:2:\"FR\";i:12;s:2:\"DE\";i:13;s:2:\"IT\";i:14;s:2:\"JP\";i:15;s:2:\"LU\";i:16;s:2:\"MX\";i:17;s:2:\"NL\";i:18;s:2:\"ES\";i:19;s:2:\"CH\";}','N;'),(67,'Ingenico Payment Services (Ogone)','Module\\XC\\OgoneEcommerce\\Model\\Payment\\Processor\\OgoneEcommerce','XC_OgoneEcommerce',0,0,0,1,0,'C',0,NULL,'a:63:{i:0;s:2:\"FR\";i:1;s:2:\"DE\";i:2;s:2:\"IT\";i:3;s:2:\"PT\";i:4;s:2:\"ES\";i:5;s:2:\"GB\";i:6;s:2:\"HU\";i:7;s:2:\"PL\";i:8;s:2:\"RU\";i:9;s:2:\"TR\";i:10;s:2:\"AI\";i:11;s:2:\"AG\";i:12;s:2:\"AR\";i:13;s:2:\"AW\";i:14;s:2:\"BS\";i:15;s:2:\"BB\";i:16;s:2:\"BZ\";i:17;s:2:\"BM\";i:18;s:2:\"BO\";i:19;s:2:\"BR\";i:20;s:2:\"VG\";i:21;s:2:\"KY\";i:22;s:2:\"CL\";i:23;s:2:\"CO\";i:24;s:2:\"CR\";i:25;s:2:\"CU\";i:26;s:2:\"DM\";i:27;s:2:\"DO\";i:28;s:2:\"EC\";i:29;s:2:\"SV\";i:30;s:2:\"FK\";i:31;s:2:\"GF\";i:32;s:2:\"GD\";i:33;s:2:\"GP\";i:34;s:2:\"GT\";i:35;s:2:\"GY\";i:36;s:2:\"HT\";i:37;s:2:\"HN\";i:38;s:2:\"JM\";i:39;s:2:\"MQ\";i:40;s:2:\"MX\";i:41;s:2:\"MS\";i:42;s:2:\"AN\";i:43;s:2:\"NI\";i:44;s:2:\"PA\";i:45;s:2:\"PY\";i:46;s:2:\"PE\";i:47;s:2:\"PR\";i:48;s:2:\"LC\";i:49;s:2:\"KN\";i:50;s:2:\"VC\";i:51;s:2:\"SR\";i:52;s:2:\"TT\";i:53;s:2:\"TC\";i:54;s:2:\"VI\";i:55;s:2:\"UY\";i:56;s:2:\"VE\";i:57;s:2:\"CA\";i:58;s:2:\"GL\";i:59;s:2:\"PM\";i:60;s:2:\"US\";i:61;s:2:\"BL\";i:62;s:2:\"MF\";}','N;'),(68,'Moneris (eSELECTplus- Hosted Pay Page)','Module\\XC\\ESelectHPP\\Model\\Payment\\Processor\\ESelectHPP','XC_ESelectHPP',0,0,0,1,0,'C',0,NULL,'a:2:{i:0;s:2:\"US\";i:1;s:2:\"CA\";}','N;');
CREATE TABLE `xlite_payment_transaction_data` (
  `data_id` int(11) NOT NULL AUTO_INCREMENT,
  `transaction_id` int(11) DEFAULT NULL,
  `name` varchar(128) COLLATE utf8_unicode_ci NOT NULL,
  `label` varchar(255) COLLATE utf8_unicode_ci NOT NULL,
  `access_level` char(1) COLLATE utf8_unicode_ci NOT NULL,
  `value` longtext COLLATE utf8_unicode_ci NOT NULL,
  PRIMARY KEY (`data_id`),
  KEY `IDX_BA8F92A12FC0CB0F` (`transaction_id`),
  KEY `tn` (`transaction_id`,`name`),
  CONSTRAINT `FK_BA8F92A12FC0CB0F` FOREIGN KEY (`transaction_id`) REFERENCES `xlite_payment_transactions` (`transaction_id`) ON DELETE CASCADE
) ENGINE=InnoDB DEFAULT CHARSET=utf8 COLLATE=utf8_unicode_ci;
INSERT INTO `xlite_payment_transaction_data` VALUES (1,4,'test_mode','Test mode','A','1'),(2,4,'error_field_name_card.number','Error: field name','A','card.number'),(3,4,'error_field_code_card.number','Error: field code','A','country.bin.not.accepted'),(4,4,'error_field_message_card.number','Error: field message','A','Card bin Country rejected by acquirer'),(5,4,'cart_items','Cart items','A','a:1:{i:0;a:5:{s:4:\"name\";s:27:\"Ewok Ladies Hooded Tank Top\";s:3:\"sku\";s:6:\"100ewl\";s:5:\"price\";d:34.990000000000002;s:6:\"amount\";i:1;s:5:\"attrs\";a:0:{}}}'),(6,5,'test_mode','Test mode','A','1'),(7,5,'error_field_name_card.number','Error: field name','A','card.number'),(8,5,'error_field_code_card.number','Error: field code','A','card.expired'),(9,5,'error_field_message_card.number','Error: field message','A','Card has expired.'),(10,5,'cart_items','Cart items','A','a:1:{i:0;a:5:{s:4:\"name\";s:27:\"Ewok Ladies Hooded Tank Top\";s:3:\"sku\";s:6:\"100ewl\";s:5:\"price\";d:34.990000000000002;s:6:\"amount\";i:1;s:5:\"attrs\";a:0:{}}}');
CREATE TABLE `xlite_payment_transactions` (
  `transaction_id` int(11) NOT NULL AUTO_INCREMENT,
  `order_id` int(11) DEFAULT NULL,
  `method_id` int(11) DEFAULT NULL,
  `currency_id` int(10) unsigned DEFAULT NULL,
  `date` int(11) NOT NULL,
  `publicTxnId` varchar(16) COLLATE utf8_unicode_ci DEFAULT NULL,
  `method_name` varchar(128) COLLATE utf8_unicode_ci NOT NULL,
  `method_local_name` varchar(255) COLLATE utf8_unicode_ci NOT NULL,
  `status` char(1) COLLATE utf8_unicode_ci NOT NULL,
  `value` decimal(14,4) NOT NULL,
  `note` varchar(255) COLLATE utf8_unicode_ci NOT NULL,
  `type` varchar(16) COLLATE utf8_unicode_ci NOT NULL,
  `public_id` varchar(255) COLLATE utf8_unicode_ci NOT NULL,
  PRIMARY KEY (`transaction_id`),
  KEY `IDX_33CBDC008D9F6D38` (`order_id`),
  KEY `IDX_33CBDC0019883967` (`method_id`),
  KEY `IDX_33CBDC0038248176` (`currency_id`),
  KEY `status` (`status`),
  KEY `o` (`order_id`,`status`),
  KEY `pm` (`method_id`,`status`),
  KEY `publicTxnId` (`publicTxnId`),
  CONSTRAINT `FK_33CBDC0038248176` FOREIGN KEY (`currency_id`) REFERENCES `xlite_currencies` (`currency_id`),
  CONSTRAINT `FK_33CBDC0019883967` FOREIGN KEY (`method_id`) REFERENCES `xlite_payment_methods` (`method_id`) ON DELETE SET NULL,
  CONSTRAINT `FK_33CBDC008D9F6D38` FOREIGN KEY (`order_id`) REFERENCES `xlite_orders` (`order_id`) ON DELETE CASCADE
) ENGINE=InnoDB DEFAULT CHARSET=utf8 COLLATE=utf8_unicode_ci;
INSERT INTO `xlite_payment_transactions` VALUES (1,1,4,NULL,1394005540,'000001-KGSP','MoneyOrdering','Money Order','S',110.6500,'','sale','000001-KGSP'),(2,2,4,NULL,1396005895,'000002-FX7B','MoneyOrdering','Money Order','S',42.1300,'','sale','000002-FX7B'),(3,3,4,NULL,1407005895,'000002-FX7B','MoneyOrdering','Money Order','S',158.9400,'','sale','000002-FX7B'),(4,4,NULL,NULL,1452604411,'000012-AS2T','SimplifyCommerceHP','Simplify Commerce Hosted Payments','F',38.0100,'Simplify_BadRequestException: \"Request data is invalid\" (status: 400, error code: validation, reference: c5a0b8b8-92ac-4908-9506-88b843ecd399)\nField error: card.number\"Card bin Country rejected by acquirer\" (country.bin.not.accepted)','sale','demostore-000012-AS2T'),(5,4,NULL,NULL,1452604437,'000013-3I22','SimplifyCommerceHP','Simplify Commerce Hosted Payments','F',38.0100,'Simplify_BadRequestException: \"Request data is invalid\" (status: 400, error code: validation, reference: 195c1b1a-44c8-46d4-8e48-ee4e65f271af)\nField error: card.number\"Card has expired.\" (card.expired)','sale','demostore-000013-3I22'),(6,5,4,NULL,1452604702,'000005-KXAQ','MoneyOrdering','Money Order','S',352.8100,'','sale','000005-KXAQ');
CREATE TABLE `xlite_permission_translations` (
  `label_id` int(11) NOT NULL AUTO_INCREMENT,
  `id` int(10) unsigned DEFAULT NULL,
  `name` varchar(255) COLLATE utf8_unicode_ci NOT NULL,
  `description` longtext COLLATE utf8_unicode_ci NOT NULL,
  `code` char(2) COLLATE utf8_unicode_ci NOT NULL,
  PRIMARY KEY (`label_id`),
  KEY `IDX_98B75E86BF396750` (`id`),
  CONSTRAINT `FK_98B75E86BF396750` FOREIGN KEY (`id`) REFERENCES `xlite_permissions` (`id`) ON DELETE CASCADE
) ENGINE=InnoDB DEFAULT CHARSET=utf8 COLLATE=utf8_unicode_ci;
INSERT INTO `xlite_permission_translations` VALUES (1,1,'Root access','','en'),(2,2,'Manage catalog','','en'),(3,3,'Manage users','','en'),(4,4,'Manage administrators','','en'),(5,5,'Manage orders','','en'),(6,6,'Manage import','','en'),(7,7,'Manage export','','en'),(8,8,'Manage coupons','','en'),(9,9,'Manage custom pages','','en'),(10,10,'Manage menus','','en'),(11,11,'Manage volume discounts','','en');
CREATE TABLE `xlite_permissions` (
  `id` int(10) unsigned NOT NULL AUTO_INCREMENT,
  `enabled` tinyint(1) NOT NULL,
  `code` char(32) COLLATE utf8_unicode_ci NOT NULL,
  `section` varchar(128) COLLATE utf8_unicode_ci NOT NULL,
  PRIMARY KEY (`id`)
) ENGINE=InnoDB DEFAULT CHARSET=utf8 COLLATE=utf8_unicode_ci;
INSERT INTO `xlite_permissions` VALUES (1,1,'root access','All'),(2,1,'manage catalog','Catalog'),(3,1,'manage users','Users'),(4,1,'manage admins','Users'),(5,1,'manage orders','Sales'),(6,1,'manage import','Import and Export'),(7,1,'manage export','Import and Export'),(8,1,'manage coupons','Coupons'),(9,1,'manage custom pages','Content'),(10,1,'manage menus','Content'),(11,1,'manage volume discounts','Volume discounts');
CREATE TABLE `xlite_product_auction_inc` (
  `id` int(10) unsigned NOT NULL AUTO_INCREMENT,
  `product_id` int(10) unsigned DEFAULT NULL,
  `calculationMethod` char(1) COLLATE utf8_unicode_ci NOT NULL,
  `package` char(1) COLLATE utf8_unicode_ci NOT NULL,
  `dimensions` longtext COLLATE utf8_unicode_ci NOT NULL COMMENT '(DC2Type:array)',
  `weightUOM` char(3) COLLATE utf8_unicode_ci NOT NULL,
  `dimensionsUOM` char(2) COLLATE utf8_unicode_ci NOT NULL,
  `insurable` char(1) COLLATE utf8_unicode_ci NOT NULL,
  `originCode` varchar(20) COLLATE utf8_unicode_ci NOT NULL,
  `onDemand` longtext COLLATE utf8_unicode_ci NOT NULL COMMENT '(DC2Type:array)',
  `supplementalItemHandlingMode` char(1) COLLATE utf8_unicode_ci NOT NULL,
  `supplementalItemHandlingCode` varchar(20) COLLATE utf8_unicode_ci NOT NULL,
  `supplementalItemHandlingFee` decimal(14,4) NOT NULL COMMENT '(DC2Type:money)',
  `carrierAccessorialFees` longtext COLLATE utf8_unicode_ci NOT NULL COMMENT '(DC2Type:array)',
  `fixedFeeMode` char(1) COLLATE utf8_unicode_ci NOT NULL,
  `fixedFeeCode` varchar(32) COLLATE utf8_unicode_ci NOT NULL,
  `fixedFee1` decimal(14,4) NOT NULL COMMENT '(DC2Type:money)',
  `fixedFee2` decimal(14,4) NOT NULL COMMENT '(DC2Type:money)',
  PRIMARY KEY (`id`),
  UNIQUE KEY `UNIQ_7255AEEA4584665A` (`product_id`),
  KEY `product_id` (`product_id`),
  CONSTRAINT `FK_7255AEEA4584665A` FOREIGN KEY (`product_id`) REFERENCES `xlite_products` (`product_id`) ON DELETE CASCADE
) ENGINE=InnoDB DEFAULT CHARSET=utf8 COLLATE=utf8_unicode_ci;
CREATE TABLE `xlite_product_class_coupons` (
  `coupon_id` int(10) unsigned NOT NULL,
  `class_id` int(10) unsigned NOT NULL,
  PRIMARY KEY (`coupon_id`,`class_id`),
  KEY `IDX_684B0DA666C5951B` (`coupon_id`),
  KEY `IDX_684B0DA6EA000B10` (`class_id`),
  CONSTRAINT `FK_684B0DA6EA000B10` FOREIGN KEY (`class_id`) REFERENCES `xlite_product_classes` (`id`) ON DELETE CASCADE,
  CONSTRAINT `FK_684B0DA666C5951B` FOREIGN KEY (`coupon_id`) REFERENCES `xlite_coupons` (`id`) ON DELETE CASCADE
) ENGINE=InnoDB DEFAULT CHARSET=utf8 COLLATE=utf8_unicode_ci;
CREATE TABLE `xlite_product_class_translations` (
  `label_id` int(11) NOT NULL AUTO_INCREMENT,
  `id` int(10) unsigned DEFAULT NULL,
  `name` varchar(255) COLLATE utf8_unicode_ci NOT NULL,
  `code` char(2) COLLATE utf8_unicode_ci NOT NULL,
  PRIMARY KEY (`label_id`),
  KEY `ci` (`code`,`id`),
  KEY `id` (`id`),
  CONSTRAINT `FK_8471715FBF396750` FOREIGN KEY (`id`) REFERENCES `xlite_product_classes` (`id`) ON DELETE CASCADE
) ENGINE=InnoDB DEFAULT CHARSET=utf8 COLLATE=utf8_unicode_ci;
INSERT INTO `xlite_product_class_translations` VALUES (1,1,'Apparel','en'),(4,1,'Одежда','ru'),(5,2,'Mobile phone','en'),(6,2,'Мобильный телефон','ru');
CREATE TABLE `xlite_product_classes` (
  `id` int(10) unsigned NOT NULL AUTO_INCREMENT,
  `position` int(11) NOT NULL,
  PRIMARY KEY (`id`)
) ENGINE=InnoDB DEFAULT CHARSET=utf8 COLLATE=utf8_unicode_ci;
INSERT INTO `xlite_product_classes` VALUES (1,0),(2,0);
CREATE TABLE `xlite_product_images` (
  `id` int(10) unsigned NOT NULL AUTO_INCREMENT,
  `product_id` int(10) unsigned DEFAULT NULL,
  `orderby` int(11) NOT NULL,
  `alt` varchar(255) COLLATE utf8_unicode_ci NOT NULL,
  `width` int(11) NOT NULL,
  `height` int(11) NOT NULL,
  `hash` char(32) COLLATE utf8_unicode_ci DEFAULT NULL,
  `needProcess` tinyint(1) NOT NULL,
  `path` varchar(512) COLLATE utf8_unicode_ci NOT NULL,
  `fileName` varchar(255) COLLATE utf8_unicode_ci NOT NULL,
  `mime` varchar(128) COLLATE utf8_unicode_ci NOT NULL,
  `storageType` varchar(1) COLLATE utf8_unicode_ci NOT NULL,
  `size` int(10) unsigned NOT NULL,
  `date` int(10) unsigned NOT NULL,
  PRIMARY KEY (`id`),
  KEY `IDX_142C546A4584665A` (`product_id`),
  CONSTRAINT `FK_142C546A4584665A` FOREIGN KEY (`product_id`) REFERENCES `xlite_products` (`product_id`) ON DELETE CASCADE
) ENGINE=InnoDB DEFAULT CHARSET=utf8 COLLATE=utf8_unicode_ci;
INSERT INTO `xlite_product_images` VALUES (1,1,10,'',600,593,'42a46af7d95b35bbf170afa8c1b3979b',1,'e84d_mordorable.jpeg','e84d_mordorable.jpeg','image/jpeg','r',74341,1483703428),(2,1,20,'',600,710,'c0be9c17f7e54daf0fd070e1dc8025af',1,'e84d_mordorable_2.jpeg','e84d_mordorable_2.jpeg','image/jpeg','r',56290,1483703428),(3,2,10,'',600,764,'14f1b3d2ac597e569fa9e902bacddc27',1,'f14d_octopus_cardigan.jpeg','f14d_octopus_cardigan.jpeg','image/jpeg','r',121401,1483703428),(4,2,20,'',600,600,'9c991e06468b898011ead7762a1d6271',1,'f14d_octopus_cardigan_detail.jpeg','f14d_octopus_cardigan_detail.jpeg','image/jpeg','r',101219,1483703428),(5,3,10,'',442,650,'ffb85f9b83a7ad8831c707e357564227',1,'hrmr_spiderman_selfie_ladies_tee_mb.jpeg','hrmr_spiderman_selfie_ladies_tee_mb.jpeg','image/jpeg','r',65492,1483703428),(6,3,20,'',588,600,'bc9cf6e32a93478c634f551ecf61ca1a',1,'hrmr_spiderman_selfie_ladies_tee_dd.jpeg','hrmr_spiderman_selfie_ladies_tee_dd.jpeg','image/jpeg','r',140046,1483703428),(7,4,10,'',600,751,'2df83fcd9224f1d24c7f5768e1e8faa7',1,'efba_star_wars_tissue_weight_babydoll.jpeg','efba_star_wars_tissue_weight_babydoll.jpeg','image/jpeg','r',102081,1483703428),(8,4,20,'',600,600,'00e8de0f35f834592b39b803117edeba',1,'efba_star_wars_tissue_weight_babydoll_detail.jpeg','efba_star_wars_tissue_weight_babydoll_detail.jpeg','image/jpeg','r',83001,1483703428),(9,5,10,'',549,650,'0f614e3b5ac6d2fb4c30df8e5e5c3b24',1,'htkn_wonder_woman_hockey_stripe_ladies_tee_mb.jpeg','htkn_wonder_woman_hockey_stripe_ladies_tee_mb.jpeg','image/jpeg','r',108983,1483703428),(10,5,20,'',593,600,'d70186001b106e1e2b8ed5a18e91f155',1,'htkn_wonder_woman_hockey_stripe_ladies_tee_dd.jpeg','htkn_wonder_woman_hockey_stripe_ladies_tee_dd.jpeg','image/jpeg','r',165186,1483703428),(11,6,10,'',600,640,'8834ba7b4e13b9b72493c261a051290a',1,'1814_star_trek_command_cycle_jersey.jpeg','1814_star_trek_command_cycle_jersey.jpeg','image/jpeg','r',92126,1483703428),(12,6,20,'',600,600,'c437e5707d6298c90af65b0b941ff1d5',1,'1814_star_trek_command_cycle_jersey_back.jpeg','1814_star_trek_command_cycle_jersey_back.jpeg','image/jpeg','r',87670,1483703428),(13,6,30,'',600,600,'600188ab6d0e7a348a8d434b723b1f49',1,'1814_star_trek_command_cycle_jersey_side.jpeg','1814_star_trek_command_cycle_jersey_side.jpeg','image/jpeg','r',75126,1483703428),(14,7,10,'',600,600,'5f407c579aa0807ffa72057250406c6f',1,'1135_star_trek_uniform_polos.jpeg','1135_star_trek_uniform_polos.jpeg','image/jpeg','r',81944,1483703428),(15,7,20,'',600,600,'cb8c914b2160ca51d1653fb7a4acbf70',1,'1135_star_trek_uniform_polos_red.jpeg','1135_star_trek_uniform_polos_red.jpeg','image/jpeg','r',64958,1483703428),(16,7,30,'',600,600,'d064f9ae781654809abe736174585099',1,'1135_star_trek_uniform_polos_gold.jpeg','1135_star_trek_uniform_polos_gold.jpeg','image/jpeg','r',55090,1483703428),(17,7,40,'',600,600,'c103554458e4dd4eacd6c4678b7c6699',1,'1135_star_trek_uniform_polos_blue.jpeg','1135_star_trek_uniform_polos_blue.jpeg','image/jpeg','r',59402,1483703428),(18,8,10,'',600,751,'facdbfc402ac6e47c6d0af7d7705f870',1,'ec8a_bow_ties.jpeg','ec8a_bow_ties.jpeg','image/jpeg','r',60989,1483703428),(19,9,10,'',600,600,'4e7ab51d63cd6bff7ac2c49bfe964e1b',1,'16d9_star_trek_tng_uniform_tee.jpeg','16d9_star_trek_tng_uniform_tee.jpeg','image/jpeg','r',76644,1483703428),(20,9,20,'',600,600,'bd16c64b0c57aec37f0289f107b6fa53',1,'16d9_star_trek_tng_uniform_tee_red.jpeg','16d9_star_trek_tng_uniform_tee_red.jpeg','image/jpeg','r',54606,1483703428),(21,9,30,'',600,600,'66793cf0b4cb9bc591ae6e1792027b29',1,'16d9_star_trek_tng_uniform_tee_gold.jpeg','16d9_star_trek_tng_uniform_tee_gold.jpeg','image/jpeg','r',51345,1483703428),(22,9,40,'',600,600,'ebcaf359eedfc80730eecebaab681f42',1,'16d9_star_trek_tng_uniform_tee_blue.jpeg','16d9_star_trek_tng_uniform_tee_blue.jpeg','image/jpeg','r',53701,1483703428),(23,9,50,'',600,600,'019a975c2e64dd4acffa901ca5807913',1,'16d9_star_trek_tng_uniform_tee_detail.jpeg','16d9_star_trek_tng_uniform_tee_detail.jpeg','image/jpeg','r',91610,1483703428),(24,10,10,'',612,700,'58d1f2efbc98d8140bd5829c0d9af2f9',1,'1baa_ewok_ladies_hooded_tank_top.jpeg','1baa_ewok_ladies_hooded_tank_top.jpeg','image/jpeg','r',83473,1483703428),(25,10,20,'',564,700,'b57e145ad698912daf3a2e11ad9d1d7c',1,'1baa_ewok_ladies_hooded_tank_top_back.jpeg','1baa_ewok_ladies_hooded_tank_top_back.jpeg','image/jpeg','r',70520,1483703428),(26,11,10,'',582,650,'47d8fc8a71856324c33d2e4e51ce3225',1,'ipkm_dota_series_3_plush_blind_box.jpeg','ipkm_dota_series_3_plush_blind_box.jpeg','image/jpeg','r',146309,1483703428),(27,11,20,'',552,650,'f8fd69c0ebef8fa21ca0a4bbb6e56f61',1,'ipkm_dota_series_3_plush_box.jpeg','ipkm_dota_series_3_plush_box.jpeg','image/jpeg','r',125196,1483703428),(28,11,30,'',604,650,'683cb4d9222d16ef92587d2fd9200951',1,'ipkm_dota_series_3_plush_blind_box_grid.jpeg','ipkm_dota_series_3_plush_blind_box_grid.jpeg','image/jpeg','r',143094,1483703428),(29,12,10,'',600,600,'b668da7c6cfbe6700e4a9cc7ced02530',1,'inli_minions_pop_figs.jpeg','inli_minions_pop_figs.jpeg','image/jpeg','r',84358,1483703428),(30,12,20,'',600,600,'126fcbf85e8c7676c9d5d2f9dc677178',1,'inli_minions_pop_figs_grid.jpeg','inli_minions_pop_figs_grid.jpeg','image/jpeg','r',106740,1483703428),(31,13,10,'',600,600,'4942132fb7af7a04f568b3c5e77363f0',1,'ijro_ghostbusters_vinyl_idols.jpeg','ijro_ghostbusters_vinyl_idols.jpeg','image/jpeg','r',108622,1483703428),(32,14,10,'',600,680,'dce47848f33f858344dad93e80d69959',1,'hrpk_dota_sniper_plush.jpeg','hrpk_dota_sniper_plush.jpeg','image/jpeg','r',97396,1483703428),(33,14,20,'',600,635,'97aa7717ca6475cd7be763126db6145b',1,'hrpk_dota_sniper_plush_back.jpeg','hrpk_dota_sniper_plush_back.jpeg','image/jpeg','r',91479,1483703428),(34,14,30,'',600,600,'d295e9f8fe081a41a1fc318590389971',1,'hrpk_dota_sniper_plush_cuddle.jpeg','hrpk_dota_sniper_plush_cuddle.jpeg','image/jpeg','r',51735,1483703428),(35,15,10,'',600,470,'633ca4468a27bbdc7cd84f72a89ccd06',1,'ea67_soft_kitty_singing_plush.jpeg','ea67_soft_kitty_singing_plush.jpeg','image/jpeg','r',63207,1483703428),(36,15,20,'',600,779,'0a934c5d9c5214eb461d7a31052467bb',1,'ea67_soft_kitty_singing_plush_hug.jpeg','ea67_soft_kitty_singing_plush_hug.jpeg','image/jpeg','r',64165,1483703428),(37,16,10,'',600,393,'41b5938fcbd9db349e7b07a9fc53e24b',1,'hukv_age_ultron_fabrikations_plush.jpeg','hukv_age_ultron_fabrikations_plush.jpeg','image/jpeg','r',96951,1483703428),(38,16,20,'',600,600,'a6a705716be966eddcd5d475414f4de5',1,'hukv_age_ultron_fabrikations_plush_inhand.jpeg','hukv_age_ultron_fabrikations_plush_inhand.jpeg','image/jpeg','r',78011,1483703428),(39,16,30,'',600,778,'93f4f15dee8ff443e09ac6dd2a716df5',1,'hukv_age_ultron_fabrikations_plush_grid.jpeg','hukv_age_ultron_fabrikations_plush_grid.jpeg','image/jpeg','r',158647,1483703428),(40,17,10,'',600,600,'a564017b051c6f4671c02127cb13bd48',1,'hrsp_sphero_ollie.jpeg','hrsp_sphero_ollie.jpeg','image/jpeg','r',32011,1483703428),(41,17,20,'',400,600,'c04905f01cd2585088f8208c4cc801dd',1,'hrsp_sphero_ollie_env.jpeg','hrsp_sphero_ollie_env.jpeg','image/jpeg','r',42750,1483703428),(42,17,30,'',600,402,'2a9f8df2f4aadd835a76dcd722c05b82',1,'hrsp_sphero_ollie_tricks.jpeg','hrsp_sphero_ollie_tricks.jpeg','image/jpeg','r',27977,1483703428),(43,17,40,'',600,471,'062275c20e47d13058bf2fd4ce047098',1,'hrsp_sphero_ollie_inuse_race.jpeg','hrsp_sphero_ollie_inuse_race.jpeg','image/jpeg','r',75257,1483703428),(44,17,50,'',600,600,'4d8ceee48852eea1a153ef21a33903c1',1,'hrsp_sphero_ollie_parts.jpeg','hrsp_sphero_ollie_parts.jpeg','image/jpeg','r',65015,1483703428),(45,18,10,'',600,600,'80d73109c1f41f07f1a7393f00f4c2c7',1,'htlr_powerup_3_iphone_plane.jpeg','htlr_powerup_3_iphone_plane.jpeg','image/jpeg','r',55471,1483703428),(46,18,20,'',600,600,'c66a917309d606b61e4e6c6814df13a1',1,'htlr_powerup_3_iphone_plane_throttle_control.jpeg','htlr_powerup_3_iphone_plane_throttle_control.jpeg','image/jpeg','r',102010,1483703428),(47,18,30,'',600,337,'5836e7f0e58ee30a3e4b35c90ddb6132',1,'htlr_powerup_3_iphone_plane_outside.jpeg','htlr_powerup_3_iphone_plane_outside.jpeg','image/jpeg','r',34604,1483703428),(48,18,40,'',600,444,'0d2a0b32bfcfff096d348260d852c59b',1,'htlr_powerup_3_iphone_plane_solo.jpeg','htlr_powerup_3_iphone_plane_solo.jpeg','image/jpeg','r',22689,1483703428),(49,18,50,'',600,397,'195d924bc7a759ff1421bc5cffcb8fca',1,'htlr_powerup_3_iphone_plane_charge_laptop.jpeg','htlr_powerup_3_iphone_plane_charge_laptop.jpeg','image/jpeg','r',35259,1483703428),(50,18,60,'',600,600,'6d82205aeb71eb967345404ef2f9600a',1,'htlr_powerup_3_iphone_plane_battery_pack.jpeg','htlr_powerup_3_iphone_plane_battery_pack.jpeg','image/jpeg','r',45895,1483703428),(51,19,10,'',600,513,'43c8e1f8f52aa89a6aedf3c208a132b5',1,'177a_chocolate_covered_edible_bugs_gift_pack.jpeg','177a_chocolate_covered_edible_bugs_gift_pack.jpeg','image/jpeg','r',92224,1483703428),(52,19,20,'',600,546,'921defcb8f384562d8af2f628c839d88',1,'177a_chocolate_covered_edible_bugs_gift_pack_scorpions.jpeg','177a_chocolate_covered_edible_bugs_gift_pack_scorpions.jpeg','image/jpeg','r',81892,1483703428),(53,19,30,'',600,504,'016a8eef4182fea8db5e5c1411f96bf9',1,'177a_chocolate_covered_edible_bugs_gift_pack_silkworms.jpeg','177a_chocolate_covered_edible_bugs_gift_pack_silkworms.jpeg','image/jpeg','r',83929,1483703428),(54,19,40,'',600,538,'c05834e6717e86bbb7b1fcd2a6ca4acf',1,'177a_chocolate_covered_edible_bugs_gift_pack_inhand.jpeg','177a_chocolate_covered_edible_bugs_gift_pack_inhand.jpeg','image/jpeg','r',65057,1483703428),(55,20,10,'',600,700,'1298ef1aa632af0d6d0a3ffabfc3f3e9',1,'e5a7_canned_unicorn_meat.jpeg','e5a7_canned_unicorn_meat.jpeg','image/jpeg','r',162392,1483703428),(56,20,20,'',600,813,'1e2b54c1b711a9204fbbe887469f9e23',1,'e5a7_canned_unicorn_meat_eating.jpeg','e5a7_canned_unicorn_meat_eating.jpeg','image/jpeg','r',105856,1483703428),(57,20,30,'',600,600,'7065ef7531f5f22f9a49c4888e088cfe',1,'e5a7_canned_unicorn_meat_inside.jpeg','e5a7_canned_unicorn_meat_inside.jpeg','image/jpeg','r',54026,1483703428),(58,20,40,'',600,411,'dc16ae42c8079314f7030574c00304f1',1,'e5a7_canned_unicorn_meat_pantry.jpeg','e5a7_canned_unicorn_meat_pantry.jpeg','image/jpeg','r',67806,1483703428),(59,20,50,'',600,549,'7a2fffa9c748a988d0c2410bc9eddf51',1,'e5a7_canned_unicorn_meat_parts_diagram.jpeg','e5a7_canned_unicorn_meat_parts_diagram.jpeg','image/jpeg','r',116928,1483703428),(60,21,10,'',600,600,'8be63bf06f45fe7a6954aafd3ecf122a',1,'b278_thinkgeek_annoy-a-tron_text.jpeg','b278_thinkgeek_annoy-a-tron_text.jpeg','image/jpeg','r',78968,1483703428),(61,22,10,'',600,600,'36750075aba71d2fd442b63bf2560e38',1,'1848_legendary_hero_8-bit_heart_bouquet.jpeg','1848_legendary_hero_8-bit_heart_bouquet.jpeg','image/jpeg','r',45427,1483703428),(62,22,20,'',600,455,'c5df2e81eb0837ce22f3c8e74afe9ef8',1,'1848_legendary_hero_8-bit_heart_bouquet_desk.jpeg','1848_legendary_hero_8-bit_heart_bouquet_desk.jpeg','image/jpeg','r',81020,1483703428),(63,22,30,'',600,600,'7daf3d6f08dc6b591ea105b334505e7c',1,'1848_legendary_hero_8-bit_heart_bouquet_detail.jpeg','1848_legendary_hero_8-bit_heart_bouquet_detail.jpeg','image/jpeg','r',71694,1483703428),(64,22,40,'',600,600,'63b1a94870bcfa98cd1376225c9c59c5',1,'1848_legendary_hero_8-bit_heart_bouquet_love.jpeg','1848_legendary_hero_8-bit_heart_bouquet_love.jpeg','image/jpeg','r',78847,1483703428),(65,23,10,'',600,355,'f36a58a82bde8c47042e0ee5072dcb53',1,'15b7_exec_building_brick_set_chrome.jpeg','15b7_exec_building_brick_set_chrome.jpeg','image/jpeg','r',48764,1483703428),(66,23,20,'',600,600,'bd92d55abc1d9e98b03d98ce6049605c',1,'1b69_exec_building_brick_set_gold_inuse.jpeg','1b69_exec_building_brick_set_gold_inuse.jpeg','image/jpeg','r',90732,1483703428),(67,23,30,'',472,640,'ad5b02a882093bf161f3fe957538221b',1,'15b7_exec_building_brick_set_chrome_pckg.jpeg','15b7_exec_building_brick_set_chrome_pckg.jpeg','image/jpeg','r',85532,1483703428),(68,24,10,'',600,498,'bbb607017f0de4546fe42c5aa5a4bdee',1,'hslh_diablo_goblin_bank_w_sound.jpeg','hslh_diablo_goblin_bank_w_sound.jpeg','image/jpeg','r',74015,1483703428),(69,24,20,'',600,600,'2c5ce56f83f1b2ab62228826c53dcd23',1,'hslh_diablo_goblin_bank_w_sound_side.jpeg','hslh_diablo_goblin_bank_w_sound_side.jpeg','image/jpeg','r',120820,1483703428),(70,24,30,'',600,600,'6fe2b1bdeacee07df6446da7bf27e688',1,'hslh_diablo_goblin_bank_w_sound_sword.jpeg','hslh_diablo_goblin_bank_w_sound_sword.jpeg','image/jpeg','r',130351,1483703428),(71,25,10,'',600,600,'05d62ffd41b0beb4d1213f626468e298',1,'iith_ghostbusters_stay_puft_mug.jpeg','iith_ghostbusters_stay_puft_mug.jpeg','image/jpeg','r',60434,1483703428),(72,25,20,'',600,600,'55faadc80a315eac4ba2f6db34fc7861',1,'iith_ghostbusters_stay_puft_mug_inuse.jpeg','iith_ghostbusters_stay_puft_mug_inuse.jpeg','image/jpeg','r',64293,1483703428),(73,26,10,'',600,638,'360a4b76ac529aba0180b0818ce134b0',1,'ee3c_build-on_brick_mug.jpeg','ee3c_build-on_brick_mug.jpeg','image/jpeg','r',95448,1483703428),(74,26,20,'',600,600,'c861ba87c5acdc353c9f922154139fd2',1,'ee3c_build-on_brick_mug_inhand.jpeg','ee3c_build-on_brick_mug_inhand.jpeg','image/jpeg','r',89784,1483703428),(75,26,30,'',650,571,'9b386698413645d7adc10d91f6f832c4',1,'ee3c_build-on_brick_mug_desk.jpeg','ee3c_build-on_brick_mug_desk.jpeg','image/jpeg','r',115411,1483703428),(76,26,40,'',600,572,'391a590fce310bdcdebd7616b12b3115',1,'ee3c_build-on_brick_mug_red.jpeg','ee3c_build-on_brick_mug_red.jpeg','image/jpeg','r',75721,1483703428),(77,26,50,'',600,600,'6bb719a973285b22eb92dacc9f0021f1',1,'1955_build-on_brick_mug_black.jpeg','1955_build-on_brick_mug_black.jpeg','image/jpeg','r',101680,1483703428),(78,27,10,'',600,505,'84048b64a1154f7b5d7c798b8cc24702',1,'htro_superhero_mom_mug.jpeg','htro_superhero_mom_mug.jpeg','image/jpeg','r',89507,1483703428),(79,27,20,'',600,462,'d44257bbd84ccec987231e42730e5d8e',1,'htro_superhero_mom_mug_back.jpeg','htro_superhero_mom_mug_back.jpeg','image/jpeg','r',60854,1483703428),(80,28,10,'',410,410,'3f467fcbc1fb5d91a6212d747076c016',1,'1c80_olloclip_iphone_macro_3in1_lens_system.jpeg','1c80_olloclip_iphone_macro_3in1_lens_system.jpeg','image/jpeg','r',31370,1483703428),(81,28,20,'',600,600,'08abe668105896dc83d2285c14d97978',1,'1c80_olloclip_iphone_macro_3in1_lens_system_breakout.jpeg','1c80_olloclip_iphone_macro_3in1_lens_system_breakout.jpeg','image/jpeg','r',36198,1483703428),(82,28,30,'',600,600,'07ee219479928cb0dfb3dbf0a7a1c5e1',1,'1c80_olloclip_iphone_macro_3in1_lens_system_fly.jpeg','1c80_olloclip_iphone_macro_3in1_lens_system_fly.jpeg','image/jpeg','r',57723,1483703428),(83,28,40,'',450,450,'cb489288dae6bff773caf65a84c602d2',1,'1c80_olloclip_iphone_macro_3in1_lens_system_solo.jpeg','1c80_olloclip_iphone_macro_3in1_lens_system_solo.jpeg','image/jpeg','r',34316,1483703428),(84,28,50,'',380,380,'d3700dfb251a92bbd8d4ee848c34593a',1,'1c80_olloclip_iphone_macro_3in1_lens_system_inuse.jpeg','1c80_olloclip_iphone_macro_3in1_lens_system_inuse.jpeg','image/jpeg','r',26774,1483703428),(85,29,10,'',600,250,'21478e18410f6c6c9f2e4ffb88b67171',1,'inkv_gunnar_vayper_gaming_glasses.jpeg','inkv_gunnar_vayper_gaming_glasses.jpeg','image/jpeg','r',31037,1483703428),(86,29,20,'',600,250,'d76200df8d16e6e51c3ee4911814af05',1,'inkv_gunnar_vayper_gaming_glasses_front.jpeg','inkv_gunnar_vayper_gaming_glasses_front.jpeg','image/jpeg','r',33859,1483703428),(87,29,30,'',600,282,'24fcff5ee61daa995ce4af97e97e1e8b',1,'inkv_gunnar_vayper_gaming_glasses_side.jpeg','inkv_gunnar_vayper_gaming_glasses_side.jpeg','image/jpeg','r',43222,1483703428),(88,30,10,'',600,600,'a99c0815bebee1d93396a7f150bcaecc',1,'htjo_astro_a50_halo_headset.jpeg','htjo_astro_a50_halo_headset.jpeg','image/jpeg','r',67689,1483703428),(89,30,20,'',600,600,'c1908a12bb462185211917a00fd8921e',1,'htjo_astro_a50_halo_headset_bundle.jpeg','htjo_astro_a50_halo_headset_bundle.jpeg','image/jpeg','r',82618,1483703428),(90,30,30,'',600,600,'a28be405a9b0768b9fe0df16aaca9581',1,'htjo_astro_a50_halo_headset_side.jpeg','htjo_astro_a50_halo_headset_side.jpeg','image/jpeg','r',50553,1483703428),(91,30,40,'',600,600,'ade7968b0b9f0509d53d5c9f4102bbfc',1,'htjo_astro_a50_halo_headset_connect.jpeg','htjo_astro_a50_halo_headset_connect.jpeg','image/jpeg','r',75735,1483703428),(92,31,10,'',600,360,'c7c037f710abf5662e9ffdc4962af0b3',1,'htil_espresso_bluetooth_speaker.jpeg','htil_espresso_bluetooth_speaker.jpeg','image/jpeg','r',63725,1483703428),(93,31,20,'',600,600,'3aca09765e5f5813111e98fac6a03aac',1,'htil_espresso_bluetooth_speaker_grid.jpeg','htil_espresso_bluetooth_speaker_grid.jpeg','image/jpeg','r',70587,1483703428),(94,31,30,'',600,600,'38cec0937b2a40e27b21c8e512946bf2',1,'htil_espresso_bluetooth_speaker_clip.jpeg','htil_espresso_bluetooth_speaker_clip.jpeg','image/jpeg','r',135521,1483703428),(95,32,10,'',600,431,'7cefe4f139b1ce7e9b531b0c60c7e857',1,'htij_jbl_pebbles.jpeg','htij_jbl_pebbles.jpeg','image/jpeg','r',68275,1483703428),(96,32,20,'',600,600,'4d2765bd12551d426cabc03582b3bd59',1,'htij_jbl_pebbles_white.jpeg','htij_jbl_pebbles_white.jpeg','image/jpeg','r',62392,1483703428),(97,32,30,'',650,464,'531faddc7ed0c210d4859fbce175d670',1,'htij_jbl_pebbles_inuse.jpeg','htij_jbl_pebbles_inuse.jpeg','image/jpeg','r',107177,1483703428),(98,32,40,'',500,294,'bb851fc510ab249444cf386ecfb4cdad',1,'htij_jbl_pebbles_aux.jpeg','htij_jbl_pebbles_aux.jpeg','image/jpeg','r',31561,1483703428),(99,33,10,'',600,600,'ef7418d64fcf99b9ee40d8acab3f29a6',1,'1585_bright_idea_usb_powered_light_bulb.jpeg','1585_bright_idea_usb_powered_light_bulb.jpeg','image/jpeg','r',36096,1483703428),(100,33,20,'',600,400,'8f09edb79b5d8a68e18336eb624b27bf',1,'1585_bright_idea_usb_powered_light_bulb_inuse.jpeg','1585_bright_idea_usb_powered_light_bulb_inuse.jpeg','image/jpeg','r',38260,1483703428),(101,34,10,'',600,600,'b348b2077ee593dc8c922f56a1913871',1,'hujs_mj_tech_android_tablet.jpeg','hujs_mj_tech_android_tablet.jpeg','image/jpeg','r',84485,1483703428),(102,34,20,'',600,600,'c0d8948cdd776362a4c7ce4d501a6ae4',1,'hujs_mj_tech_android_tablet_inuse1.jpeg','hujs_mj_tech_android_tablet_inuse1.jpeg','image/jpeg','r',43912,1483703428),(103,34,30,'',600,600,'3cbe09ff9d64463e1bf8476fa4309c1d',1,'hujs_mj_tech_android_tablet_inuse2.jpeg','hujs_mj_tech_android_tablet_inuse2.jpeg','image/jpeg','r',55501,1483703428),(104,34,40,'',600,600,'fa01596fa8cd89271f447235297a80ed',1,'hujs_mj_tech_android_tablet_inuse3.jpeg','hujs_mj_tech_android_tablet_inuse3.jpeg','image/jpeg','r',73010,1483703428),(105,35,10,'',443,650,'300166556b9eb66040a7d333736f2c9e',1,'210b_bactrack_vio_bluetooth_app_breathalyzer.jpeg','210b_bactrack_vio_bluetooth_app_breathalyzer.jpeg','image/jpeg','r',64534,1483703428),(106,35,20,'',600,600,'9f723753a2667260830da27f8eb0c6f8',1,'210b_bactrack_vio_bluetooth_breathalyzer_iwatch.jpeg','210b_bactrack_vio_bluetooth_breathalyzer_iwatch.jpeg','image/jpeg','r',47798,1483703428),(107,35,30,'',600,600,'76f210c1ee8add433af7825f36dbf91e',1,'210b_bactrack_vio_bluetooth_app_breathalyzer_inuse.jpeg','210b_bactrack_vio_bluetooth_app_breathalyzer_inuse.jpeg','image/jpeg','r',191341,1483703428),(108,35,40,'',600,600,'842631017cf5d505dbe138140c70aada',1,'210b_bactrack_vio_bluetooth_app_breathalyzer_flat.jpeg','210b_bactrack_vio_bluetooth_app_breathalyzer_flat.jpeg','image/jpeg','r',62884,1483703428),(109,35,50,'',600,600,'2d7f8f35be37b9b78baa4e461e49edb4',1,'210b_bactrack_vio_bluetooth_app_breathalyzer_table.jpeg','210b_bactrack_vio_bluetooth_app_breathalyzer_table.jpeg','image/jpeg','r',119636,1483703428),(110,36,10,'',400,457,'c1ef02e57ec0704abef3c49804d6a657',1,'b29e_coffee_cup_inverter.jpeg','b29e_coffee_cup_inverter.jpeg','image/jpeg','r',40012,1483703428),(111,36,20,'',400,400,'e50d80439d4e042eaeeade6f7b7dd8cc',1,'b29e_coffee_cup_inverter_inuse.jpeg','b29e_coffee_cup_inverter_inuse.jpeg','image/jpeg','r',21338,1483703428),(112,36,30,'',400,529,'b71576d5208de87a438b2afca979d61a',1,'b29e_coffee_cup_inverter_package.jpeg','b29e_coffee_cup_inverter_package.jpeg','image/jpeg','r',62191,1483703428),(113,37,10,'',434,555,'7c496eb8f98a19598e79085dc6c9b413',1,'iphone6.png','iphone6.png','image/png','r',204624,1483703428),(114,37,20,'',596,700,'7b31cc098f64e11ab86415d975c1634c',1,'iPhone6_4.jpeg','iPhone6_4.jpeg','image/jpeg','r',60034,1483703428),(115,37,30,'',251,700,'f7c55bebb2e8b115d5678711a531706a',1,'iPhone6_1.jpeg','iPhone6_1.jpeg','image/jpeg','r',69709,1483703428),(116,38,10,'',570,395,'b92f4280751694ef9ff8a60142eac20f',1,'i.jpeg','i.jpeg','image/jpeg','r',71095,1483703428),(117,39,10,'',401,454,'8171ff2e936ff1a3d1727dc9c76237f0',1,'watch.jpeg','watch.jpeg','image/jpeg','r',40976,1483703428),(118,39,20,'',402,454,'7393ee207d0f27e7481c312863a41499',1,'watch1.jpeg','watch1.jpeg','image/jpeg','r',56147,1483703428),(119,39,30,'',402,454,'7f0a93726883f9de0d1096ed58f08dfa',1,'watch2.jpeg','watch2.jpeg','image/jpeg','r',52241,1483703428),(120,39,40,'',402,454,'204996ecab73e6f98929a914d521519f',1,'watch3.jpeg','watch3.jpeg','image/jpeg','r',56314,1483703428),(121,39,50,'',402,454,'33eef30214ca2bb9e0806c1effc425e3',1,'watch5.jpeg','watch5.jpeg','image/jpeg','r',49611,1483703428),(122,40,10,'',600,600,'c5960933ec4cdd77e294d63d9df1beb8',1,'htjm_astro_a30_headset_black.jpeg','htjm_astro_a30_headset_black.jpeg','image/jpeg','r',69981,1483703428),(123,40,20,'',600,600,'fd730b61152a7b1b90d76571a49adc4b',1,'htjm_astro_a30_headset_white.jpeg','htjm_astro_a30_headset_white.jpeg','image/jpeg','r',63728,1483703428),(124,40,30,'',600,600,'973877d2733ee6743d0a23d179f9a2f9',1,'htjm_astro_a30_headset_black_controls.jpeg','htjm_astro_a30_headset_black_controls.jpeg','image/jpeg','r',60723,1483703428),(125,40,40,'',600,600,'f7b8674dad644a3aafb60cd33297f381',1,'htjm_astro_a30_headset_black_side.jpeg','htjm_astro_a30_headset_black_side.jpeg','image/jpeg','r',54352,1483703428),(126,40,50,'',600,600,'4ca30f764ff3e0f901bc50f62df65139',1,'htjm_astro_a30_headset_black_flat.jpeg','htjm_astro_a30_headset_black_flat.jpeg','image/jpeg','r',71614,1483703428),(127,40,60,'',600,600,'2d04cbbcc7e96cee2a9cf0552a7e919e',1,'htjm_astro_a30_headset_white_flat.jpeg','htjm_astro_a30_headset_white_flat.jpeg','image/jpeg','r',64852,1483703428),(128,41,10,'',434,555,'63aa9e8a4202d789debffd66f16adbee',1,'iphone6plus.png','iphone6plus.png','image/png','r',237417,1483703428),(129,41,20,'',596,700,'a12d518ccc29cdc663b4ca5dd1b430b5',1,'iPhone6_4_1.jpeg','iPhone6_4.jpeg','image/jpeg','r',59053,1483703428),(130,41,30,'',251,700,'5a773b2c48e337315b0421d25a9556d1',1,'iPhone6_1_1.jpeg','iPhone6_1.jpeg','image/jpeg','r',69713,1483703428),(131,42,10,'iPhone 5S',437,498,'a0cd365d4abdf63263fc166fdaa68461',1,'iphonese-select-2016.png','iphonese-select-2016.png','image/png','r',149929,1483703428);
CREATE TABLE `xlite_product_membership_links` (
  `product_id` int(10) unsigned NOT NULL,
  `membership_id` int(10) unsigned NOT NULL,
  PRIMARY KEY (`product_id`,`membership_id`),
  KEY `IDX_E924C4344584665A` (`product_id`),
  KEY `IDX_E924C4341FB354CD` (`membership_id`),
  CONSTRAINT `FK_E924C4341FB354CD` FOREIGN KEY (`membership_id`) REFERENCES `xlite_memberships` (`membership_id`) ON DELETE CASCADE,
  CONSTRAINT `FK_E924C4344584665A` FOREIGN KEY (`product_id`) REFERENCES `xlite_products` (`product_id`) ON DELETE CASCADE
) ENGINE=InnoDB DEFAULT CHARSET=utf8 COLLATE=utf8_unicode_ci;
CREATE TABLE `xlite_product_stats` (
  `stat_id` int(10) unsigned NOT NULL AUTO_INCREMENT,
  `viewed_product_id` int(10) unsigned DEFAULT NULL,
  `bought_product_id` int(10) unsigned DEFAULT NULL,
  `count` int(10) unsigned NOT NULL,
  PRIMARY KEY (`stat_id`),
  KEY `IDX_B01836BC658EF086` (`viewed_product_id`),
  KEY `IDX_B01836BC3BA20971` (`bought_product_id`),
  CONSTRAINT `FK_B01836BC3BA20971` FOREIGN KEY (`bought_product_id`) REFERENCES `xlite_products` (`product_id`) ON DELETE CASCADE,
  CONSTRAINT `FK_B01836BC658EF086` FOREIGN KEY (`viewed_product_id`) REFERENCES `xlite_products` (`product_id`) ON DELETE CASCADE
) ENGINE=InnoDB DEFAULT CHARSET=utf8 COLLATE=utf8_unicode_ci;
CREATE TABLE `xlite_product_tab_translations` (
  `label_id` int(11) NOT NULL AUTO_INCREMENT,
  `id` int(10) unsigned DEFAULT NULL,
  `name` varchar(255) COLLATE utf8_unicode_ci NOT NULL,
  `content` longtext COLLATE utf8_unicode_ci NOT NULL,
  `code` char(2) COLLATE utf8_unicode_ci NOT NULL,
  PRIMARY KEY (`label_id`),
  KEY `IDX_D669DEC9BF396750` (`id`),
  CONSTRAINT `FK_D669DEC9BF396750` FOREIGN KEY (`id`) REFERENCES `xlite_product_tabs` (`id`) ON DELETE CASCADE
) ENGINE=InnoDB DEFAULT CHARSET=utf8 COLLATE=utf8_unicode_ci;
INSERT INTO `xlite_product_tab_translations` VALUES (1,1,'Privacy','<h1 class=\"hero-headline\">Apple’s commitment to your privacy</h1>\n<p>At Apple, your trust means everything to us. That’s why we respect your privacy and protect it with strong encryption, plus strict policies that govern how all data is handled.</p>\n<p>Security and privacy are fundamental to the design of all our hardware, software, and services, including iCloud and new services like Apple Pay. And we continue to make improvements. Two-step verification, which we encourage all our customers to use, in addition to protecting your Apple ID account information, now also protects all of the data you store and keep up to date with iCloud.</p>\n<p>We believe in telling you up front exactly what’s going to happen to your personal information and asking for your permission before you share it with us. And if you change your mind later, we make it easy to stop sharing with us. Every Apple product is designed around those principles. When we do ask to use your data, it’s to provide you with a better user experience.</p>\n<p>We’re publishing this website to explain how we handle your personal information, what we do and don’t collect, and why. We’re going to make sure you get updates here about privacy at Apple at least once a year and whenever there are significant changes to our policies.</p>\n<p>A few years ago, users of Internet services began to realize that when an online service is free, you’re not the customer. You’re the product. But at Apple, we believe a great customer experience shouldn’t come at the expense of your privacy.</p>\n<p>Our business model is very straightforward: We sell great products. We don’t build a profile based on your email content or web browsing habits to sell to advertisers. We don’t “monetize” the information you store on your iPhone or in iCloud. And we don’t read your email or your messages to get information to market to you. Our software and services are designed to make our devices better. Plain and simple.</p>\n<p>One very small part of our business does serve advertisers, and that’s iAd. We built an advertising network because some app developers depend on that business model, and we want to support them as well as a free iTunes Radio service. iAd sticks to the same privacy policy that applies to every other Apple product. It doesn’t get data from Health and HomeKit, Maps, Siri, iMessage, your call history, or any iCloud service like Contacts or Mail, and you can always just opt out altogether.</p>\n<p>Finally, I want to be absolutely clear that we have never worked with any government agency from any country to create a backdoor in any of our products or services. We have also never allowed access to our servers. And we never will.</p>\n<p>Our commitment to protecting your privacy comes from a deep respect for our customers. We know that your trust doesn’t come easy. That’s why we have and always will work as hard as we can to earn and keep it.</p>\n<p><strong>Tim Cook</strong><br /><span class=\"attribution-title\">CEO, Apple Inc.</span></p>','en'),(2,1,'Конфиденциальность','<h1 class=\"hero-headline\">Политика конфиденциальности Apple</h1>\n<p>Компания Apple очень дорожит вашим доверием. И мы уважаем ваше право на защиту личных данных. Чтобы обеспечить конфиденциальность, мы используем надёжное шифрование и выполняем строгие правила, которые применяются при обработке любой информации.</p>\n<p>Безопасность и конфиденциальность лежат в основе всех наших устройств, приложений и служб, включая iCloud и новые сервисы, такие как Apple Pay. И мы продолжаем совершенствовать средства защиты. Так, все данные, которые хранятся в iCloud или синхронизируются через него, теперь защищаются при помощи проверки подлинности в два этапа. Мы всем рекомендуем пользоваться ей и обязательно хранить в тайне Apple ID и пароль.</p>\n<p>Мы считаем своей обязанностью заранее предупреждать вас о том, что может случиться с вашей личной информацией, и получать согласие на предоставление этих данных. А если вы передумаете, то в любой момент сможете отключить передачу личных данных. По этому принципу работает каждый продукт Apple. Если мы запрашиваем ваши данные, то только для того, чтобы вам было проще и удобнее пользоваться нашей продукцией.</p>\n<p>Мы создали этот веб-сайт, чтобы объяснить вам, как и почему мы используем личную информацию, какие сведения мы собираем, а какие нет. Мы обязательно будем обновлять текст Политики конфиденциальности на этом сайте как минимум раз в год, а также при внесении любых существенных изменений.</p>\n<p>Несколько лет назад пользователи некоторых интернет-сервисов стали замечать, что из клиентов они превращаются в товар. Мы в Apple убеждены, что высокое качество обслуживания не должно достигаться в ущерб конфиденциальности.</p>\n<p>Модель нашего бизнеса крайне проста: мы продаём отличные продукты. Мы не создаём досье на основе переписки, истории просмотра веб-сайтов и других действий, и мы никогда не выставим на продажу данные своих пользователей. Мы не пытаемся заработать на информации, которую вы храните на iPad и в iCloud. И мы не читаем вашу почту и сообщения, чтобы показывать вам рекламу. Наше программное обеспечение и услуги созданы для вашего удобства. И ни для чего другого.</p>\n<p>Единственное, что мы делаем для рекламодателей — это iAd. Мы создали рекламную сеть, потому что некоторые разработчики зависят от такой модели ведения бизнеса, и нам хотелось бы их поддержать. То же самое можно сказать про бесплатную службу iTunes Radio. iAd подчиняется той же политике безопасности, что и все остальные решения Apple. Она не получает информацию от приложений Здоровье, HomeKit, Карты, Siri и iMessage, не имеет доступа к истории звонков, не подключается к таким службам iCloud, как Контакты или Mail, и так далее. И вы можете полностью от неё отказаться в любой момент.</p>\n<p>Наконец, я хотел бы прямо заявить, что мы никогда не сотрудничали с государственными органами каких бы то ни было стран на предмет создания «лазеек» в наших продуктах и службах. Мы никогда не давали доступа к нашим серверам. И обязуемся не делать этого в будущем.</p>\n<p>Мы защищаем вашу личную информацию, потому что уважаем вас. Мы знаем, как непросто заслужить доверие. И именно поэтому мы всегда будем делать всё возможное, чтобы не утратить его.</p>\n<p><strong>Тим Кук</strong><br /><span class=\"attribution-title\">Генеральный директор Apple Inc.</span></p>','ru'),(3,2,'Конфиденциальность','<h1 class=\"hero-headline\">Политика конфиденциальности Apple</h1>\n<p>Компания Apple очень дорожит вашим доверием. И мы уважаем ваше право на защиту личных данных. Чтобы обеспечить конфиденциальность, мы используем надёжное шифрование и выполняем строгие правила, которые применяются при обработке любой информации.</p>\n<p>Безопасность и конфиденциальность лежат в основе всех наших устройств, приложений и служб, включая iCloud и новые сервисы, такие как Apple Pay. И мы продолжаем совершенствовать средства защиты. Так, все данные, которые хранятся в iCloud или синхронизируются через него, теперь защищаются при помощи проверки подлинности в два этапа. Мы всем рекомендуем пользоваться ей и обязательно хранить в тайне Apple ID и пароль.</p>\n<p>Мы считаем своей обязанностью заранее предупреждать вас о том, что может случиться с вашей личной информацией, и получать согласие на предоставление этих данных. А если вы передумаете, то в любой момент сможете отключить передачу личных данных. По этому принципу работает каждый продукт Apple. Если мы запрашиваем ваши данные, то только для того, чтобы вам было проще и удобнее пользоваться нашей продукцией.</p>\n<p>Мы создали этот веб-сайт, чтобы объяснить вам, как и почему мы используем личную информацию, какие сведения мы собираем, а какие нет. Мы обязательно будем обновлять текст Политики конфиденциальности на этом сайте как минимум раз в год, а также при внесении любых существенных изменений.</p>\n<p>Несколько лет назад пользователи некоторых интернет-сервисов стали замечать, что из клиентов они превращаются в товар. Мы в Apple убеждены, что высокое качество обслуживания не должно достигаться в ущерб конфиденциальности.</p>\n<p>Модель нашего бизнеса крайне проста: мы продаём отличные продукты. Мы не создаём досье на основе переписки, истории просмотра веб-сайтов и других действий, и мы никогда не выставим на продажу данные своих пользователей. Мы не пытаемся заработать на информации, которую вы храните на iPad и в iCloud. И мы не читаем вашу почту и сообщения, чтобы показывать вам рекламу. Наше программное обеспечение и услуги созданы для вашего удобства. И ни для чего другого.</p>\n<p>Единственное, что мы делаем для рекламодателей — это iAd. Мы создали рекламную сеть, потому что некоторые разработчики зависят от такой модели ведения бизнеса, и нам хотелось бы их поддержать. То же самое можно сказать про бесплатную службу iTunes Radio. iAd подчиняется той же политике безопасности, что и все остальные решения Apple. Она не получает информацию от приложений Здоровье, HomeKit, Карты, Siri и iMessage, не имеет доступа к истории звонков, не подключается к таким службам iCloud, как Контакты или Mail, и так далее. И вы можете полностью от неё отказаться в любой момент.</p>\n<p>Наконец, я хотел бы прямо заявить, что мы никогда не сотрудничали с государственными органами каких бы то ни было стран на предмет создания «лазеек» в наших продуктах и службах. Мы никогда не давали доступа к нашим серверам. И обязуемся не делать этого в будущем.</p>\n<p>Мы защищаем вашу личную информацию, потому что уважаем вас. Мы знаем, как непросто заслужить доверие. И именно поэтому мы всегда будем делать всё возможное, чтобы не утратить его.</p>\n<p><strong>Тим Кук</strong><br /><span class=\"attribution-title\">Генеральный директор Apple Inc.</span></p>','ru'),(4,2,'Privacy','<h1 class=\"hero-headline\">Apple’s commitment to your privacy</h1>\n<p>At Apple, your trust means everything to us. That’s why we respect your privacy and protect it with strong encryption, plus strict policies that govern how all data is handled.</p>\n<p>Security and privacy are fundamental to the design of all our hardware, software, and services, including iCloud and new services like Apple Pay. And we continue to make improvements. Two-step verification, which we encourage all our customers to use, in addition to protecting your Apple ID account information, now also protects all of the data you store and keep up to date with iCloud.</p>\n<p>We believe in telling you up front exactly what’s going to happen to your personal information and asking for your permission before you share it with us. And if you change your mind later, we make it easy to stop sharing with us. Every Apple product is designed around those principles. When we do ask to use your data, it’s to provide you with a better user experience.</p>\n<p>We’re publishing this website to explain how we handle your personal information, what we do and don’t collect, and why. We’re going to make sure you get updates here about privacy at Apple at least once a year and whenever there are significant changes to our policies.</p>\n<p>A few years ago, users of Internet services began to realize that when an online service is free, you’re not the customer. You’re the product. But at Apple, we believe a great customer experience shouldn’t come at the expense of your privacy.</p>\n<p>Our business model is very straightforward: We sell great products. We don’t build a profile based on your email content or web browsing habits to sell to advertisers. We don’t “monetize” the information you store on your iPhone or in iCloud. And we don’t read your email or your messages to get information to market to you. Our software and services are designed to make our devices better. Plain and simple.</p>\n<p>One very small part of our business does serve advertisers, and that’s iAd. We built an advertising network because some app developers depend on that business model, and we want to support them as well as a free iTunes Radio service. iAd sticks to the same privacy policy that applies to every other Apple product. It doesn’t get data from Health and HomeKit, Maps, Siri, iMessage, your call history, or any iCloud service like Contacts or Mail, and you can always just opt out altogether.</p>\n<p>Finally, I want to be absolutely clear that we have never worked with any government agency from any country to create a backdoor in any of our products or services. We have also never allowed access to our servers. And we never will.</p>\n<p>Our commitment to protecting your privacy comes from a deep respect for our customers. We know that your trust doesn’t come easy. That’s why we have and always will work as hard as we can to earn and keep it.</p>\n<p><strong>Tim Cook</strong><br /><span class=\"attribution-title\">CEO, Apple Inc.</span></p>','en');
CREATE TABLE `xlite_product_tabs` (
  `id` int(10) unsigned NOT NULL AUTO_INCREMENT,
  `product_id` int(10) unsigned DEFAULT NULL,
  `position` int(11) NOT NULL,
  `enabled` tinyint(1) NOT NULL,
  PRIMARY KEY (`id`),
  KEY `IDX_F5B7716D4584665A` (`product_id`),
  CONSTRAINT `FK_F5B7716D4584665A` FOREIGN KEY (`product_id`) REFERENCES `xlite_products` (`product_id`) ON DELETE CASCADE
) ENGINE=InnoDB DEFAULT CHARSET=utf8 COLLATE=utf8_unicode_ci;
INSERT INTO `xlite_product_tabs` VALUES (1,37,0,1),(2,42,0,1);
CREATE TABLE `xlite_product_translations` (
  `label_id` int(11) NOT NULL AUTO_INCREMENT,
  `id` int(10) unsigned DEFAULT NULL,
  `name` varchar(255) COLLATE utf8_unicode_ci NOT NULL,
  `description` longtext COLLATE utf8_unicode_ci NOT NULL,
  `briefDescription` longtext COLLATE utf8_unicode_ci NOT NULL,
  `metaTags` varchar(255) COLLATE utf8_unicode_ci NOT NULL,
  `metaDesc` longtext COLLATE utf8_unicode_ci NOT NULL,
  `metaTitle` varchar(255) COLLATE utf8_unicode_ci NOT NULL,
  `code` char(2) COLLATE utf8_unicode_ci NOT NULL,
  PRIMARY KEY (`label_id`),
  KEY `ci` (`code`,`id`),
  KEY `id` (`id`),
  KEY `name` (`name`),
  CONSTRAINT `FK_F48089BABF396750` FOREIGN KEY (`id`) REFERENCES `xlite_products` (`product_id`) ON DELETE CASCADE
) ENGINE=InnoDB DEFAULT CHARSET=utf8 COLLATE=utf8_unicode_ci;
INSERT INTO `xlite_product_translations` VALUES (1,1,'Mordorable! Fitted Ladies\' Tee','<h4 class=\"prodheader\">TALK ABOUT PRECIOUSSSSS!</h4>\n<p>One does not simply walk into Mordor. It\'s best if one <em>skips</em>. Holding hands and singing showtunes, preferably. This shirt features a montage of all the cuteness that\'s to be had when you visit Mordor. There\'s little Gollum waving hello or goodbye or something to The One Ring. Isn\'t it preciousssss? A big ol\' snuggledy battle troll waits patiently to give out \"Free Hugs,\" and an Uruk-hai says \"o hai!\" over his shoulder. In the distance, there\'s Mount Doom with its explosion of lava (read: candy) and happy, puffy clouds of vog. Through the sky flies a friendly Nazgul on his Fell Beast (rawr!). The whole scene is watched over by the big, blinky eye of Sauron perched between the pinnacles of Barad-dûr. Face it. It\'s Mordorable.</p>\n<p>All the cuteness of Mordor is captured on this teal babydoll shirt. Fitted in juniors sizes. Despite the above description, ThinkGeek warns of the potential risks of traveling to Mordor and urges caution when traveling there. And you should definitely be up on your immunizations.</p>','<p>Who doesn\'t want to go to Mordor? With its mountain vistas and minimalist landscapes, your vacation photos are sure to turn out great. (Did we mention black is slimming?) Ancient castles to visit. New species to observe. It\'s the adventure of a lifetime</p>','','Who doesn\'t want to go to Mordor? With its mountain vistas and minimalist landscapes, your vacation photos are sure to turn out great. (Did we mention black is slimming?) Ancient castles to visit. New species to observe. It\'s the adventure of a lifetime','','en'),(2,2,'Octopus Cardigan','<h4 class=\"prodheader\">FOR HUMANS</h4>\n<p>What would you do with eight arms? At first, we thought, \"FOUR LAPTOPS!\" Then we realized that we still only had one pair of eyes. Now we\'re thinking two laptops, an iPod, some knitting, and one arm left for scratching any itches that arise. (Ever notice how you always get itchy whenever your hands are full or nail polish is drying? Pesky!)</p>\n<p>This Octopus Cardigan is for two-armed lifeforms, specifically humanoid. It is 100% cotton black colored cardigan with green Octopus design. See the chart below to select your size.</p>\n<table><tbody><tr><td> </td>\n<td>S</td>\n<td>M</td>\n<td>L</td>\n<td>XL</td>\n</tr><tr><td>Chest</td>\n<td>34 in.</td>\n<td>36 in.</td>\n<td>38 in.</td>\n<td>41 in.</td>\n</tr><tr><td>Length</td>\n<td>16 in.</td>\n<td>16 1/4 in.</td>\n<td>16 1/2 in.</td>\n<td>16 3/4 in.</td>\n</tr></tbody></table>','<p>No, no, not a cardigan FOR an octopus. This one only has two arms, so it\'s for a human. Of course, if you knew a cold octopus, this could warm two of its limbs.</p>','','No, no, not a cardigan FOR an octopus. This one only has two arms, so it\'s for a human. Of course, if you knew a cold octopus, this could warm two of its limbs.','','en'),(3,3,'Spiderman Selfie Ladies\' Tee','<h4 class=\"prodheader\">SELFIE SENSES TINGLING</h4>\n<p>Being a photojournalist for the <em>Daily Bugle</em>, you\'d think Peter Parker would understand how selfies work. Although maybe he\'s taking this shot in a mirror and he\'s going to scan the finished product and post it to Facebook. Or maybe the word \"FLASH!\" in the burst is actually a tip that The Flash is just off the side of this image taking a picture with his phone of Spidey with his camera. Although that would be comic book universes colliding.... Maybe we think about things too much.</p>\n<p>Spiderman taking a photo with the hashtag #amazing beneath on the front of this black, 100% cotton ladies\' shirt. Machine wash cold. Tumble dry low or lay flat to dry. Imported.</p>\n<p><em>Please note that the model is wearing a size medium.</em></p>\n<p>Sizing Table</p>\n<table><tbody><tr><td> </td>\n<td>S</td>\n<td>M</td>\n<td>L</td>\n<td>XL</td>\n<td>2X</td>\n<td>3X</td>\n<td> </td>\n</tr><tr><td>Chest</td>\n<td>32 in.</td>\n<td>34 in.</td>\n<td>36 in.</td>\n<td>38 in.</td>\n<td>40 in.</td>\n<td>42 in.</td>\n<td>  </td>\n</tr><tr><td>Body Length</td>\n<td>25 3/4 in.</td>\n<td>26 1/2 in.</td>\n<td>27 1/4 in.</td>\n<td>28 in.</td>\n<td>28 3/4 in.</td>\n<td>30 in.</td>\n</tr></tbody></table>','<p>We\'ll just warn you that if you check this hashtag your mileage may vary. What people think is \"amazing\" differs vastly.</p>','','We\'ll just warn you that if you check this hashtag your mileage may vary. What people think is \"amazing\" differs vastly.','','en'),(4,4,'Star Wars Tissue-Weight Fitted Ladies\' Tee','<h4 class=\"prodheader\">ARE YOU A FAN?</h4>\n<p>As female Star Wars fans, our cosplay options were previously fairly limited. Leia, Slave Leia, maybe a Twi\'lek if you had the patience to paint yourself blue. But thanks to some brave pioneers, crossplay is alive and well in the Star Wars fandom, so we can freely be totally awesome versions of Han Solo, Boba Fett, or even Chewbacca. We\'ve tailored our costumes to meet the needs of our bodies <em>and</em> our fandom. The same should go for our t-shirts, right?</p>\n<p>Star Wars printed in white on a tissue-weight, heather plum, 65% cotton / 35% polyester babydoll (fitted) shirt.</p>\n<p>Note: Please reference the table below to choose your size.</p>\n<table><tbody><tr><td> </td>\n<td>S</td>\n<td>M</td>\n<td>L</td>\n<td>XL</td>\n<td>2X</td>\n</tr><tr><td>Chest</td>\n<td>32 1/2 in.</td>\n<td>34 1/2 in.</td>\n<td>36 1/2 in.</td>\n<td>39 1/2 in.</td>\n<td>41 1/2 in.</td>\n</tr><tr><td>Body Length</td>\n<td>25 in.</td>\n<td>26 in.</td>\n<td>27 in.</td>\n<td>28 in.</td>\n<td>29 in.</td>\n</tr></tbody></table>','<h4 class=\"prodheader\">ARE YOU A FAN?</h4>\n<p>Here is something made especially for all those women who are Star Wars fans! It is cool, it is feminine, and it shows that you are a true fan!</p>','','ARE YOU A FAN?\nHere is something made especially for all those women who are Star Wars fans! It is cool, it is feminine, and it shows that you are a true fan!','','en'),(5,5,'Wonder Woman Hockey Stripe Ladies\' Tee','<div id=\"proddescription\">\n<h4 class=\"prodheader\">*CUE THE THEME MUSIC*</h4>\n<p>Ever notice that nearly every heroine has the superpower of Awesome Hair? Seriously, not a strand out of place, even when they\'re flying, kicking the crap out of someone, or running through a sewer. Perfect. Hair. *sigh* We\'re so jealous.</p>\n<p>Well, heroines and Thor.</p>\n<p>Wonder Woman\'s logo on the front of this blue, 50% cotton / 50% polyester ladies\' shirt. Sleeves have white and blue stripes. Machine wash cold. Tumble dry low or lay flat to dry. Imported.</p>\n<p><em>Please note that the model is wearing a size medium.</em></p>\n<table><tbody><tr><td> </td>\n<td>S</td>\n<td>M</td>\n<td>L</td>\n<td>XL</td>\n<td>2X</td>\n</tr><tr><td>Chest</td>\n<td>30 in.</td>\n<td>32 in</td>\n<td>34 in.</td>\n<td>36 in.</td>\n<td>38 in.</td>\n</tr><tr><td>Waist</td>\n<td>28 in.</td>\n<td>30 in.</td>\n<td>32 in.</td>\n<td>34 in.</td>\n<td>36 in.</td>\n</tr><tr><td>Body Length</td>\n<td>24 in.</td>\n<td>25 in.</td>\n<td>26 in.</td>\n<td>27 in.</td>\n<td>28 in.</td>\n</tr><tr><td>Sleeve Length</td>\n<td>9 3/4 in.</td>\n<td>10 in.</td>\n<td>10 1/4 in.</td>\n<td>10 1/2 in.</td>\n<td>10 3/4 in.</td>\n</tr></tbody></table></div>\n<div id=\"bullets\"> </div>\n<div id=\"olapic_specific_widget\" class=\"olapic olapic-widget-rendered olapic-chrome olapic_items_0 olapic_slide_horizontal\"> </div>','<h4 class=\"prodheader\">*CUE THE THEME MUSIC*</h4>\n<p>If you spin around really fast in this shirt, you won\'t turn into Wonder Woman. But you might get vertigo and fall over. So it\'s probably best if you don\'t do that.</p>','','*CUE THE THEME MUSIC*\nIf you spin around really fast in this shirt, you won\'t turn into Wonder Woman. But you might get vertigo and fall over. So it\'s probably best if you don\'t do that.','','en'),(6,6,'Star Trek Command Cycle Jersey','<h4 class=\"prodheader\">BOLDLY GO! ON YOUR LEFT...</h4>\n<p>Star Trek fans are doctors, lawyers, politicians, coders, engineers, artists, and athletes. They are everywhere, and they are legion. Recognizing each other by their clothes, jewelry, bags, and bumper stickers, they greet each other with a lift of an eyebrow, and a traditional Vulcan salute, answering \"Peace and Long Life\" with the venerated \"Live Long and Prosper.\"</p>\n<p>Once shunted into the back-alleys of fandom, Star Trek fans are now coming out of the woodwork, wearing their pride openly and declaring to the world, \"I\'m a Trekkie. You\'ll have to deal with it.\"</p>\n<p>And you don\'t have to pilot a starship to be a Star Trek fan! You can trade in your warp nacelles for two wheels, and hit the dusty streets and trails of planet Earth. Our new bicycle jersey is made of space-age AIRpass-Pro fiber, which wicks away moisture.</p>\n<p>Product Specifications</p>\n<ul><li>Space-age bicycle jersey is science fact</li>\n<li>Officially-licensed Star Trek merchandise</li>\n<li>Command gold pattern on sleeves and sides made up of alternating Starfleet badges</li>\n<li>Great for the Trek-fan biker in your life</li>\n<li>AIRpass-Pro moisture wicking technology</li>\n<li>UV protection</li>\n<li>Wicks away moisture, keeping you cool and dry</li>\n<li>Hidden, full-length YKK zipper</li>\n<li>3 pockets with reinforced stitching</li>\n<li>Silicon Gripper bottom in rear</li>\n<li>Form-fitting for maximum comfort</li>\n<li>Materials: 100% polyester</li>\n<li>Hand wash, lay flat to dry.</li>\n<li>Made in China</li>\n<li>Please reference the table below to determine your size. Note: Front length does not include collar.</li>\n</ul><p> </p>\n<table><tbody><tr><td>\n<p> </p>\n</td>\n<td>\n<p>S</p>\n</td>\n<td>\n<p>M</p>\n</td>\n<td>\n<p>L</p>\n</td>\n<td>\n<p>XL</p>\n</td>\n<td>\n<p>2XL</p>\n</td>\n<td>\n<p>3XL</p>\n</td>\n</tr><tr><td>\n<p>Chest</p>\n</td>\n<td>\n<p>37 - 39\"</p>\n</td>\n<td>\n<p>39 - 41\"</p>\n</td>\n<td>\n<p>41 - 43\"</p>\n</td>\n<td>\n<p>43 - 45\"</p>\n</td>\n<td>\n<p>45 - 47\"</p>\n</td>\n<td>\n<p>47 - 49\"</p>\n</td>\n</tr><tr><td>\n<p>Waist</p>\n</td>\n<td>\n<p>31 - 33\"</p>\n</td>\n<td>\n<p>33 - 36\"</p>\n</td>\n<td>\n<p>37 - 39\"</p>\n</td>\n<td>\n<p>40 - 43\"</p>\n</td>\n<td>\n<p>44 - 46\"</p>\n</td>\n<td>\n<p>47 - 49\"</p>\n</td>\n</tr><tr><td>\n<p>Front Length</p>\n</td>\n<td>\n<p>19\"</p>\n</td>\n<td>\n<p>22\"</p>\n</td>\n<td>\n<p>24\"</p>\n</td>\n<td>\n<p>26\"</p>\n</td>\n<td>\n<p>28\"</p>\n</td>\n<td>\n<p>30\"</p>\n</td>\n</tr></tbody></table>','<h4 class=\"prodheader\">BOLDLY GO! ON YOUR LEFT...</h4>\n<ul><li>Space-age bicycle jersey is science fact</li>\n<li>Officially-licensed Star Trek merchandise</li>\n<li>Command gold pattern on sleeves and sides made up of alternating Starfleet badges</li>\n</ul>','','BOLDLY GO! ON YOUR LEFT...\nSpace-age bicycle jersey is science fact\nOfficially-licensed Star Trek merchandise\nCommand gold pattern on sleeves and sides made up of alternating Starfleet badges\n','','en'),(7,7,'Star Trek Uniform Polos','<h4 class=\"prodheader\">FROM THE FINAL FRONTIER TO THE OFFICE</h4>\n<blockquote><em>Kirk to Scotty: Meet me at the water cooler. We should talk about the game.</em></blockquote>\n<p>Not everyone in Starfleet worked on the bridge of a spaceship. Some of them were computer programmers, IT workers, and engineers, and they worked in a great office with a ping-pong table and casual Friday.</p>\n<p>Join in the fun with a Star Trek uniform polo shirt! Each different color is embroidered with the appropriate symbol from the Original Series: choose between blue (science), red (operations/engineering), and gold (command).</p>\n<p>Product Specifications</p>\n<ul><li>Polo with embroidered Star Trek insignia</li>\n<li>Corporate casual for Starfleet and your office</li>\n<li>Officially licensed STAR TREK product</li>\n<li>Choose between blue, gold and red</li>\n<li>Materials: 50% cotton, 50% polyester</li>\n<li>Custom embroidery approx. 3 inches tall on left chest</li>\n</ul>','<h4 class=\"prodheader\">FROM THE FINAL FRONTIER TO THE OFFICE</h4>\n<p>These Star Trek uniform polo shirts are perfect for the corporate-casual trekkie in all of us. They\'re made from 50% cotton and 50% polyester and feature embroidered science, engineering or command insignia. All you need to do is choose a color!</p>','','FROM THE FINAL FRONTIER TO THE OFFICE\nThese Star Trek uniform polo shirts are perfect for the corporate-casual trekkie in all of us. They\'re made from 50% cotton and 50% polyester and feature embroidered science, engineering or command insignia. All you need to do is choose a color!','','en'),(8,8,'Bow Ties Are Cool [Unlimited QTY]','<div id=\"proddescription\">\n<h4 class=\"prodheader\">NO TYING REQUIRED.</h4>\n<p>There\'s a long history regarding bow ties, neckties, and doctors. Did you know that pediatricians wear bow ties to avoid being strangled by grabby babies? In fact, neckties are such a danger to doctors and patients that British hospitals banned the wearing of neckties in 2007. \"Colonized by pathogens\" was the exact phrase. Yuck.</p>\n<p>Our Doctor, on the other hand, acquired his signature bow tie in an English hospital, where perhaps it once graced the neck of a cardiologist. (It\'s a pity they never met; that would have been a fun EKG.) We\'re not sure if The Doctor chose it for its fashionable qualities or its utilitarian nature, but he\'s succeeded on both counts.</p>\n<p>\"Bow Ties Are Cool\" printed on a navy blue, 100% cotton t-shirt in the classic \"Keep Calm\" font, topped with a bow tie you don\'t ever have to tie.</p>\n</div>','<h4 class=\"prodheader\">NO TYING REQUIRED.</h4>\n<p>Turns out, The Doctor is quite the influential figure in fashion. In the month after the episode <em>The Eleventh Hour</em> aired, bow tie sales at one UK menswear shop grew by 94%. Who knew?</p>','','NO TYING REQUIRED.\nTurns out, The Doctor is quite the influential figure in fashion. In the month after the episode The Eleventh Hour aired, bow tie sales at one UK menswear shop grew by 94%. Who knew?','','en'),(9,9,'Star Trek TNG Uniform Tee','<h4 class=\"prodheader\">CAPTAIN ON THE BRIDGE</h4>\n<p>We all have questions about Deanna Troi\'s uniform choices. Why doesn\'t she have to wear Starfleet standard issue? Why did she choose that weird asymmetrical blue dress? And why, exactly, is Enterprise the only ship in the fleet with a psychic counselor at the captain\'s left hand?</p>\n<p>All of these problems could be solved pretty quickly with this Star Trek uniform tee, inspired by the TNG uniforms. If Counselor Troi had seen the comfort and quality of these casual Starfleet duds, she would have ditched her pastel dresses in a minute.</p>\n<p>Each TNG Uniform Tee is made from 100% cotton high-quality cut-and-sew construction. Sparkly comm badges and pips are screenprinted. Imported.</p>','<h4 class=\"prodheader\">CAPTAIN ON THE BRIDGE</h4>\n<p>Dress like your favorite Enterprise-D crew member! The Star Trek: The Next Generation uniform t-shirts are constructed just for this purpose, the high quality Picard would demand from his crew. Pips and sparkly comm badges are screen-printed on.</p>','','CAPTAIN ON THE BRIDGE\nDress like your favorite Enterprise-D crew member! The Star Trek: The Next Generation uniform t-shirts are constructed just for this purpose, the high quality Picard would demand from his crew. Pips and sparkly comm badges are screen-printed on.','','en'),(10,10,'Ewok Ladies Hooded Tank Top','<h4 class=\"prodheader\">EWOK THE WALK</h4>\n<p>Are you curious? Do you love the forest? Do you express your enjoyment of something through singing and dancing? If you answered yes to all these questions, you, too, might be an Ewok. We didn\'t recognize you without your ears.</p>\n<p>Get this hooded tank top to show everybody your inner Ewok. We\'re going to bypass the ceremony of the Festival of Hoods and just say you\'ve earned this orange hood, complete with little, fuzzy Ewok ears. There are various shades of Ewok brown printed on the front and back of this 100% cotton ladies\' tank top. Back is racerback-style. Machine wash cold. Tumble dry low or lay flat to dry. Imported.</p>\n<p><em>Please note that the model is wearing a size medium. This tank does run small, we recommend going up one size.</em></p>\n<p>Please reference the table below to choose your size. These are the measurements of the body type that will fit each size, not the actual garment.</p>\n<p>Sizing Table</p>\n<table><tbody><tr><td> </td>\n<td>S</td>\n<td>M</td>\n<td>L</td>\n<td>XL</td>\n<td>XXL</td>\n<td>XXXL</td>\n</tr><tr><td>Chest</td>\n<td>34 in.</td>\n<td>36 in.</td>\n<td>37 in.</td>\n<td>38 in.</td>\n<td>39 in.</td>\n<td>41 in.</td>\n</tr><tr><td>Waist</td>\n<td>27 in.</td>\n<td>29 in.</td>\n<td>31 in.</td>\n<td>32 in.</td>\n<td>33 in.</td>\n<td>35 in.</td>\n</tr><tr><td>Hips</td>\n<td>36 in.</td>\n<td>38 in.</td>\n<td>40 in.</td>\n<td>41 in.</td>\n<td>42 in.</td>\n<td>44 in.</td>\n</tr><tr><td>Body Length</td>\n<td>26 1/2 in.</td>\n<td>27 in.</td>\n<td>27 1/2 in.</td>\n<td>28 in.</td>\n<td>28 1/2 in.</td>\n<td>29 in.</td>\n</tr></tbody></table>','<h4 class=\"prodheader\">EWOK THE WALK</h4>\n<ul><li>Makes you look like an Ewok</li>\n<li>Standard tank top in front, racerback-styling in back</li>\n<li>Don\'t make us poke you with the spear</li>\n</ul>','','EWOK THE WALK\nMakes you look like an Ewok\nStandard tank top in front, racerback-styling in back\nDon\'t make us poke you with the spear\n','','en'),(11,11,'DOTA 2 - Series 3 Micro Plush Blind Box','<h4 class=\"prodheader\">FUZZY WUZZY RETURNS</h4>\n<p>Maybe tiny plush isn\'t the first product that comes to mind when you\'re thinking of merchandising your multiplayer online battle arena game. \"Aren\'t you just the cutest little Strygwyr EVAR? Yes you are. Who\'s Daddy\'s little bloodseeker?\" But we all know Valve doesn\'t play by the same rules as other video game companies, so who are we to be surprised?<br /><br />These Series 3 DOTA 2 Microplushes feature 11 different designs to collect: Brewmaster, Dark Seer, Invoker, Jakiro, Juggernaut, Lina, Necrophos, Razor, Staglift, Storm Spirit, and Sven. The 10 commons come with come with an unlock code for \"Imbued Lockless Luckvase 2015.\" Staglift is rare and comes with an additional in-game card.<br /><br />Please note: Digital items are currently limited to one copy per Steam account. If you have previously registered a key for this item to your account, you will be unable to receive a second copy.</p>\n<p>Product Specifications </p>\n<ul><li>DOTA 2 - Series 3 Micro Plush Blind Box</li>\n<li>Officially-licensed <em>Defense of the Ancients 2</em> merchandise</li>\n<li>Blind boxed for maximum surprise (see FAQ below for more info) </li>\n<li>11 different plushes to collect (Brewmaster, Dark Seer, Invoker, Jakiro, Juggernaut, Lina, Necrophos, Razor, Staglift, Storm Spirit, and Sven)</li>\n<li>1 rare in mix: Staglift </li>\n<li>10 commons come with unlock code for \"Imbued Lockless Luckvase 2015\" in DOTA 2</li>\n<li>Staglift comes with an additional in-game card</li>\n<li>Elastic loop on top makes them easy to hang</li>\n<li>Dimensions: 4 1/2\" - 5\" tall</li>\n</ul><p><span style=\"color:#384245;font-family:Lato, Helvetica, Arial, sans-serif;font-size:14.3999996185303px;line-height:22.3999996185303px;\"> </span></p>','<h4 class=\"prodheader\">FUZZY WUZZY RETURNS</h4>\n<ul><li>11 different DOTA 2 Microplushes to collect</li>\n<li>Brewmaster, Dark Seer, Invoker, Jakiro, Juggernaut, Lina, Necrophos, Razor, Staglift, Storm Spirit, Sven</li>\n<li>Each comes with an unlock code for Imbued Lockless Luckvase 2015</li>\n</ul>','','FUZZY WUZZY RETURNS\n11 different DOTA 2 Microplushes to collect\nBrewmaster, Dark Seer, Invoker, Jakiro, Juggernaut, Lina, Necrophos, Razor, Staglift, Storm Spirit, Sven\nEach comes with an unlock code for Imbued Lockless Luckvase 2015\n','','en'),(12,12,'Minions Pop Vinyl Figures','<h4 class=\"prodheader\">CAUSE THEY WEREN\'T CUTE ENOUGH?</h4>\n<p>We hear these little guys are on the lookout for a new evil overlord to follow. Is it you? If so, they\'re guaranteed to make your collectibles shelf at least 27% more mysterious.*</p>\n<p>More Minions have been added to Funko\'s already extensive POP! lineup, this time from the <em>Minions</em> movie. Choose Au Naturel; Eye, Matie; or King Bob.</p>\n<p>*Your collectibles\' mysteriousness not guaranteed to increase in value. Call now. Operators are standing by.</p>\n<p>Product Specifications  </p>\n<p> </p>\n<ul><li>Super-cute Funko POP! versions of Minions</li>\n<li>Officially-licensed Minions movie merchandise</li>\n<li>Choose Au Naturel; Eye, Matie; or King Bob </li>\n<li>Materials: Vinyl</li>\n<li>Dimensions: 3 3/4\" tall (King Bob\'s a little taller overall because of his crown)</li>\n<li>Ages 3+</li>\n<li>WARNING - SMALL PARTS - Not intended for children under 3 years of age</li>\n</ul>','<h4 class=\"prodheader\">CAUSE THEY WEREN\'T CUTE ENOUGH?</h4>\n<ul><li>Super-cute Funko POP! versions of Minions</li>\n<li>Choose Au Naturel; Eye, Matie; or King Bob</li>\n<li>BANANA!!!!</li>\n</ul>','','CAUSE THEY WEREN\'T CUTE ENOUGH?\nSuper-cute Funko POP! versions of Minions\nChoose Au Naturel; Eye, Matie; or King Bob\nBANANA!!!!\n','','en'),(13,13,'Vinyl Idolz: Ghostbusters','<h4 class=\"prodheader\">WHO YOU GONNA SMALL?</h4>\n<p>Are you troubled by strange noises in the middle of the night? Do you experience feelings of dread in your basement or attic? Have you or any member of your family ever seen a spook, specter, or ghost? If the answer is yes, then don\'t wait another minute. Pick up your mouse and order these Vinyl Idolz: Ghostbusters. They\'re ready to believe you!<br /><br />Vinyl Sugar has made tiny versions of your favorite protectors from the paranormal. Choose Dr. Peter Venkman, Dr. Egon Spengler, or Dr. Raymond Stantz. Get these Vinyl Idolz: Ghostbusters some s\'mores, and recreate the movie you love to love. Just don\'t cross the streams. Because that would be bad. <br /><br />Product Specifications  </p>\n<ul><li>Vinyl Idolz: Ghostbusters</li>\n<li>Officially-licensed <em>Ghostbusters</em> merchandise</li>\n<li>Choose Dr. Peter Venkman, Dr. Egon Spengler, or Dr. Raymond Stantz</li>\n<li>Part of the Vinyl Idolz line from Vinyl Sugar (basically Funko) &amp; A Large Evil Corporation</li>\n<li>Materials: Vinyl</li>\n<li>Dimensions: 8\" tall</li>\n</ul>','<h4 class=\"prodheader\">WHO YOU GONNA SMALL?</h4>\n<ul><li>Ghostbusters vinyl figures from the Vinyl Idolz line</li>\n<li>Choose Dr. Peter Venkman, Dr. Egon Spengler, or Dr. Raymond Stantz</li>\n<li>We\'re holding out for the cartoon-y Ecto-1</li>\n</ul>','','WHO YOU GONNA SMALL?\nGhostbusters vinyl figures from the Vinyl Idolz line\nChoose Dr. Peter Venkman, Dr. Egon Spengler, or Dr. Raymond Stantz\nWe\'re holding out for the cartoon-y Ecto-1\n','','en'),(14,14,'DOTA 2 Sniper Plush','<h4 class=\"prodheader\">THIS PLUSH IS ALSO VERY SQUISHY</h4>\n<p>If there\'s one thing we can all agree on, it\'s that Kardel Sharpeye is pretty annoying unless you\'re the one playing him. If we hear \"You got peep\'d!\" one more time, or that inane \"Hee hee hee!\"</p>\n<p>Come here, Dota 2 Sniper Plush. We feel the need to throttle you, and with this convenient little plush, we can totally do it....</p>\n<p>Product Specifications  </p>\n<p> </p>\n<ul><li><em>DOTA 2 </em>Sniper Plush</li>\n<li>Officially-licensed <em>DOTA 2</em> merchandise</li>\n<li> Comes with unlock code for \"Imbued Lockless Luckvessel\" in <em>DOTA 2</em></li>\n<li>Goggles are NOT removable (we might have ripped the eyeballs off our plush checking for you)</li>\n<li>Materials: 100% polyester</li>\n<li>Care Instructions: Spot clean with a damp cloth and mild detergent </li>\n<li>Imported</li>\n<li>Dimensions: </li>\n<li>Ages 13+</li>\n<li>WARNING - SMALL PARTS - Not intended for children under 3 years of age</li>\n</ul>','<h4 class=\"prodheader\">THIS PLUSH IS ALSO VERY SQUISHY</h4>\n<ul><li>Be sure to max out Shrapnel</li>\n<li>Or don\'t</li>\n<li>Comes with an unlock code for Imbued Lockless Luckvessel</li>\n</ul>','','THIS PLUSH IS ALSO VERY SQUISHY\nBe sure to max out Shrapnel\nOr don\'t\nComes with an unlock code for Imbued Lockless Luckvessel\n','','en'),(15,15,'Soft Kitty Singing Plush [Sale] [Reviews]','<h4 class=\"prodheader\">HEAR KITTY, KITTY, KITTY</h4>\n<p>We love \"Soft Kitty,\" but there\'s a problem inherent with the song. In order to sing it properly, you have to be in the presence of a sick person (or, well, Shel-bot). A sick person with a highly-contagious illness. On the sickie\'s behalf, we\'ll also point out that sometimes when you\'re sick, you just don\'t want to see other humans. You feel horrible. You look horrible. You just want to burrow in your blanket cave and be left alone. That\'s when the Soft Kitty Singing Plush comes in handy. It\'s the perfect proxy. Just squeeze its front left paw to get it to sing \"Soft Kitty.\" Best of all, it never gets frustrated when you tell it it has to start over. In fact, every time you press its paw, it starts from the beginning. Good kitty.</p>\n<blockquote>Soft kitty, warm kitty<br />Little ball of fur<br />Happy kitty, sleepy kitty<br />Purr purr purr</blockquote>\n<p> </p>\n<p>Soft Kitty Singing Plush</p>\n<ul><li>10-inches long.</li>\n<li>Collar has a little Bohr-model atom tag with the <em>Big Bang Theory</em> logo.</li>\n<li>Requires 3x 1.5V button-cell batteries (included).</li>\n<li>Pull the clear plastic tab from the battery compartment to activate.</li>\n<li>Sings \"Soft Kitty.\"</li>\n<li>Polyester fiber. All new material.</li>\n<li>Do not machine wash. Surface clean with a damp cloth.</li>\n<li>For ages 3+.</li>\n</ul>','<h4 class=\"prodheader\">HEAR KITTY, KITTY, KITTY</h4>\n<ul><li>Officially-licensed <em>Big Bang Theory</em> product.</li>\n<li>Sings \"Soft Kitty\" when paw is pressed.</li>\n<li>Guaranteed to make you feel better.</li>\n</ul>','','HEAR KITTY, KITTY, KITTY\nOfficially-licensed Big Bang Theory product.\nSings \"Soft Kitty\" when paw is pressed.\nGuaranteed to make you feel better.\n','','en'),(16,16,'Avengers: Fabrikations Plush [Related Products]','<h4 class=\"prodheader\">HUG THE AVENGERS!</h4>\n<p>We\'ve all seen it before. Sometimes when superheroes become established they go soft. They coast on their reputation, remembering past good deeds instead of undertaking new ones. But nobody would accuse the Avengers of such shenanigans - until now.</p>\n<p>They\'ve all gone soft, or, well, at least some of the guys have. Choose Captain America, Hulk, Iron Man, or Thor. Each of these Avengers: Age of Ultron Fabrikations soft-sculpt figures from Funko has only one point of articulation. Their heads turn, as if to say, \"No, we have NOT gone soft. We have gone plushy. It\'s different.\" Take it from our tiny genius, billionaire, playboy, plushanthropist.</p>\n<div id=\"proddescription\">\n<p>Product Specifications  </p>\n<ul><li>Avengers Fabrikations soft-sculpt figures from Funko</li>\n<li>Officially-licensed <em>Avengers: Age of Ultron</em> merchandise</li>\n<li>Choose Captain America, Hulk, Iron Man, or Thor </li>\n<li>Features rotating head</li>\n<li>Flat-bottomed and weighted feet for easy display</li>\n<li>Embroidered details and vinyl accessories</li>\n<li>Care Instructions: Spot clean with a damp cloth and mild detergent </li>\n<li>Imported</li>\n<li>Dimensions: ~6\" tall</li>\n<li>Age 14+</li>\n<li>WARNING - SMALL PARTS - Not intended for children under 3 years of age</li>\n</ul></div>','<h4 class=\"prodheader\">HUG THE AVENGERS!</h4>\n<p>Choose one of these Avengers: Age of Ultron Fabrikations soft-sculpt figures from Funko: Captain America, Hulk, Iron Man, or Thor.</p>','','HUG THE AVENGERS!\nChoose one of these Avengers: Age of Ultron Fabrikations soft-sculpt figures from Funko: Captain America, Hulk, Iron Man, or Thor.','','en'),(17,17,'Ollie - The App Controlled Robot','<h4 class=\"prodheader\">TUBULAR!</h4>\n<p>One of the pieces of feedback the creators of <a href=\"http://www.thinkgeek.com/ed94\">Sphero</a> got about their popular R/C robot was that it could do really cool things, but the users wished it could go faster. So they created Ollie.</p>\n<p>Ollie\'s a cylinder. He can\'t do all the things that his spherical counterpart can do, but he can do one thing particularly well: go fast. How fast? 14 miles an hour. And his wheels spin independently, which basically makes him a tiny skateboarding genius. He can spin, drift, flip, turn, and tumble when you tell him to via an app on your smartphone. He pairs with a touch and works up to 98 ft. away (which is good for a little guy who can escape at a speed of 14 mph). While they were testing him, the creators managed to get one to jump off a ramp over 6 ft. high. Basically over a person. Boo. Yah.</p>\n<p>He\'ll run for an hour (and recharges via micro USB cable, included, which takes 3 hours). That means that on a single charge, we could theoretically drive our Ollie all the way from ThinkGeek World Domination HQ to the Pentagon. Which we\'re sure wouldn\'t raise any eyebrows or cause security alerts. Do not try this at home with your own Ollie. If you do, do not blame us.</p>\n<p>Product Specifications</p>\n<ul><li>Smartphone-controlled robot shaped like a cylinder</li>\n<li>Compatible with iOS 7.0+ and Android 4.4.2+</li>\n<li>Super-fast - top speed of 14 mph</li>\n<li>Wheels spin independently of each other</li>\n<li>Spin, drift, flip, turn, and tumble with app-powered tricks</li>\n<li>Connects to your smartphone via Bluetooth™ LE (pairs via touch)</li>\n<li>Wireless Range: 98 ft.</li>\n<li>Check to see if your device is compatible <a href=\"http://www.gosphero.com/c/#ollie-identifier\">here</a></li>\n<li>4 separate apps for different functions (driving, programming, etc.)</li>\n<li>Automatic firmware updates</li>\n<li>SDK available in <a href=\"https://developer.gosphero.com/\">14 coding languages</a></li>\n<li>Set it to open or closed spaces, hard or soft surfaces</li>\n<li>Future accessories include alternate wheels, tires, hubcaps, and smartramps</li>\n<li>Has LED \"running lights\" that react</li>\n<li>Materials: High-grade polycarbonate body</li>\n<li>Batteries: Rechargeable - charges via micro USB cable (included)</li>\n<li>Runs for 1 hr. on charge; charging takes 3 hrs.</li>\n<li>Dimensions: 9.9\" x 4.8\" x 4.3\"</li>\n<li>Weight: 1.4 lbs.</li>\n<li>Includes Ollie, 2 Nubby Tires (all-terrain), 2 Hubcaps, micro USB charging cable, and a quick start guide</li>\n<li>Note: Unlike <a href=\"http://www.thinkgeek.com/ed94\">Sphero</a>, Ollie is NOT waterproof</li>\n</ul>','<h4 class=\"prodheader\">TUBULAR!</h4>\n<ul><li>Colorful cylinder with a tiny robot inside</li>\n<li>Spin, drift, flip, turn, and tumble with app-powered tricks</li>\n<li>Compatible with iOS and Android devices</li>\n</ul>','','TUBULAR!\nColorful cylinder with a tiny robot inside\nSpin, drift, flip, turn, and tumble with app-powered tricks\nCompatible with iOS and Android devices\n','','en'),(18,18,'PowerUp® 3.0 Smartphone Controlled Paper Airplane','<h4 class=\"prodheader\">TURN ANY PAPER AIRPLANE INTO AN R/C AIRPLANE!</h4>\n<p>Paper airplanes are awesome for relieving office boredom, attacking a coworker or sibling, or sending messages around the Ministry of Magic. But sometimes paper airplanes need just a little more oomph - a little more power. Well, the time has come to easily add that extra power and control the plane with your smartphone with the PowerUp® 3.0 Smartphone Controlled Paper Airplane.</p>\n<p>First, make your airplane. Oooo, nice one. Then, you just slip your PowerUp® 3.0 Smartphone Controlled Paper Airplane propeller-stalk thing onto your paper airplane. It clips to the front, with the prop sticking out the back. Twenty minutes of USB charging, and you\'ll have ten minutes of flight time! Load up the app in your iPhone or Android device, and you\'ll be able to control the paper airplane right from your phone! Control the thrust with a virtual throttle and tilt your phone for steering. Get yerself a PowerUp® 3.0 Smartphone Controlled Paper Airplane, and you will be the ruler of the air!</p>\n<p>Product Specifications  </p>\n<p> </p>\n<ul><li>For Ages 14 and Up</li>\n<li>Turn any paper airplane into a smartphone controlled R/C airplane!</li>\n<li>Connects via Bluetooth</li>\n<li>Features:\n<ul><li>180 feet range</li>\n<li>Crash-proof bumper</li>\n<li>10 minutes of flight on one 20 minute charge</li>\n<li>Crash-proof carbon fiber frame</li>\n<li>Automatic thrust to assist when turning</li>\n<li>Precision control for easy flying</li>\n</ul></li>\n<li>App features:\n<ul><li>Magnetic compass</li>\n<li>Charging status indicator</li>\n<li>Thrust level indicator</li>\n<li>Ascend/Descend lever</li>\n<li>Artificial horizon</li>\n<li>Battery level indicator</li>\n<li>Range indicator</li>\n</ul></li>\n<li>Includes: PowerUp® 3.0 Smart Module, Micro USB cable, Spare propeller, Spare rudder, Display case and mount, 4 PowerUp® paper templates, Waterproof paper template, PowerUp® 3.0 user guide</li>\n<li>Free app available for iOS and Android devices</li>\n<li>Dimensions: approx. 8.25\" long</li>\n</ul>','<h4 class=\"prodheader\">TURN ANY PAPER AIRPLANE INTO AN R/C AIRPLANE!</h4>\n<ul><li>Add to your paper plane to make it propeller driven and smartphone controlled</li>\n<li>Connects via Bluetooth to your smartphone (because wires would be silly)</li>\n<li>20 minute charge gives you 10 minutes of flight!</li>\n</ul>','','TURN ANY PAPER AIRPLANE INTO AN R/C AIRPLANE!\nAdd to your paper plane to make it propeller driven and smartphone controlled\nConnects via Bluetooth to your smartphone (because wires would be silly)\n20 minute charge gives you 10 minutes of flight!\n','','en'),(19,19,'Chocolate-Covered Edible Bugs Gift Pack','<h4 class=\"prodheader\">BUGS PLUS CHOCOLATE EQUALS YUMMY!</h4>\n<p>Get ready to have your mind blown: we\'ve taken the five second rule and plugged it into Einstein\'s General Theory of Relativistic Theories on Stuff and Things. The result is this: as a food falls to the ground, the five second rule countdown starts. BUT (and this is the most important part), if the food started off on the ground, then the five second rule becomes infinite. What does that mean? You can eat bugs any time you want, since technically they never fell to the ground to begin with!! Cover \'em with chocolate, and you\'ve got our <em>Chocolate-Covered Edible Bugs Gift Pack</em>.</p>\n<p>Each <em>Chocolate-Covered Edible Bugs Gift Pack</em> is a trio of dark chocolate-covered insects, full of protein and crunch and yumminess. Scorpions, superworms, and silkworms all await your eager palate. We like to say they are enrobed in chocolate, because that makes them a sexier food. The <em>Chocolate-Covered Edible Bugs Gift Pack</em> makes a perfect present for the person who thinks they have everything, an instant appetizer sampler for adventurous entertaining, and/or a protein-packed snack any time you need it. Entomophagist-a-licious!</p>\n<p>Chocolate-Covered Edible Bugs Gift Pack</p>\n<ul><li>A trio of dark chocolate-covered ex-creepy crawlies await your mouth and tasting/eating parts.</li>\n<li>You\'ll get three cans - one of each (dark chocolate covered): Armor Tail Scorpions (<em>Mesobuthus martensii</em>), Superworms (<em>Zophobas morio</em>), and Silkworms (<em>Bombyx mori</em>).</li>\n<li>Ingredients: bug, sugar, vegetable fat, cocoa powder, emulsifier, and vanillin.</li>\n<li>Insect Roll Call:\n<ul><li>Scorpions - 2 per tin.</li>\n<li>Superworms - 12 per tin.</li>\n<li>Silkworms - 12 per tin.</li>\n</ul></li>\n<li>Tin Dimensions: 2.5\" diameter x 1.5\" tall.</li>\n</ul>','<h4 class=\"prodheader\">BUGS PLUS CHOCOLATE EQUALS YUMMY!</h4>\n<ul><li>Three different bugs (each in its own tin) covered in delectable chocolate.</li>\n<li>Scorpions, superworms, and silkworms.</li>\n<li>And chocolate. Yum!</li>\n</ul>','','BUGS PLUS CHOCOLATE EQUALS YUMMY!\nThree different bugs (each in its own tin) covered in delectable chocolate.\nScorpions, superworms, and silkworms.\nAnd chocolate. Yum!\n','','en'),(20,20,'Canned Unicorn Meat','<h4 class=\"prodheader\">NO FOOLIN\' - UNICORN MEAT IS REAL!</h4>\n<p><em>Excellent source of sparkles!</em></p>\n<p>Unicorns, as we all know, frolic all over the world, pooping rainbows and marshmallows wherever they go. What you don\'t know is that when unicorns reach the end of their lifespan, they are drawn to County Meath, Ireland. The Sisters at Radiant Farms have dedicated their lives to nursing these elegant creatures through their final days. Taking a cue from the Kobe beef industry, they massage each unicorn\'s coat with Guinness daily and fatten them on a diet comprised entirely of candy corn. As the unicorn ages, its meat becomes fatty and marbled and the living bone in the horn loses density in a process much like osteoporosis. The horn\'s outer layer of keratin begins to develop a flavor very similar to candied almonds. Blending the crushed unicorn horn into the meat adds delightful, crispy flavor notes in each bite. We are confident you will find a world of bewilderment in every mouthful of scrumptious unicorn meat.</p>\n<p>Unfortunately, due to restrictions on the importation of mythical processed meatstuff, we are unable to bring you Canned Unicorn Meat in the way the Sisters of Radiant Farms intended. When you open your can, you will find one tiny unicorn which has been appropriately sliced into its main cuts of meat. Simply use your Growth Ray to re-embiggen the unicorn before skinning it and processing its flesh. Or if you\'re lazy, just bring it to your local Mad Scientist-Butcher. He\'ll know what to do.</p>\n<p><strong>Radiant Farms Canned Unicorn Meat Specifications</strong></p>\n<ul class=\"floatfix\"><li>14 ounces of delicious unicorn meat, canned for your convenience</li>\n<li>Imported from a small independent cannery in County Meath, Ireland</li>\n<li>Crunchy horn bits in every bite - an excellent source of Calcium</li>\n<li>Tastes like rotisserie chicken but with a hint of marshmallow sweetness</li>\n<li>Easily spreadable for sandwiches, hors d\'oeuvres, and more</li>\n<li>Sparkly meat lends the unmistakable air of class and sophistication to your parties</li>\n<li>Unlike other meats, unicorn fat is polyunsaturated and lowers your LDL cholesterol</li>\n<li>Not yet approved by the USDA or FDA, but the nuns have eaten it for centuries and they\'re healthy as horses</li>\n<li>Okay, for real: you can\'t eat this. It\'s a dismembered stuffed unicorn in a can.</li>\n<li>The bottom of the tin is easily removable to gain access to the mini dead unicorn inside. No can opener needed!</li>\n</ul>','<h4 class=\"prodheader\">NO FOOLIN\' - UNICORN MEAT IS REAL!</h4>\n<ul><li>14 ounces of delicious unicorn meat, canned for your convenience</li>\n<li>Imported from a small independent cannery in County Meath, Ireland</li>\n<li>Okay, for real: you can\'t eat this. It\'s a dismembered stuffed unicorn in a can.</li>\n</ul>','','NO FOOLIN\' - UNICORN MEAT IS REAL!\n14 ounces of delicious unicorn meat, canned for your convenience\nImported from a small independent cannery in County Meath, Ireland\nOkay, for real: you can\'t eat this. It\'s a dismembered stuffed unicorn in a can.\n','','en'),(21,21,'The ThinkGeek Annoy-a-tron','<h4 class=\"prodheader\">DRIVE YOUR \"FRIENDS\" CRAZY - AGAIN</h4>\n<p>Now that they\'ve mostly recovered from the twisted mind maze that was the original Annoy-a-tron, send them on a new journey of \"self discovery\" with the latest version featuring 6 sound choices, it\'s at least twice as fun (and annoying) as the original. For effective deployment, we humbly suggest the following sounds and locations, but you can conduct your own field research for more insight.</p>\n<p>The cricket chirping sound is interesting because someone will instinctively look near the ground when trying to locate a cricket. So, placing the Annoy-a-tron several feet or more above the ground will help to obscure its location. The 15kHz sound is also interesting because this frequency range of sound cannot be heard by everyone. In older adults or those with deteriorated hearing (a condition known as presbycusis) this high frequency sound will not be audible, while others will clearly hear the sound and find it quite annoying. They also might think they are going crazy because people nearby will report that they don\'t hear anything.</p>\n<p>Assuming you have done your part in selecting a suitable hiding location for the Annoy-a-tron, it will do its part to drive your co-workers slowly mad with its short and seemingly random beeps. And when someone does locate the Annoy-a-tron, they\'re not going to know what it is - which is almost as much fun as watching them search for it. Muahaha...</p>\n<p>** - The 15kHz \'Teen Buzz Tone\' is a frequency that young people can hear but older folks cannot. Sometimes younger folks cannot hear it and sometimes older folks can hear it, but, in general, it\'s called the \'Teen Buzz\' tone. When you can hear it, trust us, it\'s annoying. Dogs agree.</p>\n<p>The ThinkGeek Annoy-a-tron Features: <br /><br /></p>\n<ul><li>Amazingly small</li>\n<li>Six sounds choices:\n<ul><li>Beep</li>\n<li>12kHz electronic noise sound</li>\n<li>15kHz \'Teen Buzz Tone\' electronic noise sound</li>\n<li>Cricket</li>\n<li>Doorbell</li>\n<li>Random/Alternating sound mode</li>\n</ul></li>\n<li>Battery included (lasts 1 month+ of continuous use)</li>\n<li>Embedded Rare-earth Magnet for easy hiding</li>\n<li>Single push button to change sounds</li>\n<li>Please note: after removing battery tab you may need to push down slightly on the magnet to re-seat the battery correctly (you may even hear a small click)</li>\n<li>Battery: CR2032</li>\n</ul>','<h4 class=\"prodheader\">DRIVE YOUR \"FRIENDS\" CRAZY - AGAIN</h4>\n<ul><li>Tiny device produces six annoying noises</li>\n<li>Turn it on, hide it, and watch the fun begin</li>\n<li><em>As seen on NCIS!</em></li>\n</ul>','','DRIVE YOUR \"FRIENDS\" CRAZY - AGAIN\nTiny device produces six annoying noises\nTurn it on, hide it, and watch the fun begin\nAs seen on NCIS!\n','','en'),(22,22,'Legendary Hero 8-Bit Heart Bouquet','<h4 class=\"prodheader\">BE MY PLAYER 2</h4>\n<p>Life was simpler in 8-bit. Sidescrolling was the name of the game and came with none of the potential motion-sickness that today\'s immersion games can cause. There were clear-cut good guys and bad guys. There was a princess to rescue. There was one hero, and it was you.</p>\n<p>And back in those days, Valentines were handmade from construction paper. Everybody got one. And when you wrote \"love,\" it meant \"love\" as in \"I\'d love another cookie.\" Life was simpler.</p>\n<div id=\"proddescription\">\n<p>Do you have somebody in your life who deserves your heart... or three? Celebrate the simplicity of old-school gaming with our 8-bit Legendary Hero. This foam cutout comes with a cardboard fold-out stand or can be hung from the wall. Great as decoration on a table, it says, \"Be my Player 2\" better than any stupid flowers ever could.</p>\n<p><strong>Product Specifications</strong></p>\n<ul><li>8-bit Legendary Hero</li>\n<li>A ThinkGeek creation and exclusive!</li>\n<li>3D construction with 3 layers of depth</li>\n<li>Includes fold-out stand for displaying on a desk or table</li>\n<li>Holes in back for wall mounting</li>\n<li>Materials: Durable EVA foam</li>\n<li>Dimensions: 11\" tall x 5 1/2\" wide x 3\" deep assembled</li>\n</ul></div>','<h4 class=\"prodheader\">BE MY PLAYER 2</h4>\n<ul><li>3D foam cutout brings back old-school memories</li>\n<li>Includes fold-out stand for displaying on a desk or table</li>\n<li>A ThinkGeek creation and exclusive!</li>\n</ul>','','BE MY PLAYER 2\n3D foam cutout brings back old-school memories\nIncludes fold-out stand for displaying on a desk or table\nA ThinkGeek creation and exclusive!\n','','en'),(23,23,'Executive Building Brick Set (Chrome)','<h4 class=\"prodheader\">BUILDING BRICKS ALL GROWN UP</h4>\n<div class=\"right\"> </div>\n<p>We here at ThinkGeek World Domination HQ have long been of the philosophy that building bricks are for all ages, but some people seem to think they\'re just for kids. These are the same sorts of people who give us the hairy eyeball when we venture into the brick store at the mall or when we put a pack of Fun Dip in our cart with every intention of eating it ourselves. Possibly before we get to the register. Slightly damp UPCs are still scannable, right?</p>\n<p>Why should you stop having fun because some people have no imagination? You shouldn\'t! This Executive Building Brick Set is the perfect answer to those spoilsports. With 8 2x4 stud building bricks, this set can be incorporated with your other bricks to build all sorts of shiny custom creations. With their clean and crisp lines, these metal bricks look perfect gracing your modern office or coffee table. Leave them out and see who can\'t resist.</p>\n<p><strong>Product Specifications </strong> </p>\n<p> </p>\n<ul><li>Executive Building Brick Set</li>\n<li>Includes 8 2x4 stud building bricks</li>\n<li>Chrome-plated solid metal construction</li>\n<li>Combine with your other bricks</li>\n<li>Compatible with other popular building sets</li>\n<li>Materials: Chrome-plated base metal</li>\n<li>Weight: 6 1/2 oz. </li>\n<li>Ages 14+</li>\n</ul>','<h4 class=\"prodheader\">BUILDING BRICKS ALL GROWN UP</h4>\n<ul><li>Set includes 8 2x4 stud building bricks</li>\n<li>Chrome-plated solid metal construction</li>\n<li>Compatible with other popular building sets</li>\n</ul>','','BUILDING BRICKS ALL GROWN UP\nSet includes 8 2x4 stud building bricks\nChrome-plated solid metal construction\nCompatible with other popular building sets\n','','en'),(24,24,'Blizzard Diablo Goblin Bank with Sound','<h4 class=\"prodheader\">OMGOBLIN!</h4>\n<p>Diablo III\'s Treasure Goblins. Enigmatically, they\'re creatures which cannot deal damage to your character but are the most likely to be the reason for your character\'s untimely demise. There\'s something about them (could it be all the LOOT?!) that makes all reason go out the door. Even in hardcore, we occasionally accidentally chase them right into the midst of elite mob packs. That rarely ends well.</p>\n<p>You don\'t have to worry about that happening with this Diablo Treasure Goblin Bank with Sound, and we promise this one won\'t teleport out on you with 3% health left. He\'s going to stay right where you put him. Just don\'t put him down next to a portal, okay? Fill his bag with loot and listen to him cackle happily as he takes your money. And you don\'t have to beat the candy out of him to get your money back - there\'s a coin removal door on the bottom of the bank. If only in-game Treasure Goblins were this simple....</p>\n<p><strong>Product Specifications</strong>   </p>\n<ul><li>Diablo Treasure Goblin Bank with Sound</li>\n<li>Officially-licensed <em>Diablo III</em> merchandise</li>\n<li>A ThinkGeek creation &amp; exclusive</li>\n<li>Cackles happily as he takes your money</li>\n<li>When you drop a coin in, one of six sounds plays</li>\n<li>Coin removal door on the bottom (so you don\'t have to beat the candy out of him - unless you just want to)</li>\n<li>Note: Does not drop legendary items (unless you fill it with legendary items)</li>\n<li>Batteries: 3 AAA 1.5V LR03 (not included)</li>\n<li>Dimensions: 9\" deep x 4 1/2\" wide x 8\" tall </li>\n<li>Weight: 12 oz. (without batteries)</li>\n<li><strong>Ages 6+</strong></li>\n</ul>','<h4 class=\"prodheader\">OMGOBLIN!</h4>\n<ul><li>Diablo Treasure Goblin Bank with Sound</li>\n<li>Cackles happily as he takes your money</li>\n<li>A ThinkGeek creation &amp; exclusive</li>\n</ul>','','OMGOBLIN!\nDiablo Treasure Goblin Bank with Sound\nCackles happily as he takes your money\nA ThinkGeek creation &amp; exclusive\n','','en'),(25,25,'Ghostbusters Stay Puft Marshmallow Face Mug','<h4 class=\"prodheader\">I AIN\'T AFRAID OF NO COFFEE</h4>\n<div class=\"right\"> </div>\n<blockquote>I tried to think of the most harmless thing. Something I loved from my childhood. Something that could never ever possibly destroy us. Mr. Stay Puft!<br />- Ray</blockquote>\n<p>This mug lets you decide how your day\'s going to go. On one side, it features the sweet Stay Puft Marshmallow Man\'s smiling face, the one Ray remembers from his childhood. On the other, it features evil Stay Puft Marshmallow Man, destroyer of worlds, the one who\'s come to terrorize New York City. Which side will you drink from today?</p>\n<p><strong>Product Specifications</strong>   </p>\n<ul><li>A two-sided mug featuring the Stay Puft Marshmallow Man\'s countenance</li>\n<li>Happy mascot on one side; paranormal monster on the other</li>\n<li>Officially-licensed Ghostbusters merchandise</li>\n<li>Capacity: 20 oz.</li>\n<li>Materials: Ceramic</li>\n<li>Dimensions: 3 3/4\" tall x 4\" wide</li>\n<li>Not microwave safe</li>\n<li>Not dishwasher safe</li>\n<li><strong>Ages 12+</strong></li>\n</ul>','<h4 class=\"prodheader\">I AIN\'T AFRAID OF NO COFFEE</h4>\n<ul><li>If you are not afraid of any ghosts, this is the mug for you</li>\n<li>Holds 20 ounces of your favorite beverage</li>\n<li>(Presumably cocoa with marshmallows)</li>\n</ul>','','I AIN\'T AFRAID OF NO COFFEE\nIf you are not afraid of any ghosts, this is the mug for you\nHolds 20 ounces of your favorite beverage\n(Presumably cocoa with marshmallows)\n','','en'),(26,26,'Build-On Brick Mug','<h4 class=\"prodheader\">BUILD UP YOUR COFFEE!</h4>\n<p><span style=\"color:#ff0000;\"><em>Important Note: The Brick Mug does not come with any bricks. You need to provide your own. However we\'re confident you\'ve got a variety of compatible building sets at your house already. Oh... also you don\'t get coffee, you need to brew that or something. In short, you get the mug. Okay, we\'re done here.</em></span></p>\n<p>Morning meetings suck. We\'re lucky at ThinkGeek because generally a \"morning\" meeting starts at 11, so you\'ve got some time to get a cup of coffee in before you have to brain too hard. If you\'re in a climate where 9 am meetings are the norm, you\'re going to need more than caffeine to stay awake.</p>\n<p>Enter the Build-On Brick Mug. It\'s a coffee mug and construction set all in one! Bring along a handful of your favorite building blocks - it\'s compatible with LEGO™, PixelBlocks, Mega Bloks, KRE-O, or K\'NEX Bricks™ - and tinker with a creation while your upper management drones on about things they think are important. What will your mug become? That\'s up to you! Be sure to send us your Action Shots!</p>\n<p><strong>Product Specifications</strong></p>\n<ul><li>Drink your coffee and build something, too!</li>\n<li>Choose from black, grey, or red</li>\n<li>Mug with exterior building surface compatible with most bricks</li>\n<li>Compatibility:\n<ul><li>LEGO™</li>\n<li>PixelBlocks</li>\n<li>Mega Bloks</li>\n<li>KRE-O</li>\n<li>K\'NEX Bricks™</li>\n</ul></li>\n<li><strong>Note</strong>: This mug is not officially licensed by LEGO™, PixelBlocks, Mega Bloks, KRE-O, or K\'NEX Bricks™. It just happens to be compatible with them all.</li>\n<li>Not Microwave safe (but fine for hot coffee)</li>\n<li><strong>Materials</strong>: BPA-free plastic</li>\n<li><strong>Capacity</strong>: 12 ounces</li>\n<li><strong>Washing</strong>: Hand wash</li>\n</ul>','<h4 class=\"prodheader\">BUILD UP YOUR COFFEE!</h4>\n<ul><li>Have your coffee and build it too!</li>\n<li>Compatible with most construction bricks</li>\n<li>May cause distraction at morning meetings</li>\n</ul>','','BUILD UP YOUR COFFEE!\nHave your coffee and build it too!\nCompatible with most construction bricks\nMay cause distraction at morning meetings\n','','en'),(27,27,'Superhero Mom Mug','<h4 class=\"prodheader\">YEAH, YOU\'RE SUPER!</h4>\n<p>You may not always have the cape on, but you really are super. Your kids think so. We think so. We also think you should let the world know. You could always wear a shirt or a sandwich board proclaiming your super-ness, but we think the best way is with a super mug. A Superhero Mom Mug, to be precise.</p>\n<p>Each Superhero Mom Mug features all the molded on details you\'d expect from a super mug: cape, belt (to keep the superpants up), arms akimbo, and emblem on the chest (featuring a big M for Mom). And the arms akimbo aren\'t just a posture choice - they actually form two handles! The Superhero Mom Mug will hold 15 oz. of your favorite beverage and is dishwasher and microwave safe. The only thing the Superhero Mom Mug can\'t do is fly. We\'ll leave that up to you!</p>\n<p>Also great for anyone whose name starts with the letter M.</p>\n<p><strong>Product Specifications</strong>  </p>\n<ul><li>Superhero Mom Mug</li>\n<li>This mug is ready for justice</li>\n<li>The arms (gallantly akimbo) are the handles of this super mug</li>\n<li>A ThinkGeek creation and exclusive!</li>\n<li>Dishwasher safe</li>\n<li>Microwave safe</li>\n<li>Capacity: 15 oz.</li>\n<li>Materials: Ceramic</li>\n<li>Dimensions: approx. 3.75\" x 6.75\" x 4\"</li>\n</ul>','<h4 class=\"prodheader\">YEAH, YOU\'RE SUPER!</h4>\n<ul><li>The perfect mug for SuperMoms everywhere</li>\n<li>Holds 15 oz of any super beverage</li>\n<li>A ThinkGeek creation and exclusive!</li>\n</ul>','','YEAH, YOU\'RE SUPER!\nThe perfect mug for SuperMoms everywhere\nHolds 15 oz of any super beverage\nA ThinkGeek creation and exclusive!\n','','en'),(28,28,'Olloclip iPhone Macro 3-in-1 Lens System','<h4 class=\"prodheader\">MACROCOSMIC</h4>\n<p>Compatible with the iPhone 5/5S or the 5th gen iPod Touch (using the included adapter), the Olloclip Macro 3-in-1 is a quick-connect lens system that includes 7x, 14x, and 21x lenses in a tiny and convenient package.</p>\n<p>Using Olloclip is easy! Slide it on over your iPhone\'s rear camera lens, and you\'re ready to take amazing photos and videos. With that 21x lens, what you have is a very basic microscope, one which runs on your iPhone and snags amazing pictures of your \"slides.\" The 14x and 21x also come with hoods designed to diffuse light and set you up for success by providing the optimum distance from the object being photographed. Olloclip\'s storage bag even doubles as a microfiber cleaning cloth for the ultimate in convenience.</p>\n<p>Product Specifications</p>\n<ul><li>Quick-connect lens system for iPhone 5/5S</li>\n<li>Comes with 7x, 14x, and 21x macro lens options</li>\n<li>Slides on to the corner of your iPhone and automatically aligns itself</li>\n<li>The camera will autofocus as normal with the Olloclip on, don\'t worry!</li>\n<li>Works for still photos, videos, even super-detailed Facetime</li>\n<li>Lenses made with precision-ground glass, multi-element optics</li>\n<li>Barrels made from aircraft-grade anodized aluminum</li>\n<li>Soft plastic material on clip protects your iPhone from scratches</li>\n<li>Included in the Olloclip package:\n<ul><li>3 macro lenses (7x, 14x, and 21x)</li>\n<li>2 InstaFocus hoods for steadier shots at the perfect distance and diffused light</li>\n<li>Microfiber lens cleaning cloth storage bag</li>\n<li>5th gen iPod Touch adapter</li>\n</ul></li>\n<li>Note: The Olloclip is specifically designed for the shape and size of the iPhone 5 and 5S. It will not fit any other device besides the iPod touch model mentioned above.</li>\n</ul>','<h4 class=\"prodheader\">MACROCOSMIC</h4>\n<ul><li>Quick-connect lens system for iPhone 5/5S</li>\n<li>Includes 7x, 14x, and 21x macro lenses</li>\n<li>Works for still photos, videos, even super-detailed Facetime</li>\n</ul>','','MACROCOSMIC\nQuick-connect lens system for iPhone 5/5S\nIncludes 7x, 14x, and 21x macro lenses\nWorks for still photos, videos, even super-detailed Facetime\n','','en'),(29,29,'Gunnar Vayper Gaming Glasses','<div id=\"productimage\">\n<div class=\"prod_gallery\">\n<div id=\"image\"><strong>REDUCE EYESTRAIN WITH SCIENCE!</strong></div>\n</div>\n</div>\n<div class=\"contentblob\">\n<div> </div>\n<div id=\"proddescription\">The human eye is a magnificent device. Refined over millions of years of evolution, it\'s a highly specialized and effective organ that helps us hunt prey, spot berries, and notice and dodge swinging clubs. As humanity continued to evolve, however, we relied more on the tools we manufactured rather than the ones with which we were born.<br /><br />Now we have more so-called \"knowledge-workers\" than ever, spending all day tied to desks, and staring at computer screens. We\'ve traded sore backs and calluses for headaches and dry and tired eyes. You rub your eyes, and drip drops into them, but that doesn\'t really help, does it?<br /><br />You see, high-efficiency fluorescent lighting and computer monitors in our offices are highly shifted towards the blue-end of the spectrum. The problem is, blue light focuses differently on the retina than the rest of the spectrum. Ever look at a blue LED and noticed a halo around the light? Staring at it gives you a headache, doesn\'t it? Guess why! Your eyes are straining to try and bring that fuzzy spot into focus, and they just can\'t!<br /><br />What you need is a way to filter out some of those blues that give your eyes so much trouble. With amber lenses, Gunnar Computer Glasses shift that light to the warmer end of the spectrum, giving your tired eyes a chance to recover. Not only do they filter blue light, they also reduce glare, helping with eye strain even more.<br /><br />Be more productive, working longer and harder than the other guys, and maybe you\'ll get that promotion before Doofus McDumbPants across the hall does. We hate that guy.<br /><br /><strong>Product Specifications  </strong><br /><ul><li>Glasses specifically designed to reduce computer-related eyestrain</li>\n<li>Onyx-colored, injection-polymer frame</li>\n<li>Adjustable silicone nose pads provide a customizable fit</li>\n<li>Fastener-free hinge design and high tensile steel construction</li>\n<li>Gently-curved, ultra-slim temples distribute headphone pressure to ensure headset compatibility</li>\n<li>One piece front construction eliminates all welds, screws and other potential points of failure</li>\n<li>Flexible temples conform and ergonomically fit a wide range of head and face shapes</li>\n<li>Wide format lenses create a panoramic viewing field for high resolution viewing</li>\n<li>58mm lens width x 15mm nose x 130mm temple</li>\n<li>Note: These will not fit over your current glasses. However, you can custom order them <a href=\"http://www.gunnars.com/rx/\">with your prescription lenses.</a></li>\n</ul></div>\n</div>','<h4 class=\"prodheader\">REDUCE EYESTRAIN WITH SCIENCE!</h4>\n<ul><li>Glasses reduce computer-related eyestrain</li>\n<li>Great for code monkeys and gamers</li>\n<li>Onyx-colored, injection-polymer frame</li>\n</ul>','','REDUCE EYESTRAIN WITH SCIENCE!\nGlasses reduce computer-related eyestrain\nGreat for code monkeys and gamers\nOnyx-colored, injection-polymer frame\n','','en'),(30,30,'Astro A50 Halo Edition','<h4 class=\"prodheader\">HEADPHONES FOR THE MASTER CHIEF IN YOU!</h4>\n<p>When it\'s game time, you slip on your headphones and disappear into whatever world you\'re gaming in. It\'s important that these headphones are quality for many reasons. First, you want to make sure you hear everything: from explosions to enemies to spells to conversation with other online players. And second, you want to make sure other players hear you! Time to power up your gaming experience to a whole new level with the Astro A50 Halo Edition.</p>\n<p>With the Astro A50 Halo Edition, you can experience the world of the Master Chief with Dolby 7.1 Surround Sound, without being tied down by cords. The uni-directional microphone delivers absolute vocal clarity for distortion-free communication with your teammates. Using top of the line wireless technology, the Astro A50 Halo Edition employs three different EQ modes, allowing you to customize your audio experience for movies, hardcore gaming, or competitive shooters. And thanks to the Astro A50 Halo Edition\'s adjustable size and plush cushions, you can game comfortably all through the night. Because sometimes, the war never ends.</p>\n<p><strong>Product Specifications</strong>  </p>\n<ul><li>These wireless headphones are at the pinnacle of gaming headphone technology</li>\n<li>Master Chief color and detailing</li>\n<li>Wireless 5.8 GHz</li>\n<li>Dolby 7.1</li>\n<li>EQ presets</li>\n<li>Flip-up to mute mic</li>\n<li>Compatibility: Xbox One (also works with PS4, PS3, 360*, PC)\n<ul><li>* For 360, voice chat requires XBL Controller Cable (Sold Separately)</li>\n</ul></li>\n<li>Astro A50 Specs:\n<ul><li>Transducer Principle: Open Air</li>\n<li>Frequency Response: 20 - 21,000 Hz</li>\n<li>Distortion: THD &lt; 1%</li>\n<li>Microphone: 6.0mm unidirectional with noise gate</li>\n<li>Nominal Impedance: 48 Ohms</li>\n<li>Headband Pressure: 2.6N</li>\n<li>Ear Coupling: Over-Ear</li>\n<li>Weight w/o Cable: 363 g</li>\n<li>Connection: 2.5mm Xbox Live Chat Port, Micro-USB Port</li>\n</ul></li>\n<li>MixAmp Tx Specs:\n<ul><li>Wireless: 5.8GHz w/ KleerNet</li>\n<li>Audio Fidelity: 48kHz 16-bit</li>\n<li>Mic Fidelity: 48kHz 16-bit</li>\n<li>Channels: Stereo w/ Dolby</li>\n<li>Input: Micro-USB Power &amp; Voice, Optical In, AUX In (3.5mm)</li>\n<li>Output: Optical Passthrough, USB Charging Port</li>\n<li>Power: USB</li>\n<li>Surround Technology: Dolby PLIIx, Dolby Headphone</li>\n</ul></li>\n<li>Includes:\n<ul><li>A50 Wireless Headset</li>\n<li>MixAmp Tx </li>\n<li>AG1</li>\n<li>Display Stand</li>\n<li>Headset Cables: 0.5m Micro-USB Cable</li>\n<li>MixAmp Cables: 1.0m Micro-USB Cable, 1.0m TOSlink Optical Cable</li>\n</ul></li>\n</ul>','<h4 class=\"prodheader\">HEADPHONES FOR THE MASTER CHIEF IN YOU!</h4>\n<ul><li>The zenith of Astro headphones: the A50!</li>\n<li>Dolby Digital 7.1 sound and wireless 5.8GHz technology</li>\n<li>Master Chief color and detailing</li>\n</ul>','','HEADPHONES FOR THE MASTER CHIEF IN YOU!\nThe zenith of Astro headphones: the A50!\nDolby Digital 7.1 sound and wireless 5.8GHz technology\nMaster Chief color and detailing\n','','en'),(31,31,'Cup of Mojo Bluetooth Speaker','<h4 class=\"prodheader\">A TINY SHOT OF BIG SOUND</h4>\n<p>Mojo is some powerful stuff. They say either you have it or you don\'t, but if you\'ve had it in the past and are just running low now, you can get it back. You know what our favorite way to get our mojo is? Wirelessly, because then we can share it with everyone in the room. See, this kind of mojo connects to our smartphone and plays our music for all to hear. No, we\'re not crazy - we\'re using the Cup of Mojo Bluetooth Speaker!</p>\n<p>Available in many stunning colors that are fun and bold, the Cup of Mojo Bluetooth Speaker is the perfect accompaniment to any smartphone, tablet, computer, or anything else with Bluetooth. Enjoy the loud, clear, acoustics whether you\'re at home, by the BBQ, in the park, or in your local coffee shop (possibly annoying many other patrons). Clip the Cup of Mojo Bluetooth Speaker anywhere with the integrated handle carabiner clip, and you\'ll always have your tunes when you need them most (especially, during afternoon tea).</p>\n<p><strong>Product Specifications</strong>   </p>\n<ul><li>A little cup is really a portable bluetooth speaker!</li>\n<li>Clip your Cup of Mojo Speaker anywhere with the carabiner handle clip</li>\n<li>Stream music from any Bluetooth 3.0 device (smartphones, tablets, computers, etc.)</li>\n<li>Boosted bass for even bass-ier bass</li>\n<li>Rubber bottom to protect surfaces (and prevent slippage)</li>\n<li>One button operation (for ease power on/off and Bluetooth pairing)</li>\n<li>Range: Up to 32.8 feet (depending on line of sight)</li>\n<li>Batteries: Rechargeable lithium-ion battery via micro-USB cable (included)</li>\n<li>Battery Life: Up to 4 hours</li>\n<li>Includes: Cup of Mojo Bluetooth Speaker, USB Charge-Cable, and Quick Start Guide </li>\n<li>It looks like a mug, but it is not microwave or dishwasher safe</li>\n<li>Dimensions: approx. 2.3\" x 3.25\" x 2.4\"</li>\n<li>Weight: approx. 3.7 oz</li>\n</ul>','<h4 class=\"prodheader\">A TINY SHOT OF BIG SOUND</h4>\n<ul><li>A little Bluetooth speaker that looks like a cup of mojo</li>\n<li>Boosted bass for a fuller sound</li>\n<li>Carabiner handle clip will make sure you have a speaker whenever you need it</li>\n</ul>','','A TINY SHOT OF BIG SOUND\nA little Bluetooth speaker that looks like a cup of mojo\nBoosted bass for a fuller sound\nCarabiner handle clip will make sure you have a speaker whenever you need it\n','','en'),(32,32,'JBL Pebbles PC Speakers','<h4 class=\"prodheader\">THESE SPEAKERS GO BAMM-BAMM!</h4>\n<p>Some things in life are very complicated. And many times, those complicated things don\'t work out as well as they should (based on their complexity). Well, to all those complicated things that aren\'t good, we say, \"SHAME!\" And to further shame them, we use a pair of JBL Pebbles PC Speakers. Why? Because they are super easy, yet pump out sound like a complicated speaker system.</p>\n<p>Simply connect your JBL Pebbles PC Speakers via USB plug-and-play and transform your laptop entertainment into a unique 2.0 stereo sound experience. The USB provides audio information AND power, so there\'s no extra AC adapter to worry about. Plus, the cords wrap around the base, to minimize the cable clutter. One of the JBL Pebbles PC Speakers has an integrated volume knob (the whole center of the speaker is a big dial), so you can quickly and easily adjust the loud-i-tude of your tunes. Upgrade your computer\'s sound system with the JBL Pebbles PC Speakers. Your music will thank you.</p>\n<p><strong>Product Specifications</strong>  </p>\n<ul><li>Stylish pair of USB plug-and-play speakers for your computer</li>\n<li>USB powered - USB audio transfer</li>\n<li>Integrated cords wrap around base for less wire clutter; stores in base for easy portability</li>\n<li>Integrated volume/power control</li>\n<li>Auxiliary input for connecting other devices</li>\n<li>Choice of Color: Black or White</li>\n<li>Includes:\n<ul><li>1 pair JBL Pebbles USB digital speakers, with built-in USB</li>\n<li>Audio cable</li>\n<li>Quick-start guide</li>\n</ul></li>\n<li>Dimensions: 6\" diameter x 2.75\" wide (each)</li>\n<li>Weight: 1.18 lbs (each)</li>\n</ul>','<h4 class=\"prodheader\">THESE SPEAKERS GO BAMM-BAMM!</h4>\n<ul><li>Stylish USB speakers are plug-and-play</li>\n<li>USB powered, so AC adapter needed</li>\n<li>Integrated volume control in the center of one speaker</li>\n</ul>','','THESE SPEAKERS GO BAMM-BAMM!\nStylish USB speakers are plug-and-play\nUSB powered, so AC adapter needed\nIntegrated volume control in the center of one speaker\n','','en'),(33,33,'Bright Idea - USB-Powered Light Bulb','<h4 class=\"prodheader\">SHED SOME LIGHT ON THE SUBJECT</h4>\n<p>There are a lot of USB-powered devices that aren\'t terribly useful. See: USB Humping Dog, <a href=\"http://www.thinkgeek.com/c208\">USB Pet Rock</a>, <a href=\"http://www.thinkgeek.com/ede3\">USB Squirming Tentacle</a>. They\'re all, shall we say, ornamental. Like rhinestones on a phone case, they\'re purely decorative additions to your space, which is just what you need sometimes.</p>\n<p>However, this USB-Powered Light Bulb won\'t ever fall into that category. See, when it\'s plugged into a USB port it gives off a frosted, soft blue light, and when it\'s not it glows in the dark.</p>\n<p>It\'s perfect for working late at night. Sure, your laptop is backlit, but sometimes it\'s not just the screen you need to see. And the shiny, adjustable cable is definitely artsy and clever. Plug it into an <a href=\"http://www.thinkgeek.com/eb7b\">iGeek</a> or a similar charger and have your own portable, crazy-looking lamp. It\'d be great around a pool or at an outdoor venue where you need light for a little while but may not have a convenient outlet.</p>\n<p><strong>Product Specifications</strong></p>\n<ul><li>Light bulb powered by USB (gives off a frosted, soft blue light from an LED)</li>\n<li>Glows in the dark when not powered</li>\n<li>Compatible with all standard USB ports</li>\n<li>Adjustable gooseneck arm is 9 1/2\" of shiny metal</li>\n<li>Good for considerate roommates (inconsiderate roommates need not apply)</li>\n<li>Materials: Plastic? Resin? Not glass, at the very least.</li>\n<li>Dimensions: 2 1/2\" wide x 2 1/2\" deep, 9 1/2\" cable</li>\n<li>It\'s basically the size of a standard incandescent bulb, although the base is a bit smaller.</li>\n<li>Weight: just over 2 oz.</li>\n</ul>','<h4 class=\"prodheader\">SHED SOME LIGHT ON THE SUBJECT</h4>\n<ul><li>Light bulb powered by USB</li>\n<li>Great for situations where you need just a bit more light</li>\n<li>Glows in the dark when not plugged in</li>\n</ul>','','SHED SOME LIGHT ON THE SUBJECT\nLight bulb powered by USB\nGreat for situations where you need just a bit more light\nGlows in the dark when not plugged in\n','','en'),(34,34,'MJ Technology Android Tablet with Built-in HDTV Tuner','<h4 class=\"prodheader\">MORE PORTS THAN AN IPAD</h4>\n<p>Okay, so almost ANY ports is more than an iPad, so that isn\'t really an accomplishment, but we still figured it was worth pointing out, because we always end up frustrated when we end up troubleshooting someone\'s iPad (despite having bought them AppleCare and having previously escorted them to the Genius Bar) and realize we have to transfer something large we have on this laptop next to us to the iPad via the Internet. <br /><br />None of that with this new Android tablet with built-in HDTV tuner from MJ Technology. You might recognize MJ Technology\'s name because of the talk about their Ubuntu tablets coming out. This 7\" one instead runs Android 4.1 (Jelly Bean) on its 1.5GHz dual cortex A9 processor. To get a good grasp of this tablet, imagine everything you expect out of an Android tablet. Now add in the ability to pick up an over-the-air HDTV television signal. Voila. With just a 7\" screen diagonal, it\'s not clunky but neither is it the torture of trying to navigate a spreadsheet on your phone. Goldilocks, we think it\'s just right.<br /><br /><strong>Product Specifications  </strong></p>\n<ul><li>Android Tablet with Built-in HDTV Tuner</li>\n<li>Choose black, white, or gray</li>\n<li>Runs Android 4.1 (Jelly Bean)</li>\n<li>7\" diagonal LCD screen with 1024 x 600 resolution (720P)</li>\n<li>1.5GHz dual cortex A9 processor</li>\n<li>8GB storage built-in</li>\n<li>Ports for the included 3G antenna, a micro-SD (supports up to 64GB), microphone, headphone jack, and micro-USB </li>\n<li>Built-in cameras (front-facing 0.3 + 2 megapixel rear-facing)</li>\n<li>802.1 b/g/n wi-fi connection</li>\n<li>5 points multi-touch capacitive touch screen</li>\n<li>Built-in speakers with Dolby Digital Audio</li>\n<li>Retractable external ATSC antenna for over-the-air digital television</li>\n<li>Batteries: Built-in rechargeable Li-Poly battery</li>\n<li>One charge provides 4-6 hours of HDTV-tuned TV or 8 hours of tablet/general use</li>\n<li>Includes tablet, microUSB to standard USB adapter, 3G antenna, and a wall charger</li>\n<li>Dimensions: 8 1/2\" long x 5 1/4\" wide x 1\" thick</li>\n<li>Weight: 11 oz.</li>\n</ul>','<h4 class=\"prodheader\">MORE PORTS THAN AN IPAD</h4>\n<ul><li>7\" diagonal LCD screen with 1024 x 600 resolution (720P)</li>\n<li>1.5GHz dual cortex A9 processor</li>\n<li>Retractable external ATSC antenna for over-the-air digital television</li>\n</ul>','','MORE PORTS THAN AN IPAD\n7\" diagonal LCD screen with 1024 x 600 resolution (720P)\n1.5GHz dual cortex A9 processor\nRetractable external ATSC antenna for over-the-air digital television\n','','en'),(35,35,'BACtrack Vio - Bluetooth App Enabled Breathalyzer','<h4 class=\"prodheader\">THREE SPREADSHEETS TO THE WIND</h4>\n<p>All adults who drink have their own sobriety self-tests. Some of us start slurring our words. Others get more clumsy than usual (which takes skill). Some of us who are introverts can tell we\'re drunk when we\'re talking to strangers without being acutely aware of it. But, of course, none of these is an accurate test for whether or not it\'s safe to hit the road.</p>\n<p>The BACtrack Vio is a wireless, app-enabled breathalyzer. It uses Bluetooth 4.0 LE to sync with your device. You breathe into the device; your phone tells you your blood alcohol content level, from 0.000 - 0.400%. But wait. There\'s more. Because this breathalyzer has your smartphone powering it, it can do a few more things. For instance, it can track your drinking over time. It can tell you at what time you\'ll be sober (15 more minutes of ill-advised karaoke or are you down for a movie?). It allows you to easily share via SMS or social your details and location with someone who\'s not with you so you can get home safely. And it\'ll let you guess your BAC, so you\'ll know how good your self-test really is.</p>\n<p>One final note. For anybody who\'s argued with a drunk friend in a parking lot before, this app is great for using science to prove to them that you need to take the wheel for everyone\'s sake. And it comes with three replaceable mouthpieces so you can test multiple friends once they see how cool your little gadget is.</p>\n<p><strong>Product Specifications</strong></p>\n<ul><li>Detects blood alcohol content from 0.000 - 0.400% BAC</li>\n<li>Compatible with iPhone 5/5S, 5C, 4S; iPad Air, 4, 3, Mini 1 and 2; Samsung Galaxy S5, S4, S3 (some other devices running Android 4.3 equipped with Bluetooth 4.0)</li>\n<li>Wirelessly syncs with your iPhone or Android smartphone via Bluetooth 4.0 LE</li>\n<li>Free BACtrack app estimates when your BAC will return to 0.00%, lets you guess your BAC, tracks your drinking over time, and even lets you easily share details including location and time via SMS or social (if you\'re calling friends for a ride, make it easy on them)</li>\n<li>More accurate results than standard semiconductor sensors</li>\n<li>Warm-up Time: 10 seconds</li>\n<li>Blowing Time: 5 seconds</li>\n<li>In under 30 seconds, you can know whether you should ride with a friend or call a cab</li>\n<li>Batteries: 1 AAA battery (included)</li>\n<li>Dimensions: 0.95\" x 2.85\" x 0.65\"</li>\n<li>Weight: 2 oz. (including battery)</li>\n<li>Includes BACtrack, battery, 3 replaceable mouthpieces, and manual</li>\n</ul>','<h4 class=\"prodheader\">THREE SPREADSHEETS TO THE WIND</h4>\n<ul><li>Detects blood alcohol content from 0.000 - 0.400%</li>\n<li>Fits easily into a pocket or purse</li>\n<li>Compatible with iPhone 5/5S, Samsung Galaxy S5, S4, and more</li>\n</ul>','','THREE SPREADSHEETS TO THE WIND\nDetects blood alcohol content from 0.000 - 0.400%\nFits easily into a pocket or purse\nCompatible with iPhone 5/5S, Samsung Galaxy S5, S4, and more\n','','en'),(36,36,'Coffee Cup Power Inverter V2.0','<div id=\"proddescription\">\n<h4 class=\"prodheader\">LIKE A CAFFEINE BOOST FOR YOUR ELECTRONICS!</h4>\n<p>When you start to feel a little low on energy you can turn to that terrific alkaloid, caffeine. Available from many sources like Bawls and, of course, that tried and true hot beverage, coffee. Reaching for your coffee cup to get an energy boost when you\'re tired is pretty much second nature. Well, now your gadgets can turn to a coffee cup of their own when they need an energy recharge.</p>\n<p>The Coffee Cup Power Inverter V2.0 is a conveniently shaped power source that coverts your car\'s DC power into two 120-volt AC outlets. Perfect for powering or charging smartphones, tablets, DVD players, televisions, game consoles, and tons of other portable electronics. This new version of the coffee cup also has an upgraded USB charging port providing 2.1 amps of power. The unique coffee cup shape fits nicely in today\'s auto/boat/truck cup holders, preventing it from moving around inside your vehicle.</p>\n<p> </p>\n</div>\n<div id=\"bullets\">\n<ul><li>200 Watt inverter with 2 AC plugs and USB power port</li>\n<li>New and improved version of one of our favorites</li>\n<li>2.1 amp USB port for extra charging power (previously 500mAh)</li>\n<li>Provides 120 Volt AC power from any cigarette lighter socket</li>\n<li>200W continuous/400W peak</li>\n<li>Fits into standard cup holders</li>\n<li>18\" cord</li>\n<li>Overload protection and low battery shut-off</li>\n<li>Power 3 devices at once</li>\n<li>One year warranty</li>\n<li>Dimensions: 6\" tall x 3.5\" dia</li>\n</ul></div>','<h4 class=\"prodheader\">LIKE A CAFFEINE BOOST FOR YOUR ELECTRONICS!</h4>\n<ul><li>200 watt inverter with 2 AC plugs with new 2.1 amp USB port</li>\n<li>Fits into standard cup holders in your car</li>\n<li>Keep all of your gear up and running</li>\n</ul>','','LIKE A CAFFEINE BOOST FOR YOUR ELECTRONICS!\n200 watt inverter with 2 AC plugs with new 2.1 amp USB port\nFits into standard cup holders in your car\nKeep all of your gear up and running\n','','en'),(37,37,'Apple iPhone 6S [Options &amp; Attributes] [Custom tabs]','<div class=\"features\">\n<div class=\"feature media-block\">\n<div class=\"content\"><br /><p>iPhone 6S isn’t simply bigger — it’s better in every way. Larger, yet dramatically thinner. More powerful, but remarkably power efficient. With a smooth metal surface that seamlessly meets the new Retina HD display. It’s one continuous form where hardware and software function in perfect unison, creating a new generation of iPhone that’s better by any measure.</p>\n<h4>iPhone at its largest. And thinnest.</h4>\n<p>Developing an iPhone with a larger, more advanced display meant pushing the edge of design. From the seamless transition of glass and metal to the streamlined profile, every detail was carefully considered to enhance your experience. So while its display is larger, iPhone 6 feels just right.</p>\n</div>\n</div>\n<div class=\"feature media-block\">\n<div class=\"media\"> </div>\n<div class=\"content\">\n<h4>Not just a bigger display. A better display.</h4>\n<p>It’s one thing to make a bigger display. It’s something else entirely to make a bigger MultiTouch display with brilliant colors and higher contrast at even wider viewing angles. But that’s exactly what we did with the new Retina HD display.</p>\n</div>\n</div>\n<div class=\"feature media-block\">\n<div class=\"media\"> </div>\n<div class=\"content\">\n<h4>Hugely powerful. Enormously efficient.</h4>\n<p>Built on 64-bit desktop-class architecture, the new A8 chip delivers more power, even while driving a larger display. The M8 motion coprocessor efficiently gathers data from advanced sensors and a new barometer. And with increased battery life, iPhone 6 lets you do more, for longer than ever.</p>\n</div>\n</div>\n</div>\n<div class=\"feature media-block\">\n<div class=\"media\"> </div>\n<div class=\"content\">\n<h4>The camera that changed photos now does the same for video.</h4>\n<p>More people take more photos with iPhone than with any other camera. And now the iSight camera has a new sensor with Focus Pixels and new video features, like 1080p HD at 60 fps, slo-mo at 240 fps, and time-lapse video mode. So you’ll have more reasons to capture more moments on video, too.</p>\n</div>\n</div>\n<div class=\"gs grid-9of20\">\n<div class=\"in-the-box\">\n<div> </div>\n<div class=\"content\">\n<h4>What’s in the box</h4>\n<ul class=\"ul\"><li>iPhone 6S</li>\n<li>Apple EarPods with Remote and Mic</li>\n<li>Lightning to USB Cable</li>\n<li>5W USB Power Adapter</li>\n</ul></div>\n</div>\n</div>\n<div style=\"padding:24px 24px 24px 21px;display:block;\">This site is a demo site only. This product is not available for sale at our site. <br />But you can buy it at <a style=\"color:#1e7ec8;text-decoration:underline;\" title=\"Apple Store\" href=\"http://store.apple.com/us/buy-iphone/iphone6\">Apple Store</a>, this is where we took description from.</div>','','','\niPhone 6S isn’t simply bigger — it’s better in every way. Larger, yet dramatically thinner. More powerful, but remarkably power efficient. With a smooth metal surface that seamlessly meets the new Retina HD display. It’s one continuous form where hardware and software function in perfect unison, creating a new generation of iPhone that’s better by any measure.\niPhone at its largest. And thinnest.\nDeveloping an iPhone with a larger, more advanced display meant pushing the edge of design. From the seamless transition of glass and metal to the streamlined profile, every detail was carefully considered to enhance your experience. So while its display is larger, iPhone 6 feels just right.\n\n\n\n \n\nNot just a bigger display. A better display.\nIt’s one thing to make a bigger display. It’s something else entirely to make a bigger MultiTouch display with brilliant colors and higher contrast at even wider viewing angles. But that’s exactly what we did with the new Retina HD display.\n\n\n\n \n\nHugely powerful. Enormously efficient.\nBuilt on 64-bit desktop-class architecture, the new A8 chip delivers more power, even while driving a larger display. The M8 motion coprocessor efficiently gathers data from advanced sensors and a new barometer. And with increased battery life, iPhone 6 lets you do more, for longer than ever.\n\n\n\n\n \n\nThe camera that changed photos now does the same for video.\nMore people take more photos with iPhone than with any other camera. And now the iSight camera has a new sensor with Focus Pixels and new video features, like 1080p HD at 60 fps, slo-mo at 240 fps, and time-lapse video mode. So you’ll have more reasons to capture more moments on video, too.\n\n\n\n\n \n\nWhat’s in the box\niPhone 6S\nApple EarPods with Remote and Mic\nLightning to USB Cable\n5W USB Power Adapter\n\n\n\nThis site is a demo site only. This product is not available for sale at our site. But you can buy it at Apple Store, this is where we took description from.','','en'),(38,38,'Canon EF 24-105mm f/4L IS USM','<p>This easy-to-use standard zoom lens can cover a large zoom area ranging from 24mm wide-angle to 105mm portrait-length telephoto, and its Image Stabilizer Technology steadies camera shake up to three stops. Constructed with one Super-UD glass element and three aspherical lenses, this lens minimizes chromatic aberration and distortion. The result is excellent picture quality, even at wide apertures. Canon\'s ring-type USM gives silent but quick AF, along with full-time manual focus. Moreover, with dust- and moisture-resistant construction, this is a durable yet sophisticated lens that meets the demands of advanced amateur photographers and professional photographers alike.</p>\n<ul class=\"propsInfo\"><li>Lens mount: Canon EF Mount</li>\n<li>24 mm - 105 mm, Aperture 1:4.0</li>\n<li>image stabilizer</li>\n<li>min. focal range 0.45 m</li>\n<li>Filter-Ø 77 mm, weatherproof</li>\n</ul>','','','This easy-to-use standard zoom lens can cover a large zoom area ranging from 24mm wide-angle to 105mm portrait-length telephoto, and its Image Stabilizer Technology steadies camera shake up to three stops. Constructed with one Super-UD glass element and three aspherical lenses, this lens minimizes chromatic aberration and distortion. The result is excellent picture quality, even at wide apertures. Canon\'s ring-type USM gives silent but quick AF, along with full-time manual focus. Moreover, with dust- and moisture-resistant construction, this is a durable yet sophisticated lens that meets the demands of advanced amateur photographers and professional photographers alike.\nLens mount: Canon EF Mount\n24 mm - 105 mm, Aperture 1:4.0\nimage stabilizer\nmin. focal range 0.45 m\nFilter-Ø 77 mm, weatherproof\n','','en'),(39,39,'Apple Watch Sport 42mm with Sport Band','<p>Every Apple Watch Sport comes with one year of hardware repair coverage through its <a href=\"http://www.apple.com/legal/warranty\" target=\"_blank\">limited warranty</a> and up to <a href=\"http://www.apple.com/support/complimentary\" target=\"_blank\">90 days of complimentary support</a>.</p>\n<h2 class=\"fwl\">What’s in the box</h2>\n<ul><li>Apple Watch</li>\n<li>Magnetic charging cable (2 m)</li>\n<li>USB power adapter (5W)</li>\n<li>Sport Band (includes band that can be configured for either S/M or M/L length)</li>\n<li>Quick start guide</li>\n</ul><p> </p>\n<h2 class=\"fwl\">Apple Watch Sport features</h2>\n<ul><li>Silver or space gray anodized aluminum case</li>\n<li>Ion-X glass</li>\n<li>Retina display with Force Touch</li>\n<li>Composite back</li>\n<li class=\"compact-right-10\">Sport Band with stainless steel pin</li>\n<li>Digital Crown</li>\n<li>Heart rate sensor, accelerometer, and gyroscope</li>\n</ul><ul><li>Ambient light sensor</li>\n<li>Speaker and microphone</li>\n<li>Wi-Fi (802.11b/g/n 2.4GHz)</li>\n<li>Bluetooth 4.0</li>\n<li>Up to 18 hours of battery life*</li>\n<li>Water resistant**</li>\n</ul><p> </p>\n<p class=\"disclaimer\">*Battery life varies by use and configuration; actual results will vary. See <a href=\"http://www.apple.com/batteries\" target=\"_blank\">www.apple.com/batteries</a> and <a href=\"http://www.apple.com/watch/battery.html\" target=\"_blank\">www.apple.com/watch/battery.html</a> for more information.</p>\n<p class=\"disclaimer\">**Apple Watch is splash and water resistant but not waterproof. You can, for example, wear and use Apple Watch during exercise, in the rain, and while washing your hands, but submerging Apple Watch is not recommended. Apple Watch has a water resistance rating of IPX7 under IEC standard 60529. The leather bands are not water resistant.</p>\n<p class=\"disclaimer\"><br />Features are subject to change and may not be available in all regions or all languages. Requires iPhone 5 or later.</p>\n<p> </p>','','','Every Apple Watch Sport comes with one year of hardware repair coverage through its limited warranty and up to 90 days of complimentary support.\nWhat’s in the box\nApple Watch\nMagnetic charging cable (2 m)\nUSB power adapter (5W)\nSport Band (includes band that can be configured for either S/M or M/L length)\nQuick start guide\n \nApple Watch Sport features\nSilver or space gray anodized aluminum case\nIon-X glass\nRetina display with Force Touch\nComposite back\nSport Band with stainless steel pin\nDigital Crown\nHeart rate sensor, accelerometer, and gyroscope\nAmbient light sensor\nSpeaker and microphone\nWi-Fi (802.11b/g/n 2.4GHz)\nBluetooth 4.0\nUp to 18 hours of battery life*\nWater resistant**\n \n*Battery life varies by use and configuration; actual results will vary. See www.apple.com/batteries and www.apple.com/watch/battery.html for more information.\n**Apple Watch is splash and water resistant but not waterproof. You can, for example, wear and use Apple Watch during exercise, in the rain, and while washing your hands, but submerging Apple Watch is not recommended. Apple Watch has a water resistance rating of IPX7 under IEC standard 60529. The leather bands are not water resistant.\nFeatures are subject to change and may not be available in all regions or all languages. Requires iPhone 5 or later.\n ','','en'),(40,40,'Astro A30 System','<h4 class=\"prodheader\">HEAR WHAT YOU\'VE BEEN MISSING</h4>\n<p>When it\'s game time, you slip on your headphones and disappear into whatever world you\'re gaming in. It\'s important that these headphones are quality for many reasons. First, you want to make sure you hear everything: from explosions to enemies to spells to conversation with other online players. And second, you want to make sure other players hear you! Time to power up your gaming experience to a whole new level with the Astro A30 System.</p>\n<p>The Astro A30 System brings the power Dolby 7.1 Surround Sound to the next generation of gaming by combining the power of the A30 headset with the MixAmp Pro. The preferred choice among cross-platform gamers, the A30 is highly portable, lightweight and comes fully equipped with three different audio cables for easy connection not just to your Xbox One, but with a variety of mobile devices and consoles. Easy size adjustment and breathable fabric cushions make this over-ear design so comfortable, you might even forget you’re wearing them. The MixAmp Pro brings the ultimate power of Dolby 7.1 Surround Sound to your favorite games and allows you to capture both voice and game audio through the Stream output. The Astro A30 System - more power for your ear holes!</p>\n<p>Product Specifications  </p>\n<ul><li>Don\'t just hear your games, aurally experience them with this awesome headphones set</li>\n<li>Color Choice: Black or White</li>\n<li>Compatibility: Xbox One/PS4/PS3/PC</li>\n<li>Astro A30 Specs:\n<ul><li>Transducer Principle: Dynamic, Closed</li>\n<li>Frequency Response: 20 - 21,000 Hz</li>\n<li>Distortion: Less than 0.1%</li>\n<li>Microphone: 6.0mm unidirectional with noise gate</li>\n<li>Nominal Impedance: 32 Ohms</li>\n<li>Headband Pressure: 2.0N</li>\n<li>Ear Coupling: On-Ear</li>\n<li>Weight w/o Cable: 188 grams</li>\n<li>Connection: 3.5mm 4-pole Jack</li>\n</ul></li>\n<li>MixAmp Pro Specs:\n<ul><li>Inputs Rear: 3.5mm Mini TOSlink, 3.5mm mp3 connector, USB mini-B (audio/power), 3.5mm Stream Output</li>\n<li>Frequency Response: 20-20,000 Hz</li>\n<li>Power Output: 70mW 32ohm per channel</li>\n<li>Inputs Front: Headset Connector, 2.5mm Xbox Live voice communication connector, Two daisy chain 3.5mm ports</li>\n</ul></li>\n<li>Includes: \n<ul><li>A30 Headset</li>\n<li>A30 Mic</li>\n<li>ASTRO Speaker Tags</li>\n<li>MixAmp Pro</li>\n<li>Headset Cables: 2.0M A30 Inline Mute Cable, 65mm PC Splitter Cable</li>\n<li>MixAmp Cables: 3.0M TOSlink Optical Cable, 3.0M Mini-USB Cable, 1.5M Xbox Live Chat Cable, 1.5M 3.5mm Audio Cable</li>\n</ul></li>\n</ul>','<h4 class=\"prodheader\">HEAR WHAT YOU\'VE BEEN MISSING</h4>\n<ul><li>Awesome, cross-platform, gaming headphones</li>\n<li>MixAmp Pro included for even more control</li>\n<li>Works with Xbox One, PS4, PS3, and PC</li>\n</ul>','','HEAR WHAT YOU\'VE BEEN MISSING\nAwesome, cross-platform, gaming headphones\nMixAmp Pro included for even more control\nWorks with Xbox One, PS4, PS3, and PC\n','','en'),(41,41,'Apple iPhone 6S Plus [Options &amp; Attributes]','<ul class=\"propsInfo\"><li>Smartphone, Apple iOS 9</li>\n<li>Display: 11.9 cm (4.7\"), 8.0 MP camera</li>\n<li>CPU: 2x 1.40 GHz, 64.0 GB storage</li>\n<li>GPS</li>\n<li>LTE, WLAN, Bluetooth 4.0, NFC</li>\n</ul>','','','Smartphone, Apple iOS 9\nDisplay: 11.9 cm (4.7\"), 8.0 MP camera\nCPU: 2x 1.40 GHz, 64.0 GB storage\nGPS\nLTE, WLAN, Bluetooth 4.0, NFC\n','','en'),(42,42,'Apple iPhone SE [Options &amp; Attributes] [Tabs]','<div class=\"features\">\n<div class=\"feature media-block\">\n<div class=\"content\">\n<div class=\"features\">\n<div class=\"feature media-block\">\n<div class=\"content\">\n<h4>All-new design.</h4>\n<p>At 7.6 mm and 113 grams,<span style=\"font-size:xx-small;\"> </span>iPhone SE has a remarkably thin and light design. It’s made from anodized aluminum. And the beveled edges are diamond cut for incredible precision.</p>\n</div>\n</div>\n<div class=\"feature media-block\">\n<div class=\"media\"> </div>\n<div class=\"content\">\n<h4>Brilliant 4-inch Retina display.</h4>\n<p>4-inch (diagonal) LED-backlit widescreen Multi-Touch display with IPS technology</p>\n</div>\n</div>\n<div class=\"feature media-block\">\n<div class=\"content\">\n<h4>Powerful A9 chip.</h4>\n<p>A9 chip with 64-bit architecture. Embedded M9 motion coprocessor</p>\n</div>\n</div>\n<div class=\"feature media-block\">\n<div class=\"media\"> </div>\n<div class=\"content\">\n<h4>Ultrafast wireless.</h4>\n<p>With support for the latest wireless technologies, iPhone SE connects to more networks all over the world. And Wi-Fi is faster, too.</p>\n</div>\n</div>\n</div>\n<div class=\"gs grid-9of20\">\n<div class=\"in-the-box\">\n<div> </div>\n<div class=\"content\">\n<h4>What’s in the box</h4>\n<ul class=\"ul\"><li>iPhone SE with iOS 9.3</li>\n<li>Apple EarPods with Remote and Mic</li>\n<li>Lightning to USB Cable</li>\n<li>USB Power Adapter</li>\n</ul></div>\n</div>\n<div class=\"system-requirements\">\n<h4>Warranty</h4>\n<p>Every iPhone includes 90 days of free telephone technical support and a one-year limited warranty.</p>\n</div>\n</div>\n</div>\n</div>\n</div>\n<div class=\"gs grid-9of20\">\n<div class=\"system-requirements\">\n<p> </p>\n</div>\n</div>\n<div style=\"padding:24px 24px 24px 21px;display:block;\">This site is a demo site only. This product is not available for sale at our site. <br />But you can buy it at <a style=\"color:#1e7ec8;text-decoration:underline;\" title=\"Apple Store\" href=\"http://store.apple.com/us/buy/home/shop_iphone/family/iphone5\">Apple Store</a> , this is where we took description from.</div>','','','\n\n\n\n\nAll-new design.\nAt 7.6 mm and 113 grams, iPhone SE has a remarkably thin and light design. It’s made from anodized aluminum. And the beveled edges are diamond cut for incredible precision.\n\n\n\n \n\nBrilliant 4-inch Retina display.\n4-inch (diagonal) LED-backlit widescreen Multi-Touch display with IPS technology\n\n\n\n\nPowerful A9 chip.\nA9 chip with 64-bit architecture. Embedded M9 motion coprocessor\n\n\n\n \n\nUltrafast wireless.\nWith support for the latest wireless technologies, iPhone SE connects to more networks all over the world. And Wi-Fi is faster, too.\n\n\n\n\n\n \n\nWhat’s in the box\niPhone SE with iOS 9.3\nApple EarPods with Remote and Mic\nLightning to USB Cable\nUSB Power Adapter\n\n\n\nWarranty\nEvery iPhone includes 90 days of free telephone technical support and a one-year limited warranty.\n\n\n\n\n\n\n\n \n\n\nThis site is a demo site only. This product is not available for sale at our site. But you can buy it at Apple Store , this is where we took description from.','','en');
CREATE TABLE `xlite_products` (
  `product_id` int(10) unsigned NOT NULL AUTO_INCREMENT,
  `product_class_id` int(10) unsigned DEFAULT NULL,
  `tax_class_id` int(10) unsigned DEFAULT NULL,
  `ogMeta` longtext COLLATE utf8_unicode_ci NOT NULL,
  `useCustomOG` tinyint(1) NOT NULL,
  `participateSale` tinyint(1) NOT NULL,
  `discountType` varchar(32) COLLATE utf8_unicode_ci NOT NULL,
  `salePriceValue` decimal(14,4) NOT NULL,
  `xcPendingBulkEdit` tinyint(1) NOT NULL,
  `freeShip` tinyint(1) NOT NULL,
  `freightFixedFee` decimal(14,4) NOT NULL,
  `useAsSegmentCondition` tinyint(1) NOT NULL,
  `price` decimal(14,4) NOT NULL COMMENT '(DC2Type:money)',
  `sku` varchar(32) COLLATE utf8_unicode_ci DEFAULT NULL,
  `enabled` tinyint(1) NOT NULL,
  `weight` decimal(14,4) NOT NULL,
  `useSeparateBox` tinyint(1) NOT NULL,
  `boxWidth` decimal(14,4) NOT NULL,
  `boxLength` decimal(14,4) NOT NULL,
  `boxHeight` decimal(14,4) NOT NULL,
  `itemsPerBox` int(11) NOT NULL,
  `free_shipping` tinyint(1) NOT NULL,
  `taxable` tinyint(1) NOT NULL,
  `javascript` longtext COLLATE utf8_unicode_ci NOT NULL,
  `arrivalDate` int(11) NOT NULL,
  `date` int(11) NOT NULL,
  `updateDate` int(10) unsigned NOT NULL,
  `needProcess` tinyint(1) NOT NULL,
  `inventoryEnabled` tinyint(1) NOT NULL,
  `amount` int(10) unsigned NOT NULL,
  `lowLimitEnabledCustomer` tinyint(1) NOT NULL,
  `lowLimitEnabled` tinyint(1) NOT NULL,
  `lowLimitAmount` int(10) unsigned NOT NULL,
  `attrSepTab` tinyint(1) NOT NULL,
  `metaDescType` varchar(1) COLLATE utf8_unicode_ci NOT NULL,
  `sales` int(10) unsigned NOT NULL,
  `xcPendingExport` tinyint(1) NOT NULL,
  `entityVersion` char(36) COLLATE utf8_unicode_ci NOT NULL COMMENT '(DC2Type:guid)',
  PRIMARY KEY (`product_id`),
  KEY `IDX_2B79045921B06187` (`product_class_id`),
  KEY `IDX_2B790459A94AAAE` (`tax_class_id`),
  KEY `sku` (`sku`),
  KEY `price` (`price`),
  KEY `weight` (`weight`),
  KEY `free_shipping` (`free_shipping`),
  KEY `customerArea` (`enabled`,`arrivalDate`),
  CONSTRAINT `FK_2B790459A94AAAE` FOREIGN KEY (`tax_class_id`) REFERENCES `xlite_tax_classes` (`id`) ON DELETE SET NULL,
  CONSTRAINT `FK_2B79045921B06187` FOREIGN KEY (`product_class_id`) REFERENCES `xlite_product_classes` (`id`) ON DELETE SET NULL
) ENGINE=InnoDB DEFAULT CHARSET=utf8 COLLATE=utf8_unicode_ci;
INSERT INTO `xlite_products` VALUES (1,1,NULL,'',0,0,'sale_price',0.0000,0,0,0.0000,0,19.9900,'12024',1,0.5000,0,0.0000,0.0000,0.0000,1,0,1,'',1470743409,1483703406,1483703406,0,1,45,1,1,10,1,'A',0,0,'42ece997-806e-4a1c-b958-a9c6098156e7'),(2,1,NULL,'',0,0,'sale_price',0.0000,0,0,0.0000,0,49.9900,'12025',1,1.5000,0,0.0000,0.0000,0.0000,1,0,1,'',1482839409,1483703407,1483703407,0,1,5,1,1,10,1,'A',0,0,'b3d24f30-545c-4dcd-b5c6-8c789996fac9'),(3,1,NULL,'',0,0,'sale_price',0.0000,0,0,0.0000,0,19.9900,'12030',1,1.5000,0,0.0000,0.0000,0.0000,1,0,1,'',1470743409,1483703407,1483703409,0,1,5,1,1,10,1,'A',2,0,'3b4b329c-8bc7-4d38-870c-9448db2a8cb2'),(4,1,NULL,'',0,0,'sale_price',0.0000,0,0,0.0000,0,24.9900,'sw-0',1,1.0000,0,0.0000,0.0000,0.0000,1,0,1,'',1486295409,1483703407,1483703407,0,1,9,1,1,10,1,'A',0,0,'db58fdda-70ae-4e57-9b3e-376d54249469'),(5,1,NULL,'',0,0,'sale_price',0.0000,0,0,0.0000,0,19.9900,'1205',1,2.5000,0,0.0000,0.0000,0.0000,1,0,1,'',1482839409,1483703407,1483703407,0,1,6,1,1,10,1,'A',0,0,'039a67fa-7cfd-4d71-9fbb-9a8b69b1f408'),(6,1,NULL,'',0,1,'sale_price',47.9900,0,0,0.0000,0,79.9900,'12031',1,1.9000,0,0.0000,0.0000,0.0000,1,0,1,'',1486295409,1483703407,1483703409,0,1,6,1,1,10,1,'A',0,0,'70fa62f6-3d7f-4aa9-829b-20174203c0f5'),(7,1,NULL,'',0,0,'sale_price',0.0000,0,0,0.0000,0,29.9900,'12033',1,1.9000,0,0.0000,0.0000,0.0000,1,0,1,'',1470743409,1483703407,1483703407,0,1,8,1,1,10,1,'A',0,0,'4b7aac1e-bb74-4cc9-b093-f11918a91ffd'),(8,1,NULL,'',0,1,'sale_price',14.9900,0,0,0.0000,0,19.9900,'12007',1,2.5000,0,0.0000,0.0000,0.0000,1,0,1,'',1486295409,1483703407,1483703409,0,0,6,1,1,10,1,'A',0,0,'e514d90e-c0a1-4153-a7d6-163df864d99c'),(9,1,NULL,'',0,0,'sale_price',0.0000,0,0,0.0000,0,19.9900,'12032',1,0.8000,0,0.0000,0.0000,0.0000,1,0,1,'',1470743409,1483703407,1483703407,0,1,11,1,1,10,1,'A',0,0,'68389085-1a21-4c9d-a413-dc5cc31191bf'),(10,1,NULL,'',0,0,'sale_price',0.0000,0,0,0.0000,0,34.9900,'100ewl',1,0.9500,0,0.0000,0.0000,0.0000,1,0,1,'',1470743409,1483703407,1483703407,0,1,5,1,1,10,1,'A',0,0,'ecde6707-fa0b-43fc-bbd1-0fae178794a3'),(11,NULL,NULL,'',0,0,'sale_price',0.0000,0,0,0.0000,0,14.9900,'12015',1,3.2000,0,0.0000,0.0000,0.0000,1,0,1,'',1470743409,1483703407,1483703407,0,1,6,1,1,10,1,'A',0,0,'ed011b01-a79d-4584-9b0c-a6fd082acd03'),(12,NULL,NULL,'',0,0,'sale_price',0.0000,0,0,0.0000,0,9.9900,'12022',1,0.3000,0,0.0000,0.0000,0.0000,1,0,1,'',1470743409,1483703407,1483703409,0,1,20,1,1,10,1,'A',6,0,'c1350dba-e09a-45d5-b9b2-3f5735fe0712'),(13,NULL,NULL,'',0,0,'sale_percent',0.0000,0,0,0.0000,0,19.9900,'1204',1,0.5500,0,0.0000,0.0000,0.0000,1,0,1,'',1470743409,1483703407,1483703409,0,1,400,1,1,10,1,'A',1,0,'b0bbb857-4b9d-4eb3-8c34-8aefe9aa253d'),(14,NULL,NULL,'',0,0,'sale_price',0.0000,0,0,0.0000,0,39.9900,'12016',1,3.7000,0,0.0000,0.0000,0.0000,1,0,1,'',1482839409,1483703407,1483703407,0,1,34,1,1,10,1,'A',0,0,'fd5b7672-9f89-4b86-8065-7796d30caf0e'),(15,NULL,NULL,'',0,1,'sale_percent',15.0000,0,0,0.0000,0,29.9900,'12029',1,1.0000,0,0.0000,0.0000,0.0000,1,0,1,'',1470743409,1483703407,1483703409,0,1,5,1,1,10,1,'A',12,0,'72011e69-0108-4279-9c3b-0ed1f94862e8'),(16,NULL,NULL,'',0,1,'sale_percent',25.0000,0,0,0.0000,0,19.9900,'12004',1,1.0000,0,0.0000,0.0000,0.0000,1,0,1,'',1470743409,1483703407,1483703409,0,1,743,1,1,10,1,'A',0,0,'2e72f170-97d3-4e43-8dbb-e1052b687329'),(17,NULL,NULL,'',0,0,'sale_price',0.0000,0,0,0.0000,0,99.0000,'12026',1,0.1000,0,0.0000,0.0000,0.0000,1,0,1,'',1486295409,1483703407,1483703409,0,1,13,1,1,10,1,'A',1,0,'a05df065-9eff-4b66-9700-7e903d11dc39'),(18,NULL,NULL,'',0,0,'sale_price',0.0000,0,0,0.0000,0,49.9900,'12028',1,0.5000,0,0.0000,0.0000,0.0000,1,0,1,'',1486295409,1483703407,1483703407,0,1,6,1,1,10,1,'A',0,0,'37249934-b5d9-46a8-b1db-6ad155545890'),(19,NULL,NULL,'',0,0,'sale_price',0.0000,0,0,0.0000,0,19.9900,'12012',1,1.0500,0,0.0000,0.0000,0.0000,1,0,1,'',1482839409,1483703407,1483703407,0,1,7,1,1,10,1,'A',0,0,'67777ece-d24c-4a7e-bdd6-3f5509fe08d3'),(20,NULL,NULL,'',0,0,'sale_price',0.0000,0,0,0.0000,0,9.9900,'12010',1,2.1000,0,0.0000,0.0000,0.0000,1,0,1,'',1470743409,1483703407,1483703407,0,1,45,1,1,10,1,'A',0,0,'83fac55c-ad78-4373-881f-d89db752ae91'),(21,NULL,NULL,'',0,0,'sale_price',0.0000,0,0,0.0000,0,9.9900,'12036',1,0.1500,0,0.0000,0.0000,0.0000,1,0,1,'',1482839409,1483703407,1483703407,0,1,3,1,1,10,1,'A',0,0,'7adb9999-5d23-42fc-9734-f496bda54c9c'),(22,NULL,NULL,'',0,0,'sale_price',0.0000,0,0,0.0000,0,29.9900,'12021',1,2.0000,0,0.0000,0.0000,0.0000,1,0,1,'',1470743409,1483703407,1483703407,0,1,8,1,1,10,1,'A',0,0,'ebf001b5-4d8a-47cf-8bde-0683f8b5e0c8'),(23,NULL,NULL,'',0,0,'sale_price',0.0000,0,0,0.0000,0,19.9900,'12017',1,3.5200,0,0.0000,0.0000,0.0000,1,0,1,'',1486295409,1483703407,1483703407,0,1,6,1,1,10,1,'A',0,0,'3b9f25ef-b8ee-4bed-8ee4-fd05a10736d7'),(24,NULL,NULL,'',0,0,'sale_price',0.0000,0,0,0.0000,0,29.9900,'12006',1,3.3000,0,0.0000,0.0000,0.0000,1,0,1,'',1470743409,1483703407,1483703407,0,1,645,1,1,10,1,'A',0,0,'c2fc7974-8873-4803-b6dd-285f46b6f364'),(25,NULL,NULL,'',0,0,'sale_price',0.0000,0,0,0.0000,0,14.9900,'12018',1,0.8500,0,0.0000,0.0000,0.0000,1,0,1,'',1470743409,1483703407,1483703407,0,1,7,1,1,10,1,'A',0,0,'1c381e93-a479-4394-a2d8-36717b010d29'),(26,NULL,NULL,'',0,0,'sale_price',0.0000,0,0,0.0000,0,19.9900,'12009',1,1.5000,0,0.0000,0.0000,0.0000,1,0,1,'',1470743409,1483703407,1483703407,0,1,9,1,1,10,1,'A',0,0,'25e6096a-70f2-4302-a583-91142dc8709c'),(27,NULL,NULL,'',0,1,'sale_price',6.4900,0,0,0.0000,0,12.9900,'12035',1,1.5000,0,0.0000,0.0000,0.0000,1,0,1,'',1482839409,1483703407,1483703409,0,1,12,1,1,10,1,'A',7,0,'e301a3b4-4778-4f8f-913d-6b4906de379a'),(28,NULL,NULL,'',0,0,'sale_price',0.0000,0,0,0.0000,0,69.9900,'12027',1,1.2000,0,0.0000,0.0000,0.0000,1,0,1,'',1470743409,1483703407,1483703407,0,1,5,1,1,10,1,'A',0,0,'42582987-1718-4d57-b31d-4617c52b93c0'),(29,NULL,NULL,'',0,0,'sale_price',0.0000,0,0,0.0000,0,79.9900,'12019',1,1.0000,0,0.0000,0.0000,0.0000,1,0,1,'',1470743409,1483703407,1483703407,0,1,8,1,1,10,1,'A',0,0,'dcbdf4f8-8446-4069-a517-481ce44fce53'),(30,NULL,NULL,'',0,0,'sale_price',0.0000,0,0,0.0000,0,299.9900,'12003',1,2.1000,0,0.0000,0.0000,0.0000,1,0,1,'',1470743409,1483703407,1483703407,0,1,60,1,1,10,1,'A',0,0,'cefed9a7-9620-4d11-a395-b5298928df7d'),(31,NULL,NULL,'',0,1,'sale_price',19.9900,0,0,0.0000,0,49.9900,'12014',1,1.4000,0,0.0000,0.0000,0.0000,1,0,1,'',1482839409,1483703407,1483703409,0,1,9,1,1,10,1,'A',0,0,'41ce264a-ff78-415e-8f83-20e37d823ddd'),(32,NULL,NULL,'',0,1,'sale_price',44.9900,0,0,0.0000,0,59.9900,'12020',1,1.5000,0,0.0000,0.0000,0.0000,1,0,1,'',1482839409,1483703407,1483703409,0,1,8,1,1,10,1,'A',0,0,'681bb0b2-a0ad-4852-a996-6b72245d5248'),(33,NULL,NULL,'',0,0,'sale_price',0.0000,0,0,0.0000,0,11.9900,'12008',1,1.5200,0,0.0000,0.0000,0.0000,1,0,1,'',1470743409,1483703407,1483703407,0,1,8,1,1,10,1,'A',0,0,'c635f6f1-bb4e-4c45-99c2-7216d9f9da4d'),(34,NULL,NULL,'',0,0,'sale_price',0.0000,0,0,0.0000,0,139.9900,'12023',1,1.3000,0,0.0000,0.0000,0.0000,1,0,1,'',1470743409,1483703407,1483703407,0,1,23,1,1,10,1,'A',0,0,'7f4d9dcc-fa08-4884-ad93-127f14965577'),(35,NULL,NULL,'',0,1,'sale_price',39.9900,0,0,0.0000,0,49.9900,'12005',1,1.7000,0,0.0000,0.0000,0.0000,1,0,1,'',1470743409,1483703407,1483703409,0,1,7,1,1,10,1,'A',0,0,'c8d41f2b-0df0-4a9a-8f40-795b27fce6b4'),(36,NULL,NULL,'',0,0,'sale_price',0.0000,0,0,0.0000,0,34.9900,'12013',1,2.6000,0,0.0000,0.0000,0.0000,1,0,1,'',1470743409,1483703407,1483703407,0,1,8,1,1,10,1,'A',0,0,'58d73a32-a3e9-44cc-b6b1-5138ce4ad712'),(37,2,NULL,'',0,0,'sale_price',0.0000,0,0,0.0000,0,650.0000,'12000',1,2.8000,0,0.0000,0.0000,0.0000,1,0,1,'',1470743409,1483703407,1483703407,0,1,40,1,1,10,1,'A',0,0,'87884c44-46e5-402d-bdc3-290eb02c98da'),(38,NULL,NULL,'',0,0,'sale_price',0.0000,0,0,0.0000,0,817.5900,'12011',1,5.8000,0,0.0000,0.0000,0.0000,1,0,1,'',1470743409,1483703407,1483703407,0,1,7,1,1,10,1,'A',0,0,'4b23e7e0-d74f-4861-b7a9-bf457abef670'),(39,NULL,NULL,'',0,0,'sale_price',0.0000,0,0,0.0000,0,399.0000,'12001',1,0.9500,0,0.0000,0.0000,0.0000,1,0,1,'',1470743409,1483703407,1483703407,0,1,6,1,1,10,1,'A',0,0,'ece553d0-81cb-4043-a354-31a4cd3d0b2d'),(40,NULL,NULL,'',0,0,'sale_price',0.0000,0,0,0.0000,0,199.9900,'12002',1,1.5000,0,0.0000,0.0000,0.0000,1,0,1,'',1470743409,1483703407,1483703407,0,1,6,1,1,10,1,'A',0,0,'b665e51a-6201-4fbd-898e-70b84c12549e'),(41,2,NULL,'',0,0,'sale_price',0.0000,0,0,0.0000,0,850.0000,'12003p',1,4.5300,0,0.0000,0.0000,0.0000,1,0,1,'',1470743409,1483703407,1483703407,0,1,5,1,1,10,1,'A',0,0,'77a8baa4-3ce5-4f92-af42-86986e5aa4e8'),(42,2,NULL,'',0,0,'sale_price',0.0000,0,0,0.0000,0,299.0000,'10096',1,4.1000,0,0.0000,0.0000,0.0000,1,0,1,'',1470743409,1483703407,1483703407,0,1,4,1,1,10,1,'A',0,0,'e4f9cde6-147f-4e72-8e0f-ddf954f074d5');
CREATE TABLE `xlite_profile_addresses` (
  `address_id` int(11) NOT NULL AUTO_INCREMENT,
  `profile_id` int(11) DEFAULT NULL,
  `state_id` int(11) DEFAULT NULL,
  `country_code` char(2) COLLATE utf8_unicode_ci DEFAULT NULL,
  `is_billing` tinyint(1) NOT NULL,
  `is_shipping` tinyint(1) NOT NULL,
  `isWork` tinyint(1) NOT NULL,
  `address_type` char(1) COLLATE utf8_unicode_ci NOT NULL,
  PRIMARY KEY (`address_id`),
  KEY `IDX_A6B45064CCFA12B8` (`profile_id`),
  KEY `IDX_A6B450645D83CC1` (`state_id`),
  KEY `IDX_A6B45064F026BB7C` (`country_code`),
  KEY `is_billing` (`is_billing`),
  KEY `is_shipping` (`is_shipping`),
  CONSTRAINT `FK_A6B45064F026BB7C` FOREIGN KEY (`country_code`) REFERENCES `xlite_countries` (`code`) ON DELETE SET NULL,
  CONSTRAINT `FK_A6B450645D83CC1` FOREIGN KEY (`state_id`) REFERENCES `xlite_states` (`state_id`) ON DELETE SET NULL,
  CONSTRAINT `FK_A6B45064CCFA12B8` FOREIGN KEY (`profile_id`) REFERENCES `xlite_profiles` (`profile_id`) ON DELETE CASCADE
) ENGINE=InnoDB DEFAULT CHARSET=utf8 COLLATE=utf8_unicode_ci;
INSERT INTO `xlite_profile_addresses` VALUES (1,1,NULL,'US',1,1,0,'R'),(2,2,NULL,'US',1,1,0,'R'),(3,3,NULL,'US',1,1,0,'R'),(4,4,NULL,'US',1,1,0,'R'),(5,5,NULL,'US',1,1,0,'R'),(6,6,NULL,'US',1,1,0,'R');
CREATE TABLE `xlite_profile_roles` (
  `role_id` int(10) unsigned NOT NULL,
  `profile_id` int(11) NOT NULL,
  PRIMARY KEY (`role_id`,`profile_id`),
  KEY `IDX_7E99B5FD60322AC` (`role_id`),
  KEY `IDX_7E99B5FCCFA12B8` (`profile_id`),
  CONSTRAINT `FK_7E99B5FCCFA12B8` FOREIGN KEY (`profile_id`) REFERENCES `xlite_profiles` (`profile_id`) ON DELETE CASCADE,
  CONSTRAINT `FK_7E99B5FD60322AC` FOREIGN KEY (`role_id`) REFERENCES `xlite_roles` (`id`) ON DELETE CASCADE
) ENGINE=InnoDB DEFAULT CHARSET=utf8 COLLATE=utf8_unicode_ci;
CREATE TABLE `xlite_profiles` (
  `profile_id` int(11) NOT NULL AUTO_INCREMENT,
  `order_id` int(11) DEFAULT NULL,
  `membership_id` int(10) unsigned DEFAULT NULL,
  `pending_membership_id` int(10) unsigned DEFAULT NULL,
  `socialLoginProvider` varchar(128) COLLATE utf8_unicode_ci DEFAULT NULL,
  `socialLoginId` varchar(128) COLLATE utf8_unicode_ci DEFAULT NULL,
  `gaClientId` varchar(255) COLLATE utf8_unicode_ci NOT NULL,
  `pictureUrl` varchar(255) COLLATE utf8_unicode_ci DEFAULT NULL,
  `default_card_id` int(10) unsigned NOT NULL,
  `pending_zero_auth` varchar(255) COLLATE utf8_unicode_ci NOT NULL,
  `pending_zero_auth_txn_id` varchar(255) COLLATE utf8_unicode_ci NOT NULL,
  `pending_zero_auth_status` char(1) COLLATE utf8_unicode_ci NOT NULL,
  `pending_zero_auth_interface` varchar(255) COLLATE utf8_unicode_ci NOT NULL,
  `login` varchar(128) COLLATE utf8_unicode_ci NOT NULL,
  `password` varchar(255) COLLATE utf8_unicode_ci NOT NULL,
  `password_hint` varchar(128) COLLATE utf8_unicode_ci NOT NULL,
  `password_hint_answer` varchar(128) COLLATE utf8_unicode_ci NOT NULL,
  `passwordResetKey` varchar(255) COLLATE utf8_unicode_ci NOT NULL,
  `passwordResetKeyDate` int(11) NOT NULL,
  `access_level` int(11) NOT NULL,
  `cms_profile_id` int(11) NOT NULL,
  `cms_name` varchar(32) COLLATE utf8_unicode_ci NOT NULL,
  `added` int(11) NOT NULL,
  `first_login` int(11) NOT NULL,
  `last_login` int(11) NOT NULL,
  `status` char(1) COLLATE utf8_unicode_ci NOT NULL,
  `statusComment` varchar(255) COLLATE utf8_unicode_ci NOT NULL,
  `referer` varchar(255) COLLATE utf8_unicode_ci NOT NULL,
  `language` varchar(2) COLLATE utf8_unicode_ci NOT NULL,
  `last_shipping_id` int(11) DEFAULT NULL,
  `last_payment_id` int(11) DEFAULT NULL,
  `anonymous` tinyint(1) NOT NULL,
  `forceChangePassword` tinyint(1) NOT NULL,
  `dateOfLoginAttempt` int(10) unsigned NOT NULL,
  `countOfLoginAttempts` int(11) NOT NULL,
  `searchFakeField` longtext COLLATE utf8_unicode_ci,
  `xcPendingExport` tinyint(1) NOT NULL,
  PRIMARY KEY (`profile_id`),
  UNIQUE KEY `UNIQ_13F3DB338D9F6D38` (`order_id`),
  KEY `IDX_13F3DB331FB354CD` (`membership_id`),
  KEY `IDX_13F3DB33CD228392` (`pending_membership_id`),
  KEY `cms_profile` (`cms_name`,`cms_profile_id`),
  KEY `login` (`login`),
  KEY `order_id` (`order_id`),
  KEY `password` (`password`),
  KEY `access_level` (`access_level`),
  KEY `first_login` (`first_login`),
  KEY `last_login` (`last_login`),
  KEY `status` (`status`),
  CONSTRAINT `FK_13F3DB33CD228392` FOREIGN KEY (`pending_membership_id`) REFERENCES `xlite_memberships` (`membership_id`) ON DELETE SET NULL,
  CONSTRAINT `FK_13F3DB331FB354CD` FOREIGN KEY (`membership_id`) REFERENCES `xlite_memberships` (`membership_id`) ON DELETE SET NULL,
  CONSTRAINT `FK_13F3DB338D9F6D38` FOREIGN KEY (`order_id`) REFERENCES `xlite_orders` (`order_id`) ON DELETE CASCADE
) ENGINE=InnoDB DEFAULT CHARSET=utf8 COLLATE=utf8_unicode_ci;
INSERT INTO `xlite_profiles` VALUES (1,NULL,NULL,NULL,NULL,NULL,'',NULL,0,'','','','','bit-bucket@example.com','084e0343a0486ff05530df6c705c8bb4','','','',0,0,0,'',1483703409,0,0,'E','','','en',NULL,NULL,1,0,0,0,'Guest Guest Guest;bit-bucket@example.com',0),(2,1,NULL,NULL,NULL,NULL,'',NULL,0,'','','','','bit-bucket@example.com','084e0343a0486ff05530df6c705c8bb4','','','',0,0,0,'',1483703409,0,0,'E','','','en',NULL,NULL,1,0,0,0,'Guest Guest Guest;bit-bucket@example.com',0),(3,2,NULL,NULL,NULL,NULL,'',NULL,0,'','','','','bit-bucket@example.com','084e0343a0486ff05530df6c705c8bb4','','','',0,0,0,'',1483703409,0,0,'E','','','en',NULL,NULL,1,0,0,0,'Guest Guest Guest;bit-bucket@example.com',0),(4,3,NULL,NULL,NULL,NULL,'',NULL,0,'','','','','bit-bucket@example.com','084e0343a0486ff05530df6c705c8bb4','','','',0,0,0,'',1483703409,0,0,'E','','','en',NULL,NULL,1,0,0,0,'Guest Guest Guest;bit-bucket@example.com',0),(5,4,NULL,NULL,NULL,NULL,'',NULL,0,'','','','','bit-bucket@example.com','084e0343a0486ff05530df6c705c8bb4','','','',0,0,0,'',1483703409,0,0,'E','','','en',NULL,NULL,1,0,0,0,'Guest Guest Guest;bit-bucket@example.com',0),(6,5,NULL,NULL,NULL,NULL,'',NULL,0,'','','','','bit-bucket@example.com','084e0343a0486ff05530df6c705c8bb4','','','',0,0,0,'',1483703409,0,0,'E','','','en',NULL,NULL,1,0,0,0,'Guest Guest Guest;bit-bucket@example.com',0);
CREATE TABLE `xlite_quick_data` (
  `id` int(10) unsigned NOT NULL AUTO_INCREMENT,
  `product_id` int(10) unsigned DEFAULT NULL,
  `membership_id` int(10) unsigned DEFAULT NULL,
  `price` decimal(14,4) NOT NULL,
  PRIMARY KEY (`id`),
  KEY `IDX_C6F6D1AD4584665A` (`product_id`),
  KEY `IDX_C6F6D1AD1FB354CD` (`membership_id`),
  KEY `customerArea` (`membership_id`,`product_id`),
  CONSTRAINT `FK_C6F6D1AD1FB354CD` FOREIGN KEY (`membership_id`) REFERENCES `xlite_memberships` (`membership_id`) ON DELETE CASCADE,
  CONSTRAINT `FK_C6F6D1AD4584665A` FOREIGN KEY (`product_id`) REFERENCES `xlite_products` (`product_id`) ON DELETE CASCADE
) ENGINE=InnoDB DEFAULT CHARSET=utf8 COLLATE=utf8_unicode_ci;
INSERT INTO `xlite_quick_data` VALUES (1,1,1,19.9900),(2,1,NULL,19.9900),(3,2,1,49.9900),(4,2,NULL,49.9900),(5,3,1,19.9900),(6,3,NULL,19.9900),(7,4,1,24.9900),(8,4,NULL,24.9900),(9,5,1,19.9900),(10,5,NULL,19.9900),(11,6,1,79.9900),(12,6,NULL,47.9900),(13,7,1,29.9900),(14,7,NULL,29.9900),(15,8,1,19.9900),(16,8,NULL,14.9900),(17,9,1,19.9900),(18,9,NULL,19.9900),(19,10,1,34.9900),(20,10,NULL,34.9900),(21,11,1,14.9900),(22,11,NULL,14.9900),(23,12,1,9.9900),(24,12,NULL,9.9900),(25,13,1,19.9900),(26,13,NULL,19.9900),(27,14,1,39.9900),(28,14,NULL,39.9900),(29,15,1,29.9900),(30,15,NULL,25.4900),(31,16,1,19.9900),(32,16,NULL,14.9900),(33,17,1,99.0000),(34,17,NULL,99.0000),(35,18,1,49.9900),(36,18,NULL,49.9900),(37,19,1,19.9900),(38,19,NULL,19.9900),(39,20,1,9.9900),(40,20,NULL,9.9900),(41,21,1,9.9900),(42,21,NULL,9.9900),(43,22,1,29.9900),(44,22,NULL,29.9900),(45,23,1,19.9900),(46,23,NULL,19.9900),(47,24,1,29.9900),(48,24,NULL,29.9900),(49,25,1,14.9900),(50,25,NULL,14.9900),(51,26,1,19.9900),(52,26,NULL,19.9900),(53,27,1,12.9900),(54,27,NULL,6.4900),(55,28,1,69.9900),(56,28,NULL,69.9900),(57,29,1,79.9900),(58,29,NULL,79.9900),(59,30,1,299.9900),(60,30,NULL,299.9900),(61,31,1,49.9900),(62,31,NULL,19.9900),(63,32,1,59.9900),(64,32,NULL,44.9900),(65,33,1,11.9900),(66,33,NULL,11.9900),(67,34,1,139.9900),(68,34,NULL,139.9900),(69,35,1,49.9900),(70,35,NULL,39.9900),(71,36,1,34.9900),(72,36,NULL,34.9900),(73,37,1,650.0000),(74,37,NULL,650.0000),(75,38,1,817.5900),(76,38,NULL,817.5900),(77,39,1,399.0000),(78,39,NULL,399.0000),(79,40,1,199.9900),(80,40,NULL,199.9900),(81,41,1,850.0000),(82,41,NULL,850.0000),(83,42,1,299.0000),(84,42,NULL,299.0000);
CREATE TABLE `xlite_regions` (
  `code` varchar(10) COLLATE utf8_unicode_ci NOT NULL,
  `country_code` char(2) COLLATE utf8_unicode_ci DEFAULT NULL,
  `name` varchar(64) COLLATE utf8_unicode_ci NOT NULL,
  `weight` int(11) DEFAULT NULL,
  PRIMARY KEY (`code`),
  UNIQUE KEY `code` (`code`,`country_code`),
  KEY `IDX_B319C6B1F026BB7C` (`country_code`),
  KEY `name` (`name`),
  CONSTRAINT `FK_B319C6B1F026BB7C` FOREIGN KEY (`country_code`) REFERENCES `xlite_countries` (`code`) ON DELETE CASCADE
) ENGINE=InnoDB DEFAULT CHARSET=utf8 COLLATE=utf8_unicode_ci;
INSERT INTO `xlite_regions` VALUES ('GB-ENG','GB','England',100),('GB-NIR','GB','Northern Ireland',400),('GB-SCT','GB','Scotland',200),('GB-WLS','GB','Wales',300);
CREATE TABLE `xlite_reviews` (
  `id` int(10) unsigned NOT NULL AUTO_INCREMENT,
  `profile_id` int(11) DEFAULT NULL,
  `product_id` int(10) unsigned DEFAULT NULL,
  `review` longtext COLLATE utf8_unicode_ci NOT NULL,
  `rating` smallint(6) NOT NULL,
  `additionDate` int(11) NOT NULL,
  `reviewerName` varchar(255) COLLATE utf8_unicode_ci NOT NULL,
  `email` varchar(255) COLLATE utf8_unicode_ci NOT NULL,
  `status` smallint(6) NOT NULL,
  `ip` varchar(255) COLLATE utf8_unicode_ci DEFAULT NULL,
  `useForMeta` tinyint(1) NOT NULL,
  `isNew` tinyint(1) NOT NULL,
  `xcPendingExport` tinyint(1) NOT NULL,
  PRIMARY KEY (`id`),
  KEY `IDX_780E544DCCFA12B8` (`profile_id`),
  KEY `IDX_780E544D4584665A` (`product_id`),
  KEY `additionDate` (`additionDate`),
  KEY `status` (`status`),
  CONSTRAINT `FK_780E544D4584665A` FOREIGN KEY (`product_id`) REFERENCES `xlite_products` (`product_id`) ON DELETE CASCADE,
  CONSTRAINT `FK_780E544DCCFA12B8` FOREIGN KEY (`profile_id`) REFERENCES `xlite_profiles` (`profile_id`) ON DELETE SET NULL
) ENGINE=InnoDB DEFAULT CHARSET=utf8 COLLATE=utf8_unicode_ci;
INSERT INTO `xlite_reviews` VALUES (1,NULL,15,'Очень мягкая и милая игрушка, хорошо упакованная. Подарила племянице, ей понравилось :) ',5,1458658002,'Лена М.','',1,'1334076167',0,0,0),(2,NULL,1,'',5,1458658288,'','',1,'1334076167',0,0,0),(3,NULL,15,'Wow\r\nSo warm!\r\nMuch kitty\r\nVery soft\r\nSuch happy!\r\nMany purr',5,1458658995,'Doge','',1,'1504911677',0,0,0),(4,NULL,15,'Котика, можно использовать и как подушку, и как игрушку. В восторге от нее!',5,1458659200,'Матвей','',1,'772305258',0,0,0),(5,NULL,15,'Awesome gift idea! Bought it for my husband,Big Bang Theory fan. You should have seen his eyes:) and quality is great. Thank you:) ',5,1458660023,'Anna S.','',1,'1442374563',0,0,0),(6,NULL,1,'',1,1458207917,'test test','',1,'0',0,0,0),(7,NULL,1,'',1,1458121517,'test test','',1,'0',0,0,0),(8,NULL,1,'',1,1458467117,'test test','',1,'0',0,0,0),(9,NULL,1,'',1,1458899117,'test test','',1,'0',0,0,0),(10,NULL,1,'',1,1458121517,'test test','',1,'0',0,0,0),(11,NULL,1,'',1,1458121517,'test test','',1,'0',0,0,0),(12,NULL,1,'',1,1458726317,'test test','',1,'0',0,0,0),(13,NULL,1,'',1,1458294317,'test test','',1,'0',0,0,0),(14,NULL,1,'',2,1458207917,'test test','',1,'0',0,0,0),(15,NULL,1,'',1,1458380717,'test test','',1,'0',0,0,0),(16,NULL,1,'',1,1458207917,'test test','',1,'0',0,0,0),(17,NULL,1,'',1,1458553517,'test test','',1,'0',0,0,0),(18,NULL,1,'',1,1458380717,'test test','',1,'0',0,0,0),(19,NULL,1,'',1,1458207917,'test test','',1,'0',0,0,0),(20,NULL,1,'',1,1458380717,'test test','',1,'0',0,0,0),(21,NULL,2,'',1,1458726317,'test test','',1,'0',0,0,0),(22,NULL,2,'',1,1458121517,'test test','',1,'0',0,0,0),(23,NULL,2,'',2,1458899117,'test test','',1,'0',0,0,0),(24,NULL,2,'',2,1458380717,'test test','',1,'0',0,0,0),(25,NULL,2,'',2,1458726317,'test test','',1,'0',0,0,0),(26,NULL,2,'',2,1458380717,'test test','',1,'0',0,0,0),(27,NULL,2,'',2,1458553517,'test test','',1,'0',0,0,0),(28,NULL,2,'',2,1458899117,'test test','',1,'0',0,0,0),(29,NULL,2,'',2,1458467117,'test test','',1,'0',0,0,0),(30,NULL,2,'',2,1458121517,'test test','',1,'0',0,0,0),(31,NULL,2,'',2,1458812717,'test test','',1,'0',0,0,0),(32,NULL,2,'',2,1458294317,'test test','',1,'0',0,0,0),(33,NULL,2,'',2,1458121517,'test test','',1,'0',0,0,0),(34,NULL,2,'',2,1458380717,'test test','',1,'0',0,0,0),(35,NULL,2,'',2,1458294317,'test test','',1,'0',0,0,0),(36,NULL,2,'',2,1458467117,'test test','',1,'0',0,0,0),(37,NULL,2,'',2,1458639917,'test test','',1,'0',0,0,0),(38,NULL,2,'',2,1458467117,'test test','',1,'0',0,0,0),(39,NULL,2,'',2,1458035117,'test test','',1,'0',0,0,0),(40,NULL,2,'',2,1458553517,'test test','',1,'0',0,0,0),(41,NULL,2,'',2,1458639917,'test test','',1,'0',0,0,0),(42,NULL,2,'',2,1458121517,'test test','',1,'0',0,0,0),(43,NULL,2,'',2,1458380717,'test test','',1,'0',0,0,0),(44,NULL,3,'',2,1458899117,'test test','',1,'0',0,0,0),(45,NULL,3,'',1,1458380717,'test test','',1,'0',0,0,0),(46,NULL,3,'',2,1458726317,'test test','',1,'0',0,0,0),(47,NULL,3,'',2,1458207917,'test test','',1,'0',0,0,0),(48,NULL,3,'',2,1458035117,'test test','',1,'0',0,0,0),(49,NULL,3,'',2,1458121517,'test test','',1,'0',0,0,0),(50,NULL,3,'',2,1458380717,'test test','',1,'0',0,0,0),(51,NULL,3,'',2,1458467117,'test test','',1,'0',0,0,0),(52,NULL,3,'',2,1458899117,'test test','',1,'0',0,0,0),(53,NULL,3,'',2,1458553517,'test test','',1,'0',0,0,0),(54,NULL,3,'',2,1458380717,'test test','',1,'0',0,0,0),(55,NULL,3,'',2,1458380717,'test test','',1,'0',0,0,0),(56,NULL,3,'',2,1458294317,'test test','',1,'0',0,0,0),(57,NULL,3,'',2,1458726317,'test test','',1,'0',0,0,0),(58,NULL,3,'',2,1458899117,'test test','',1,'0',0,0,0),(59,NULL,3,'',2,1458294317,'test test','',1,'0',0,0,0),(60,NULL,3,'',2,1458294317,'test test','',1,'0',0,0,0),(61,NULL,3,'',2,1458121517,'test test','',1,'0',0,0,0),(62,NULL,3,'',2,1458207917,'test test','',1,'0',0,0,0),(63,NULL,3,'',2,1458553517,'test test','',1,'0',0,0,0),(64,NULL,3,'',2,1458207917,'test test','',1,'0',0,0,0),(65,NULL,3,'',2,1458553517,'test test','',1,'0',0,0,0),(66,NULL,4,'',2,1458812717,'test test','',1,'0',0,0,0),(67,NULL,4,'',1,1458639917,'test test','',1,'0',0,0,0),(68,NULL,4,'',2,1458207917,'test test','',1,'0',0,0,0),(69,NULL,4,'',2,1458380717,'test test','',1,'0',0,0,0),(70,NULL,4,'',2,1458726317,'test test','',1,'0',0,0,0),(71,NULL,4,'',2,1458812717,'test test','',1,'0',0,0,0),(72,NULL,4,'',2,1458035117,'test test','',1,'0',0,0,0),(73,NULL,4,'',2,1458812717,'test test','',1,'0',0,0,0),(74,NULL,4,'',2,1458294317,'test test','',1,'0',0,0,0),(75,NULL,4,'',2,1458035117,'test test','',1,'0',0,0,0),(76,NULL,4,'',2,1458294317,'test test','',1,'0',0,0,0),(77,NULL,4,'',2,1458121517,'test test','',1,'0',0,0,0),(78,NULL,4,'',2,1458294317,'test test','',1,'0',0,0,0),(79,NULL,4,'',2,1458294317,'test test','',1,'0',0,0,0),(80,NULL,4,'',2,1458207917,'test test','',1,'0',0,0,0),(81,NULL,4,'',2,1458639917,'test test','',1,'0',0,0,0),(82,NULL,4,'',2,1458726317,'test test','',1,'0',0,0,0),(83,NULL,5,'',4,1458207917,'test test','',1,'0',0,0,0),(84,NULL,5,'',3,1458294317,'test test','',1,'0',0,0,0),(85,NULL,5,'',3,1458121517,'test test','',1,'0',0,0,0),(86,NULL,5,'',3,1458639917,'test test','',1,'0',0,0,0),(87,NULL,5,'',2,1458553517,'test test','',1,'0',0,0,0),(88,NULL,5,'',3,1458899117,'test test','',1,'0',0,0,0),(89,NULL,5,'',3,1458639917,'test test','',1,'0',0,0,0),(90,NULL,5,'',2,1458899117,'test test','',1,'0',0,0,0),(91,NULL,5,'',3,1458207917,'test test','',1,'0',0,0,0),(92,NULL,5,'',3,1458726317,'test test','',1,'0',0,0,0),(93,NULL,5,'',3,1458121517,'test test','',1,'0',0,0,0),(94,NULL,5,'',3,1458726317,'test test','',1,'0',0,0,0),(95,NULL,5,'',3,1458035117,'test test','',1,'0',0,0,0),(96,NULL,5,'',3,1458726317,'test test','',1,'0',0,0,0),(97,NULL,5,'',3,1458639917,'test test','',1,'0',0,0,0),(98,NULL,5,'',3,1458726317,'test test','',1,'0',0,0,0),(99,NULL,5,'',3,1458035117,'test test','',1,'0',0,0,0),(100,NULL,5,'',3,1458121517,'test test','',1,'0',0,0,0),(101,NULL,5,'',3,1458467117,'test test','',1,'0',0,0,0),(102,NULL,5,'',3,1458812717,'test test','',1,'0',0,0,0),(103,NULL,5,'',3,1458207917,'test test','',1,'0',0,0,0),(104,NULL,5,'',3,1458294317,'test test','',1,'0',0,0,0),(105,NULL,6,'',3,1458207917,'test test','',1,'0',0,0,0),(106,NULL,6,'',2,1458207917,'test test','',1,'0',0,0,0),(107,NULL,6,'',3,1458553517,'test test','',1,'0',0,0,0),(108,NULL,6,'',3,1458294317,'test test','',1,'0',0,0,0),(109,NULL,6,'',3,1458467117,'test test','',1,'0',0,0,0),(110,NULL,6,'',3,1458899117,'test test','',1,'0',0,0,0),(111,NULL,6,'',3,1458553517,'test test','',1,'0',0,0,0),(112,NULL,6,'',3,1458207917,'test test','',1,'0',0,0,0),(113,NULL,6,'',3,1458639917,'test test','',1,'0',0,0,0),(114,NULL,6,'',3,1458726317,'test test','',1,'0',0,0,0),(115,NULL,6,'',3,1458467117,'test test','',1,'0',0,0,0),(116,NULL,6,'',3,1458812717,'test test','',1,'0',0,0,0),(117,NULL,6,'',3,1458467117,'test test','',1,'0',0,0,0),(118,NULL,6,'',3,1458121517,'test test','',1,'0',0,0,0),(119,NULL,6,'',3,1458812717,'test test','',1,'0',0,0,0),(120,NULL,6,'',3,1458121517,'test test','',1,'0',0,0,0),(121,NULL,6,'',3,1458035117,'test test','',1,'0',0,0,0),(122,NULL,6,'',3,1458121517,'test test','',1,'0',0,0,0),(123,NULL,6,'',3,1458812717,'test test','',1,'0',0,0,0),(124,NULL,7,'',3,1458207917,'test test','',1,'0',0,0,0),(125,NULL,7,'',3,1458812717,'test test','',1,'0',0,0,0),(126,NULL,7,'',3,1458899117,'test test','',1,'0',0,0,0),(127,NULL,7,'',4,1458899117,'test test','',1,'0',0,0,0),(128,NULL,7,'',3,1458553517,'test test','',1,'0',0,0,0),(129,NULL,7,'',3,1458639917,'test test','',1,'0',0,0,0),(130,NULL,7,'',4,1458899117,'test test','',1,'0',0,0,0),(131,NULL,7,'',3,1458726317,'test test','',1,'0',0,0,0),(132,NULL,7,'',3,1458121517,'test test','',1,'0',0,0,0),(133,NULL,7,'',3,1458812717,'test test','',1,'0',0,0,0),(134,NULL,7,'',3,1458899117,'test test','',1,'0',0,0,0),(135,NULL,7,'',3,1458467117,'test test','',1,'0',0,0,0),(136,NULL,7,'',3,1458035117,'test test','',1,'0',0,0,0),(137,NULL,7,'',3,1458207917,'test test','',1,'0',0,0,0),(138,NULL,7,'',3,1458035117,'test test','',1,'0',0,0,0),(139,NULL,8,'',3,1458294317,'test test','',1,'0',0,0,0),(140,NULL,8,'',2,1458726317,'test test','',1,'0',0,0,0),(141,NULL,8,'',3,1458035117,'test test','',1,'0',0,0,0),(142,NULL,8,'',3,1458899117,'test test','',1,'0',0,0,0),(143,NULL,8,'',3,1458899117,'test test','',1,'0',0,0,0),(144,NULL,8,'',3,1458726317,'test test','',1,'0',0,0,0),(145,NULL,8,'',3,1458726317,'test test','',1,'0',0,0,0),(146,NULL,8,'',4,1458467117,'test test','',1,'0',0,0,0),(147,NULL,8,'',3,1458553517,'test test','',1,'0',0,0,0),(148,NULL,8,'',3,1458207917,'test test','',1,'0',0,0,0),(149,NULL,8,'',3,1458553517,'test test','',1,'0',0,0,0),(150,NULL,8,'',3,1458380717,'test test','',1,'0',0,0,0),(151,NULL,8,'',3,1458380717,'test test','',1,'0',0,0,0),(152,NULL,8,'',3,1458639917,'test test','',1,'0',0,0,0),(153,NULL,8,'',3,1458467117,'test test','',1,'0',0,0,0),(154,NULL,8,'',3,1458294317,'test test','',1,'0',0,0,0),(155,NULL,8,'',3,1458812717,'test test','',1,'0',0,0,0),(156,NULL,8,'',3,1458380717,'test test','',1,'0',0,0,0),(157,NULL,8,'',3,1458207917,'test test','',1,'0',0,0,0),(158,NULL,8,'',3,1458726317,'test test','',1,'0',0,0,0),(159,NULL,8,'',3,1458035117,'test test','',1,'0',0,0,0),(160,NULL,8,'',3,1458812717,'test test','',1,'0',0,0,0),(161,NULL,8,'',3,1458726317,'test test','',1,'0',0,0,0),(162,NULL,8,'',3,1458726317,'test test','',1,'0',0,0,0),(163,NULL,9,'',4,1458899117,'test test','',1,'0',0,0,0),(164,NULL,9,'',2,1458553517,'test test','',1,'0',0,0,0),(165,NULL,9,'',3,1458639917,'test test','',1,'0',0,0,0),(166,NULL,9,'',3,1458380717,'test test','',1,'0',0,0,0),(167,NULL,9,'',3,1458553517,'test test','',1,'0',0,0,0),(168,NULL,9,'',3,1458899117,'test test','',1,'0',0,0,0),(169,NULL,9,'',3,1458467117,'test test','',1,'0',0,0,0),(170,NULL,9,'',3,1458899117,'test test','',1,'0',0,0,0),(171,NULL,9,'',3,1458639917,'test test','',1,'0',0,0,0),(172,NULL,9,'',3,1458467117,'test test','',1,'0',0,0,0),(173,NULL,9,'',3,1458812717,'test test','',1,'0',0,0,0),(174,NULL,9,'',3,1458639917,'test test','',1,'0',0,0,0),(175,NULL,9,'',3,1458207917,'test test','',1,'0',0,0,0),(176,NULL,9,'',3,1458639917,'test test','',1,'0',0,0,0),(177,NULL,9,'',3,1458121517,'test test','',1,'0',0,0,0),(178,NULL,9,'',3,1458812717,'test test','',1,'0',0,0,0),(179,NULL,9,'',3,1458812717,'test test','',1,'0',0,0,0),(180,NULL,9,'',3,1458726317,'test test','',1,'0',0,0,0),(181,NULL,10,'',3,1458207917,'test test','',1,'0',0,0,0),(182,NULL,10,'',4,1458207917,'test test','',1,'0',0,0,0),(183,NULL,10,'',4,1458380717,'test test','',1,'0',0,0,0),(184,NULL,10,'',2,1458726317,'test test','',1,'0',0,0,0),(185,NULL,10,'',3,1458467117,'test test','',1,'0',0,0,0),(186,NULL,10,'',3,1458294317,'test test','',1,'0',0,0,0),(187,NULL,10,'',3,1458207917,'test test','',1,'0',0,0,0),(188,NULL,10,'',3,1458639917,'test test','',1,'0',0,0,0),(189,NULL,10,'',3,1458121517,'test test','',1,'0',0,0,0),(190,NULL,10,'',3,1458294317,'test test','',1,'0',0,0,0),(191,NULL,10,'',3,1458467117,'test test','',1,'0',0,0,0),(192,NULL,10,'',3,1458812717,'test test','',1,'0',0,0,0),(193,NULL,10,'',3,1458035117,'test test','',1,'0',0,0,0),(194,NULL,10,'',3,1458467117,'test test','',1,'0',0,0,0),(195,NULL,10,'',3,1458380717,'test test','',1,'0',0,0,0),(196,NULL,10,'',3,1458726317,'test test','',1,'0',0,0,0),(197,NULL,10,'',3,1458812717,'test test','',1,'0',0,0,0),(198,NULL,10,'',3,1458899117,'test test','',1,'0',0,0,0),(199,NULL,10,'',3,1458639917,'test test','',1,'0',0,0,0),(200,NULL,10,'',3,1458294317,'test test','',1,'0',0,0,0),(201,NULL,10,'',3,1458899117,'test test','',1,'0',0,0,0),(202,NULL,10,'',3,1458294317,'test test','',1,'0',0,0,0),(203,NULL,11,'',4,1458812717,'test test','',1,'0',0,0,0),(204,NULL,11,'',4,1458812717,'test test','',1,'0',0,0,0),(205,NULL,11,'',3,1458899117,'test test','',1,'0',0,0,0),(206,NULL,11,'',5,1458035117,'test test','',1,'0',0,0,0),(207,NULL,11,'',4,1458467117,'test test','',1,'0',0,0,0),(208,NULL,11,'',3,1458121517,'test test','',1,'0',0,0,0),(209,NULL,11,'',4,1458812717,'test test','',1,'0',0,0,0),(210,NULL,11,'',4,1458294317,'test test','',1,'0',0,0,0),(211,NULL,11,'',4,1458812717,'test test','',1,'0',0,0,0),(212,NULL,11,'',4,1458121517,'test test','',1,'0',0,0,0),(213,NULL,11,'',4,1458553517,'test test','',1,'0',0,0,0),(214,NULL,11,'',4,1458294317,'test test','',1,'0',0,0,0),(215,NULL,11,'',4,1458899117,'test test','',1,'0',0,0,0),(216,NULL,11,'',4,1458121517,'test test','',1,'0',0,0,0),(217,NULL,11,'',4,1458553517,'test test','',1,'0',0,0,0),(218,NULL,11,'',4,1458207917,'test test','',1,'0',0,0,0),(219,NULL,11,'',4,1458726317,'test test','',1,'0',0,0,0),(220,NULL,12,'',5,1458639917,'test test','',1,'0',0,0,0),(221,NULL,12,'',3,1458467117,'test test','',1,'0',0,0,0),(222,NULL,12,'',3,1458294317,'test test','',1,'0',0,0,0),(223,NULL,12,'',4,1458467117,'test test','',1,'0',0,0,0),(224,NULL,12,'',4,1458467117,'test test','',1,'0',0,0,0),(225,NULL,12,'',4,1458726317,'test test','',1,'0',0,0,0),(226,NULL,12,'',4,1458899117,'test test','',1,'0',0,0,0),(227,NULL,12,'',4,1458294317,'test test','',1,'0',0,0,0),(228,NULL,12,'',4,1458553517,'test test','',1,'0',0,0,0),(229,NULL,12,'',4,1458899117,'test test','',1,'0',0,0,0),(230,NULL,12,'',4,1458899117,'test test','',1,'0',0,0,0),(231,NULL,12,'',4,1458899117,'test test','',1,'0',0,0,0),(232,NULL,12,'',4,1458812717,'test test','',1,'0',0,0,0),(233,NULL,12,'',4,1458294317,'test test','',1,'0',0,0,0),(234,NULL,12,'',4,1458726317,'test test','',1,'0',0,0,0),(235,NULL,12,'',4,1458639917,'test test','',1,'0',0,0,0),(236,NULL,12,'',4,1458207917,'test test','',1,'0',0,0,0),(237,NULL,12,'',4,1458726317,'test test','',1,'0',0,0,0),(238,NULL,12,'',4,1458207917,'test test','',1,'0',0,0,0),(239,NULL,12,'',4,1458380717,'test test','',1,'0',0,0,0),(240,NULL,13,'',3,1458639917,'test test','',1,'0',0,0,0),(241,NULL,13,'',4,1458467117,'test test','',1,'0',0,0,0),(242,NULL,13,'',4,1458207917,'test test','',1,'0',0,0,0),(243,NULL,13,'',3,1458812717,'test test','',1,'0',0,0,0),(244,NULL,13,'',4,1458121517,'test test','',1,'0',0,0,0),(245,NULL,13,'',4,1458553517,'test test','',1,'0',0,0,0),(246,NULL,13,'',4,1458726317,'test test','',1,'0',0,0,0),(247,NULL,13,'',4,1458207917,'test test','',1,'0',0,0,0),(248,NULL,13,'',4,1458207917,'test test','',1,'0',0,0,0),(249,NULL,13,'',3,1458899117,'test test','',1,'0',0,0,0),(250,NULL,13,'',4,1458035117,'test test','',1,'0',0,0,0),(251,NULL,13,'',4,1458899117,'test test','',1,'0',0,0,0),(252,NULL,13,'',4,1458467117,'test test','',1,'0',0,0,0),(253,NULL,13,'',4,1458380717,'test test','',1,'0',0,0,0),(254,NULL,13,'',4,1458467117,'test test','',1,'0',0,0,0),(255,NULL,14,'',4,1458899117,'test test','',1,'0',0,0,0),(256,NULL,14,'',4,1458121517,'test test','',1,'0',0,0,0),(257,NULL,14,'',4,1458380717,'test test','',1,'0',0,0,0),(258,NULL,14,'',4,1458207917,'test test','',1,'0',0,0,0),(259,NULL,14,'',3,1458726317,'test test','',1,'0',0,0,0),(260,NULL,14,'',4,1458294317,'test test','',1,'0',0,0,0),(261,NULL,14,'',3,1458207917,'test test','',1,'0',0,0,0),(262,NULL,14,'',4,1458726317,'test test','',1,'0',0,0,0),(263,NULL,14,'',4,1458121517,'test test','',1,'0',0,0,0),(264,NULL,14,'',4,1458467117,'test test','',1,'0',0,0,0),(265,NULL,14,'',4,1458467117,'test test','',1,'0',0,0,0),(266,NULL,14,'',4,1458812717,'test test','',1,'0',0,0,0),(267,NULL,14,'',4,1458726317,'test test','',1,'0',0,0,0),(268,NULL,14,'',4,1458294317,'test test','',1,'0',0,0,0),(269,NULL,14,'',4,1458035117,'test test','',1,'0',0,0,0),(270,NULL,14,'',4,1458121517,'test test','',1,'0',0,0,0),(271,NULL,14,'',4,1458035117,'test test','',1,'0',0,0,0),(272,NULL,14,'',4,1458553517,'test test','',1,'0',0,0,0),(273,NULL,14,'',4,1458380717,'test test','',1,'0',0,0,0),(274,NULL,14,'',4,1458812717,'test test','',1,'0',0,0,0),(275,NULL,14,'',4,1458726317,'test test','',1,'0',0,0,0),(276,NULL,15,'',5,1458035117,'test test','',1,'0',0,0,0),(277,NULL,15,'',5,1458639917,'test test','',1,'0',0,0,0),(278,NULL,15,'',5,1458899117,'test test','',1,'0',0,0,0),(279,NULL,15,'',5,1458207917,'test test','',1,'0',0,0,0),(280,NULL,15,'',5,1458639917,'test test','',1,'0',0,0,0),(281,NULL,15,'',5,1458035117,'test test','',1,'0',0,0,0),(282,NULL,15,'',5,1458121517,'test test','',1,'0',0,0,0),(283,NULL,15,'',5,1458121517,'test test','',1,'0',0,0,0),(284,NULL,15,'',4,1458380717,'test test','',1,'0',0,0,0),(285,NULL,15,'',5,1458639917,'test test','',1,'0',0,0,0),(286,NULL,15,'',4,1458121517,'test test','',1,'0',0,0,0),(287,NULL,15,'',5,1458553517,'test test','',1,'0',0,0,0),(288,NULL,15,'',5,1458035117,'test test','',1,'0',0,0,0),(289,NULL,15,'',5,1458380717,'test test','',1,'0',0,0,0),(290,NULL,15,'',5,1458294317,'test test','',1,'0',0,0,0),(291,NULL,15,'',4,1458294317,'test test','',1,'0',0,0,0),(292,NULL,15,'',5,1458553517,'test test','',1,'0',0,0,0),(293,NULL,16,'',5,1458121517,'test test','',1,'0',0,0,0),(294,NULL,16,'',5,1458467117,'test test','',1,'0',0,0,0),(295,NULL,16,'',4,1458035117,'test test','',1,'0',0,0,0),(296,NULL,16,'',4,1458553517,'test test','',1,'0',0,0,0),(297,NULL,16,'',4,1458380717,'test test','',1,'0',0,0,0),(298,NULL,16,'',3,1458812717,'test test','',1,'0',0,0,0),(299,NULL,16,'',4,1458899117,'test test','',1,'0',0,0,0),(300,NULL,16,'',4,1458467117,'test test','',1,'0',0,0,0),(301,NULL,16,'',4,1458899117,'test test','',1,'0',0,0,0),(302,NULL,16,'',4,1458899117,'test test','',1,'0',0,0,0),(303,NULL,16,'',4,1458121517,'test test','',1,'0',0,0,0),(304,NULL,16,'',4,1458380717,'test test','',1,'0',0,0,0),(305,NULL,16,'',4,1458812717,'test test','',1,'0',0,0,0),(306,NULL,16,'',4,1458812717,'test test','',1,'0',0,0,0),(307,NULL,16,'',4,1458380717,'test test','',1,'0',0,0,0),(308,NULL,16,'',4,1458467117,'test test','',1,'0',0,0,0),(309,NULL,16,'',4,1458812717,'test test','',1,'0',0,0,0),(310,NULL,16,'',4,1458553517,'test test','',1,'0',0,0,0),(311,NULL,16,'',4,1458121517,'test test','',1,'0',0,0,0),(312,NULL,16,'',4,1458812717,'test test','',1,'0',0,0,0),(313,NULL,16,'',4,1458726317,'test test','',1,'0',0,0,0),(314,NULL,16,'',4,1458207917,'test test','',1,'0',0,0,0),(315,NULL,17,'',5,1458207917,'test test','',1,'0',0,0,0),(316,NULL,17,'',4,1458380717,'test test','',1,'0',0,0,0),(317,NULL,17,'',4,1458294317,'test test','',1,'0',0,0,0),(318,NULL,17,'',4,1458726317,'test test','',1,'0',0,0,0),(319,NULL,17,'',4,1458467117,'test test','',1,'0',0,0,0),(320,NULL,17,'',4,1458639917,'test test','',1,'0',0,0,0),(321,NULL,17,'',4,1458121517,'test test','',1,'0',0,0,0),(322,NULL,17,'',4,1458812717,'test test','',1,'0',0,0,0),(323,NULL,17,'',4,1458294317,'test test','',1,'0',0,0,0),(324,NULL,17,'',4,1458207917,'test test','',1,'0',0,0,0),(325,NULL,17,'',4,1458294317,'test test','',1,'0',0,0,0),(326,NULL,17,'',4,1458380717,'test test','',1,'0',0,0,0),(327,NULL,17,'',4,1458812717,'test test','',1,'0',0,0,0),(328,NULL,17,'',4,1458726317,'test test','',1,'0',0,0,0),(329,NULL,17,'',4,1458207917,'test test','',1,'0',0,0,0),(330,NULL,17,'',4,1458726317,'test test','',1,'0',0,0,0),(331,NULL,17,'',4,1458294317,'test test','',1,'0',0,0,0),(332,NULL,17,'',4,1458207917,'test test','',1,'0',0,0,0),(333,NULL,17,'',4,1458726317,'test test','',1,'0',0,0,0),(334,NULL,17,'',4,1458380717,'test test','',1,'0',0,0,0),(335,NULL,17,'',4,1458553517,'test test','',1,'0',0,0,0),(336,NULL,18,'',4,1458553517,'test test','',1,'0',0,0,0),(337,NULL,18,'',4,1458207917,'test test','',1,'0',0,0,0),(338,NULL,18,'',4,1458899117,'test test','',1,'0',0,0,0),(339,NULL,18,'',4,1458035117,'test test','',1,'0',0,0,0),(340,NULL,18,'',5,1458121517,'test test','',1,'0',0,0,0),(341,NULL,18,'',4,1458553517,'test test','',1,'0',0,0,0),(342,NULL,18,'',5,1458121517,'test test','',1,'0',0,0,0),(343,NULL,18,'',4,1458899117,'test test','',1,'0',0,0,0),(344,NULL,18,'',4,1458294317,'test test','',1,'0',0,0,0),(345,NULL,18,'',4,1458380717,'test test','',1,'0',0,0,0),(346,NULL,18,'',4,1458207917,'test test','',1,'0',0,0,0),(347,NULL,18,'',4,1458726317,'test test','',1,'0',0,0,0),(348,NULL,18,'',4,1458726317,'test test','',1,'0',0,0,0),(349,NULL,18,'',4,1458899117,'test test','',1,'0',0,0,0),(350,NULL,18,'',4,1458207917,'test test','',1,'0',0,0,0),(351,NULL,18,'',4,1458467117,'test test','',1,'0',0,0,0),(352,NULL,18,'',4,1458121517,'test test','',1,'0',0,0,0),(353,NULL,18,'',4,1458035117,'test test','',1,'0',0,0,0),(354,NULL,18,'',4,1458726317,'test test','',1,'0',0,0,0),(355,NULL,18,'',4,1458380717,'test test','',1,'0',0,0,0),(356,NULL,18,'',4,1458380717,'test test','',1,'0',0,0,0),(357,NULL,18,'',4,1458121517,'test test','',1,'0',0,0,0),(358,NULL,18,'',4,1458207917,'test test','',1,'0',0,0,0),(359,NULL,18,'',4,1458121517,'test test','',1,'0',0,0,0),(360,NULL,19,'',4,1458380717,'test test','',1,'0',0,0,0),(361,NULL,19,'',4,1458035117,'test test','',1,'0',0,0,0),(362,NULL,19,'',4,1458380717,'test test','',1,'0',0,0,0),(363,NULL,19,'',3,1458553517,'test test','',1,'0',0,0,0),(364,NULL,19,'',4,1458726317,'test test','',1,'0',0,0,0),(365,NULL,19,'',4,1458812717,'test test','',1,'0',0,0,0),(366,NULL,19,'',4,1458121517,'test test','',1,'0',0,0,0),(367,NULL,19,'',4,1458380717,'test test','',1,'0',0,0,0),(368,NULL,19,'',4,1458121517,'test test','',1,'0',0,0,0),(369,NULL,19,'',4,1458035117,'test test','',1,'0',0,0,0),(370,NULL,19,'',4,1458380717,'test test','',1,'0',0,0,0),(371,NULL,19,'',4,1458207917,'test test','',1,'0',0,0,0),(372,NULL,19,'',4,1458553517,'test test','',1,'0',0,0,0),(373,NULL,19,'',4,1458553517,'test test','',1,'0',0,0,0),(374,NULL,19,'',4,1458121517,'test test','',1,'0',0,0,0),(375,NULL,19,'',4,1458899117,'test test','',1,'0',0,0,0),(376,NULL,20,'',4,1458035117,'test test','',1,'0',0,0,0),(377,NULL,20,'',4,1458294317,'test test','',1,'0',0,0,0),(378,NULL,20,'',4,1458639917,'test test','',1,'0',0,0,0),(379,NULL,20,'',4,1458726317,'test test','',1,'0',0,0,0),(380,NULL,20,'',5,1458294317,'test test','',1,'0',0,0,0),(381,NULL,20,'',3,1458812717,'test test','',1,'0',0,0,0),(382,NULL,20,'',4,1458207917,'test test','',1,'0',0,0,0),(383,NULL,20,'',4,1458467117,'test test','',1,'0',0,0,0),(384,NULL,20,'',4,1458812717,'test test','',1,'0',0,0,0),(385,NULL,20,'',4,1458899117,'test test','',1,'0',0,0,0),(386,NULL,20,'',4,1458812717,'test test','',1,'0',0,0,0),(387,NULL,20,'',4,1458294317,'test test','',1,'0',0,0,0),(388,NULL,20,'',4,1458121517,'test test','',1,'0',0,0,0),(389,NULL,20,'',4,1458121517,'test test','',1,'0',0,0,0),(390,NULL,20,'',4,1458380717,'test test','',1,'0',0,0,0),(391,NULL,20,'',4,1458467117,'test test','',1,'0',0,0,0),(392,NULL,20,'',4,1458121517,'test test','',1,'0',0,0,0),(393,NULL,20,'',4,1458812717,'test test','',1,'0',0,0,0),(394,NULL,20,'',4,1458035117,'test test','',1,'0',0,0,0),(395,NULL,20,'',4,1458899117,'test test','',1,'0',0,0,0),(396,NULL,20,'',4,1458726317,'test test','',1,'0',0,0,0),(397,NULL,20,'',4,1458121517,'test test','',1,'0',0,0,0),(398,NULL,20,'',4,1458294317,'test test','',1,'0',0,0,0),(399,NULL,20,'',4,1458812717,'test test','',1,'0',0,0,0),(400,NULL,20,'',4,1458207917,'test test','',1,'0',0,0,0),(401,NULL,21,'',4,1458726317,'test test','',1,'0',0,0,0),(402,NULL,21,'',3,1458035117,'test test','',1,'0',0,0,0),(403,NULL,21,'',3,1458726317,'test test','',1,'0',0,0,0),(404,NULL,21,'',3,1458380717,'test test','',1,'0',0,0,0),(405,NULL,21,'',4,1458207917,'test test','',1,'0',0,0,0),(406,NULL,21,'',4,1458639917,'test test','',1,'0',0,0,0),(407,NULL,21,'',4,1458380717,'test test','',1,'0',0,0,0),(408,NULL,21,'',4,1458553517,'test test','',1,'0',0,0,0),(409,NULL,21,'',4,1458380717,'test test','',1,'0',0,0,0),(410,NULL,21,'',4,1458121517,'test test','',1,'0',0,0,0),(411,NULL,21,'',4,1458899117,'test test','',1,'0',0,0,0),(412,NULL,21,'',4,1458207917,'test test','',1,'0',0,0,0),(413,NULL,21,'',4,1458380717,'test test','',1,'0',0,0,0),(414,NULL,21,'',4,1458467117,'test test','',1,'0',0,0,0),(415,NULL,21,'',4,1458121517,'test test','',1,'0',0,0,0),(416,NULL,21,'',4,1458294317,'test test','',1,'0',0,0,0),(417,NULL,21,'',4,1458294317,'test test','',1,'0',0,0,0),(418,NULL,21,'',4,1458380717,'test test','',1,'0',0,0,0),(419,NULL,21,'',4,1458467117,'test test','',1,'0',0,0,0),(420,NULL,21,'',4,1458467117,'test test','',1,'0',0,0,0),(421,NULL,21,'',4,1458812717,'test test','',1,'0',0,0,0),(422,NULL,21,'',4,1458899117,'test test','',1,'0',0,0,0),(423,NULL,22,'',4,1458639917,'test test','',1,'0',0,0,0),(424,NULL,22,'',4,1458726317,'test test','',1,'0',0,0,0),(425,NULL,22,'',4,1458035117,'test test','',1,'0',0,0,0),(426,NULL,22,'',4,1458553517,'test test','',1,'0',0,0,0),(427,NULL,22,'',5,1458467117,'test test','',1,'0',0,0,0),(428,NULL,22,'',4,1458121517,'test test','',1,'0',0,0,0),(429,NULL,22,'',4,1458899117,'test test','',1,'0',0,0,0),(430,NULL,22,'',4,1458380717,'test test','',1,'0',0,0,0),(431,NULL,22,'',4,1458294317,'test test','',1,'0',0,0,0),(432,NULL,22,'',4,1458726317,'test test','',1,'0',0,0,0),(433,NULL,22,'',4,1458467117,'test test','',1,'0',0,0,0),(434,NULL,22,'',4,1458121517,'test test','',1,'0',0,0,0),(435,NULL,22,'',4,1458121517,'test test','',1,'0',0,0,0),(436,NULL,22,'',4,1458639917,'test test','',1,'0',0,0,0),(437,NULL,22,'',4,1458812717,'test test','',1,'0',0,0,0),(438,NULL,22,'',4,1458553517,'test test','',1,'0',0,0,0),(439,NULL,22,'',4,1458294317,'test test','',1,'0',0,0,0),(440,NULL,23,'',4,1458207917,'test test','',1,'0',0,0,0),(441,NULL,23,'',5,1458639917,'test test','',1,'0',0,0,0),(442,NULL,23,'',4,1458207917,'test test','',1,'0',0,0,0),(443,NULL,23,'',4,1458467117,'test test','',1,'0',0,0,0),(444,NULL,23,'',4,1458121517,'test test','',1,'0',0,0,0),(445,NULL,23,'',4,1458639917,'test test','',1,'0',0,0,0),(446,NULL,23,'',4,1458553517,'test test','',1,'0',0,0,0),(447,NULL,23,'',4,1458380717,'test test','',1,'0',0,0,0),(448,NULL,23,'',4,1458035117,'test test','',1,'0',0,0,0),(449,NULL,23,'',4,1458035117,'test test','',1,'0',0,0,0),(450,NULL,23,'',4,1458899117,'test test','',1,'0',0,0,0),(451,NULL,23,'',4,1458553517,'test test','',1,'0',0,0,0),(452,NULL,23,'',4,1458899117,'test test','',1,'0',0,0,0),(453,NULL,23,'',4,1458812717,'test test','',1,'0',0,0,0),(454,NULL,23,'',4,1458207917,'test test','',1,'0',0,0,0),(455,NULL,23,'',4,1458639917,'test test','',1,'0',0,0,0),(456,NULL,23,'',4,1458899117,'test test','',1,'0',0,0,0),(457,NULL,23,'',4,1458812717,'test test','',1,'0',0,0,0),(458,NULL,23,'',4,1458207917,'test test','',1,'0',0,0,0),(459,NULL,23,'',4,1458035117,'test test','',1,'0',0,0,0),(460,NULL,23,'',4,1458812717,'test test','',1,'0',0,0,0),(461,NULL,23,'',4,1458553517,'test test','',1,'0',0,0,0),(462,NULL,23,'',4,1458380717,'test test','',1,'0',0,0,0),(463,NULL,24,'',4,1458553517,'test test','',1,'0',0,0,0),(464,NULL,24,'',4,1458035117,'test test','',1,'0',0,0,0),(465,NULL,24,'',3,1458553517,'test test','',1,'0',0,0,0),(466,NULL,24,'',4,1458726317,'test test','',1,'0',0,0,0),(467,NULL,24,'',4,1458726317,'test test','',1,'0',0,0,0),(468,NULL,24,'',5,1458380717,'test test','',1,'0',0,0,0),(469,NULL,24,'',4,1458294317,'test test','',1,'0',0,0,0),(470,NULL,24,'',5,1458035117,'test test','',1,'0',0,0,0),(471,NULL,24,'',4,1458639917,'test test','',1,'0',0,0,0),(472,NULL,24,'',4,1458899117,'test test','',1,'0',0,0,0),(473,NULL,24,'',4,1458294317,'test test','',1,'0',0,0,0),(474,NULL,24,'',4,1458121517,'test test','',1,'0',0,0,0),(475,NULL,24,'',4,1458035117,'test test','',1,'0',0,0,0),(476,NULL,24,'',4,1458035117,'test test','',1,'0',0,0,0),(477,NULL,24,'',4,1458726317,'test test','',1,'0',0,0,0),(478,NULL,25,'',3,1458467117,'test test','',1,'0',0,0,0),(479,NULL,25,'',3,1458121517,'test test','',1,'0',0,0,0),(480,NULL,25,'',3,1458726317,'test test','',1,'0',0,0,0),(481,NULL,25,'',4,1458467117,'test test','',1,'0',0,0,0),(482,NULL,25,'',4,1458639917,'test test','',1,'0',0,0,0),(483,NULL,25,'',4,1458726317,'test test','',1,'0',0,0,0),(484,NULL,25,'',4,1458380717,'test test','',1,'0',0,0,0),(485,NULL,25,'',4,1458899117,'test test','',1,'0',0,0,0),(486,NULL,25,'',4,1458380717,'test test','',1,'0',0,0,0),(487,NULL,25,'',4,1458294317,'test test','',1,'0',0,0,0),(488,NULL,25,'',4,1458726317,'test test','',1,'0',0,0,0),(489,NULL,25,'',4,1458639917,'test test','',1,'0',0,0,0),(490,NULL,25,'',4,1458294317,'test test','',1,'0',0,0,0),(491,NULL,25,'',4,1458639917,'test test','',1,'0',0,0,0),(492,NULL,25,'',4,1458294317,'test test','',1,'0',0,0,0),(493,NULL,25,'',4,1458726317,'test test','',1,'0',0,0,0),(494,NULL,25,'',4,1458207917,'test test','',1,'0',0,0,0),(495,NULL,25,'',4,1458380717,'test test','',1,'0',0,0,0),(496,NULL,25,'',4,1458380717,'test test','',1,'0',0,0,0),(497,NULL,26,'',5,1458899117,'test test','',1,'0',0,0,0),(498,NULL,26,'',5,1458121517,'test test','',1,'0',0,0,0),(499,NULL,26,'',5,1458726317,'test test','',1,'0',0,0,0),(500,NULL,26,'',5,1458207917,'test test','',1,'0',0,0,0),(501,NULL,26,'',4,1458207917,'test test','',1,'0',0,0,0),(502,NULL,26,'',5,1458467117,'test test','',1,'0',0,0,0),(503,NULL,26,'',5,1458207917,'test test','',1,'0',0,0,0),(504,NULL,26,'',5,1458553517,'test test','',1,'0',0,0,0),(505,NULL,26,'',5,1458553517,'test test','',1,'0',0,0,0),(506,NULL,26,'',5,1458294317,'test test','',1,'0',0,0,0),(507,NULL,26,'',4,1458553517,'test test','',1,'0',0,0,0),(508,NULL,26,'',5,1458380717,'test test','',1,'0',0,0,0),(509,NULL,26,'',5,1458812717,'test test','',1,'0',0,0,0),(510,NULL,26,'',5,1458726317,'test test','',1,'0',0,0,0),(511,NULL,26,'',5,1458207917,'test test','',1,'0',0,0,0),(512,NULL,26,'',5,1458294317,'test test','',1,'0',0,0,0),(513,NULL,26,'',5,1458467117,'test test','',1,'0',0,0,0),(514,NULL,26,'',5,1458899117,'test test','',1,'0',0,0,0),(515,NULL,26,'',5,1458639917,'test test','',1,'0',0,0,0),(516,NULL,27,'',5,1458380717,'test test','',1,'0',0,0,0),(517,NULL,27,'',5,1458294317,'test test','',1,'0',0,0,0),(518,NULL,27,'',4,1458035117,'test test','',1,'0',0,0,0),(519,NULL,27,'',5,1458207917,'test test','',1,'0',0,0,0),(520,NULL,27,'',5,1458899117,'test test','',1,'0',0,0,0),(521,NULL,27,'',4,1458380717,'test test','',1,'0',0,0,0),(522,NULL,27,'',4,1458812717,'test test','',1,'0',0,0,0),(523,NULL,27,'',5,1458294317,'test test','',1,'0',0,0,0),(524,NULL,27,'',5,1458121517,'test test','',1,'0',0,0,0),(525,NULL,27,'',5,1458121517,'test test','',1,'0',0,0,0),(526,NULL,27,'',5,1458639917,'test test','',1,'0',0,0,0),(527,NULL,27,'',5,1458467117,'test test','',1,'0',0,0,0),(528,NULL,27,'',5,1458121517,'test test','',1,'0',0,0,0),(529,NULL,27,'',5,1458726317,'test test','',1,'0',0,0,0),(530,NULL,27,'',5,1458294317,'test test','',1,'0',0,0,0),(531,NULL,28,'',4,1458294317,'test test','',1,'0',0,0,0),(532,NULL,28,'',4,1458035117,'test test','',1,'0',0,0,0),(533,NULL,28,'',4,1458726317,'test test','',1,'0',0,0,0),(534,NULL,28,'',5,1458553517,'test test','',1,'0',0,0,0),(535,NULL,28,'',5,1458553517,'test test','',1,'0',0,0,0),(536,NULL,28,'',5,1458380717,'test test','',1,'0',0,0,0),(537,NULL,28,'',5,1458899117,'test test','',1,'0',0,0,0),(538,NULL,28,'',5,1458207917,'test test','',1,'0',0,0,0),(539,NULL,28,'',5,1458726317,'test test','',1,'0',0,0,0),(540,NULL,28,'',5,1458726317,'test test','',1,'0',0,0,0),(541,NULL,28,'',5,1458035117,'test test','',1,'0',0,0,0),(542,NULL,28,'',5,1458899117,'test test','',1,'0',0,0,0),(543,NULL,28,'',5,1458121517,'test test','',1,'0',0,0,0),(544,NULL,28,'',5,1458467117,'test test','',1,'0',0,0,0),(545,NULL,28,'',5,1458812717,'test test','',1,'0',0,0,0),(546,NULL,28,'',5,1458812717,'test test','',1,'0',0,0,0),(547,NULL,28,'',5,1458812717,'test test','',1,'0',0,0,0),(548,NULL,29,'',5,1458207917,'test test','',1,'0',0,0,0),(549,NULL,29,'',4,1458812717,'test test','',1,'0',0,0,0),(550,NULL,29,'',5,1458121517,'test test','',1,'0',0,0,0),(551,NULL,29,'',5,1458207917,'test test','',1,'0',0,0,0),(552,NULL,29,'',5,1458207917,'test test','',1,'0',0,0,0),(553,NULL,29,'',5,1458035117,'test test','',1,'0',0,0,0),(554,NULL,29,'',4,1458467117,'test test','',1,'0',0,0,0),(555,NULL,29,'',5,1458380717,'test test','',1,'0',0,0,0),(556,NULL,29,'',5,1458121517,'test test','',1,'0',0,0,0),(557,NULL,29,'',5,1458121517,'test test','',1,'0',0,0,0),(558,NULL,29,'',5,1458899117,'test test','',1,'0',0,0,0),(559,NULL,29,'',5,1458207917,'test test','',1,'0',0,0,0),(560,NULL,29,'',5,1458899117,'test test','',1,'0',0,0,0),(561,NULL,29,'',5,1458294317,'test test','',1,'0',0,0,0),(562,NULL,29,'',5,1458553517,'test test','',1,'0',0,0,0),(563,NULL,29,'',5,1458899117,'test test','',1,'0',0,0,0),(564,NULL,29,'',5,1458035117,'test test','',1,'0',0,0,0),(565,NULL,29,'',5,1458207917,'test test','',1,'0',0,0,0),(566,NULL,30,'',4,1458553517,'test test','',1,'0',0,0,0),(567,NULL,30,'',5,1458467117,'test test','',1,'0',0,0,0),(568,NULL,30,'',5,1458121517,'test test','',1,'0',0,0,0),(569,NULL,30,'',5,1458812717,'test test','',1,'0',0,0,0),(570,NULL,30,'',5,1458207917,'test test','',1,'0',0,0,0),(571,NULL,30,'',5,1458899117,'test test','',1,'0',0,0,0),(572,NULL,30,'',5,1458812717,'test test','',1,'0',0,0,0),(573,NULL,30,'',5,1458207917,'test test','',1,'0',0,0,0),(574,NULL,30,'',5,1458035117,'test test','',1,'0',0,0,0),(575,NULL,30,'',5,1458294317,'test test','',1,'0',0,0,0),(576,NULL,30,'',5,1458121517,'test test','',1,'0',0,0,0),(577,NULL,30,'',5,1458899117,'test test','',1,'0',0,0,0),(578,NULL,30,'',5,1458207917,'test test','',1,'0',0,0,0),(579,NULL,30,'',5,1458294317,'test test','',1,'0',0,0,0),(580,NULL,30,'',5,1458812717,'test test','',1,'0',0,0,0),(581,NULL,30,'',5,1458380717,'test test','',1,'0',0,0,0),(582,NULL,30,'',5,1458467117,'test test','',1,'0',0,0,0),(583,NULL,30,'',5,1458121517,'test test','',1,'0',0,0,0),(584,NULL,30,'',5,1458380717,'test test','',1,'0',0,0,0),(585,NULL,30,'',5,1458035117,'test test','',1,'0',0,0,0),(586,NULL,31,'',4,1458467117,'test test','',1,'0',0,0,0),(587,NULL,31,'',5,1458553517,'test test','',1,'0',0,0,0),(588,NULL,31,'',5,1458121517,'test test','',1,'0',0,0,0),(589,NULL,31,'',5,1458467117,'test test','',1,'0',0,0,0),(590,NULL,31,'',5,1458812717,'test test','',1,'0',0,0,0),(591,NULL,31,'',5,1458035117,'test test','',1,'0',0,0,0),(592,NULL,31,'',5,1458726317,'test test','',1,'0',0,0,0),(593,NULL,31,'',5,1458380717,'test test','',1,'0',0,0,0),(594,NULL,31,'',5,1458035117,'test test','',1,'0',0,0,0),(595,NULL,31,'',5,1458812717,'test test','',1,'0',0,0,0),(596,NULL,31,'',5,1458639917,'test test','',1,'0',0,0,0),(597,NULL,31,'',5,1458639917,'test test','',1,'0',0,0,0),(598,NULL,31,'',5,1458294317,'test test','',1,'0',0,0,0),(599,NULL,31,'',4,1458726317,'test test','',1,'0',0,0,0),(600,NULL,31,'',4,1458553517,'test test','',1,'0',0,0,0),(601,NULL,31,'',5,1458553517,'test test','',1,'0',0,0,0),(602,NULL,31,'',5,1458639917,'test test','',1,'0',0,0,0),(603,NULL,31,'',5,1458380717,'test test','',1,'0',0,0,0),(604,NULL,31,'',5,1458726317,'test test','',1,'0',0,0,0),(605,NULL,31,'',5,1458726317,'test test','',1,'0',0,0,0),(606,NULL,31,'',5,1458726317,'test test','',1,'0',0,0,0),(607,NULL,31,'',5,1458812717,'test test','',1,'0',0,0,0),(608,NULL,32,'',5,1458726317,'test test','',1,'0',0,0,0),(609,NULL,32,'',5,1458035117,'test test','',1,'0',0,0,0),(610,NULL,32,'',4,1458207917,'test test','',1,'0',0,0,0),(611,NULL,32,'',5,1458553517,'test test','',1,'0',0,0,0),(612,NULL,32,'',5,1458380717,'test test','',1,'0',0,0,0),(613,NULL,32,'',4,1458639917,'test test','',1,'0',0,0,0),(614,NULL,32,'',5,1458726317,'test test','',1,'0',0,0,0),(615,NULL,32,'',5,1458812717,'test test','',1,'0',0,0,0),(616,NULL,32,'',5,1458639917,'test test','',1,'0',0,0,0),(617,NULL,32,'',5,1458207917,'test test','',1,'0',0,0,0),(618,NULL,32,'',5,1458380717,'test test','',1,'0',0,0,0),(619,NULL,32,'',5,1458812717,'test test','',1,'0',0,0,0),(620,NULL,32,'',5,1458726317,'test test','',1,'0',0,0,0),(621,NULL,32,'',5,1458207917,'test test','',1,'0',0,0,0),(622,NULL,32,'',5,1458899117,'test test','',1,'0',0,0,0),(623,NULL,32,'',5,1458467117,'test test','',1,'0',0,0,0),(624,NULL,33,'',5,1458639917,'test test','',1,'0',0,0,0),(625,NULL,33,'',5,1458035117,'test test','',1,'0',0,0,0),(626,NULL,33,'',5,1458380717,'test test','',1,'0',0,0,0),(627,NULL,33,'',5,1458294317,'test test','',1,'0',0,0,0),(628,NULL,33,'',4,1458726317,'test test','',1,'0',0,0,0),(629,NULL,33,'',5,1458639917,'test test','',1,'0',0,0,0),(630,NULL,33,'',5,1458121517,'test test','',1,'0',0,0,0),(631,NULL,33,'',5,1458294317,'test test','',1,'0',0,0,0),(632,NULL,33,'',4,1458294317,'test test','',1,'0',0,0,0),(633,NULL,33,'',5,1458812717,'test test','',1,'0',0,0,0),(634,NULL,33,'',5,1458726317,'test test','',1,'0',0,0,0),(635,NULL,33,'',5,1458121517,'test test','',1,'0',0,0,0),(636,NULL,33,'',5,1458639917,'test test','',1,'0',0,0,0),(637,NULL,33,'',5,1458553517,'test test','',1,'0',0,0,0),(638,NULL,33,'',5,1458035117,'test test','',1,'0',0,0,0),(639,NULL,33,'',5,1458380717,'test test','',1,'0',0,0,0),(640,NULL,33,'',5,1458553517,'test test','',1,'0',0,0,0),(641,NULL,33,'',5,1458207917,'test test','',1,'0',0,0,0),(642,NULL,33,'',5,1458035117,'test test','',1,'0',0,0,0),(643,NULL,34,'',5,1458035117,'test test','',1,'0',0,0,0),(644,NULL,34,'',5,1458899117,'test test','',1,'0',0,0,0),(645,NULL,34,'',4,1458726317,'test test','',1,'0',0,0,0),(646,NULL,34,'',5,1458899117,'test test','',1,'0',0,0,0),(647,NULL,34,'',5,1458639917,'test test','',1,'0',0,0,0),(648,NULL,34,'',4,1458035117,'test test','',1,'0',0,0,0),(649,NULL,34,'',5,1458294317,'test test','',1,'0',0,0,0),(650,NULL,34,'',4,1458553517,'test test','',1,'0',0,0,0),(651,NULL,34,'',5,1458726317,'test test','',1,'0',0,0,0),(652,NULL,34,'',5,1458553517,'test test','',1,'0',0,0,0),(653,NULL,34,'',5,1458467117,'test test','',1,'0',0,0,0),(654,NULL,34,'',5,1458294317,'test test','',1,'0',0,0,0),(655,NULL,34,'',5,1458294317,'test test','',1,'0',0,0,0),(656,NULL,34,'',5,1458553517,'test test','',1,'0',0,0,0),(657,NULL,34,'',5,1458726317,'test test','',1,'0',0,0,0),(658,NULL,34,'',5,1458639917,'test test','',1,'0',0,0,0),(659,NULL,35,'',5,1458294317,'test test','',1,'0',0,0,0),(660,NULL,35,'',5,1458467117,'test test','',1,'0',0,0,0),(661,NULL,35,'',5,1458812717,'test test','',1,'0',0,0,0),(662,NULL,35,'',4,1458553517,'test test','',1,'0',0,0,0),(663,NULL,35,'',5,1458726317,'test test','',1,'0',0,0,0),(664,NULL,35,'',5,1458639917,'test test','',1,'0',0,0,0),(665,NULL,35,'',4,1458294317,'test test','',1,'0',0,0,0),(666,NULL,35,'',5,1458812717,'test test','',1,'0',0,0,0),(667,NULL,35,'',5,1458294317,'test test','',1,'0',0,0,0),(668,NULL,35,'',5,1458812717,'test test','',1,'0',0,0,0),(669,NULL,35,'',4,1458899117,'test test','',1,'0',0,0,0),(670,NULL,35,'',5,1458726317,'test test','',1,'0',0,0,0),(671,NULL,35,'',5,1458467117,'test test','',1,'0',0,0,0),(672,NULL,35,'',5,1458207917,'test test','',1,'0',0,0,0),(673,NULL,35,'',5,1458726317,'test test','',1,'0',0,0,0),(674,NULL,35,'',5,1458467117,'test test','',1,'0',0,0,0),(675,NULL,35,'',5,1458121517,'test test','',1,'0',0,0,0),(676,NULL,36,'',5,1458553517,'test test','',1,'0',0,0,0),(677,NULL,36,'',5,1458467117,'test test','',1,'0',0,0,0),(678,NULL,36,'',5,1458812717,'test test','',1,'0',0,0,0),(679,NULL,36,'',5,1458553517,'test test','',1,'0',0,0,0),(680,NULL,36,'',5,1458812717,'test test','',1,'0',0,0,0),(681,NULL,36,'',4,1458380717,'test test','',1,'0',0,0,0),(682,NULL,36,'',5,1458380717,'test test','',1,'0',0,0,0),(683,NULL,36,'',5,1458380717,'test test','',1,'0',0,0,0),(684,NULL,36,'',5,1458899117,'test test','',1,'0',0,0,0),(685,NULL,36,'',5,1458726317,'test test','',1,'0',0,0,0),(686,NULL,36,'',5,1458726317,'test test','',1,'0',0,0,0),(687,NULL,36,'',5,1458467117,'test test','',1,'0',0,0,0),(688,NULL,36,'',5,1458467117,'test test','',1,'0',0,0,0),(689,NULL,36,'',5,1458467117,'test test','',1,'0',0,0,0),(690,NULL,36,'',5,1458726317,'test test','',1,'0',0,0,0),(691,NULL,37,'',5,1458899117,'test test','',1,'0',0,0,0),(692,NULL,37,'',4,1458294317,'test test','',1,'0',0,0,0),(693,NULL,37,'',4,1458294317,'test test','',1,'0',0,0,0),(694,NULL,37,'',5,1458726317,'test test','',1,'0',0,0,0),(695,NULL,37,'',5,1458899117,'test test','',1,'0',0,0,0),(696,NULL,37,'',5,1458639917,'test test','',1,'0',0,0,0),(697,NULL,37,'',5,1458639917,'test test','',1,'0',0,0,0),(698,NULL,37,'',5,1458294317,'test test','',1,'0',0,0,0),(699,NULL,37,'',5,1458553517,'test test','',1,'0',0,0,0),(700,NULL,37,'',5,1458553517,'test test','',1,'0',0,0,0),(701,NULL,37,'',5,1458035117,'test test','',1,'0',0,0,0),(702,NULL,37,'',5,1458035117,'test test','',1,'0',0,0,0),(703,NULL,37,'',5,1458726317,'test test','',1,'0',0,0,0),(704,NULL,37,'',5,1458812717,'test test','',1,'0',0,0,0),(705,NULL,37,'',5,1458553517,'test test','',1,'0',0,0,0),(706,NULL,37,'',5,1458899117,'test test','',1,'0',0,0,0),(707,NULL,37,'',5,1458380717,'test test','',1,'0',0,0,0),(708,NULL,38,'',5,1458035117,'test test','',1,'0',0,0,0),(709,NULL,38,'',4,1458726317,'test test','',1,'0',0,0,0),(710,NULL,38,'',5,1458035117,'test test','',1,'0',0,0,0),(711,NULL,38,'',4,1458812717,'test test','',1,'0',0,0,0),(712,NULL,38,'',5,1458121517,'test test','',1,'0',0,0,0),(713,NULL,38,'',5,1458380717,'test test','',1,'0',0,0,0),(714,NULL,38,'',5,1458294317,'test test','',1,'0',0,0,0),(715,NULL,38,'',5,1458035117,'test test','',1,'0',0,0,0),(716,NULL,38,'',5,1458207917,'test test','',1,'0',0,0,0),(717,NULL,38,'',5,1458035117,'test test','',1,'0',0,0,0),(718,NULL,38,'',5,1458467117,'test test','',1,'0',0,0,0),(719,NULL,38,'',5,1458639917,'test test','',1,'0',0,0,0),(720,NULL,38,'',5,1458553517,'test test','',1,'0',0,0,0),(721,NULL,38,'',5,1458294317,'test test','',1,'0',0,0,0),(722,NULL,38,'',5,1458639917,'test test','',1,'0',0,0,0),(723,NULL,38,'',5,1458812717,'test test','',1,'0',0,0,0),(724,NULL,38,'',5,1458553517,'test test','',1,'0',0,0,0),(725,NULL,38,'',5,1458380717,'test test','',1,'0',0,0,0),(726,NULL,39,'',4,1458812717,'test test','',1,'0',0,0,0),(727,NULL,39,'',4,1458294317,'test test','',1,'0',0,0,0),(728,NULL,39,'',5,1458035117,'test test','',1,'0',0,0,0),(729,NULL,39,'',5,1458121517,'test test','',1,'0',0,0,0),(730,NULL,39,'',5,1458812717,'test test','',1,'0',0,0,0),(731,NULL,39,'',5,1458639917,'test test','',1,'0',0,0,0),(732,NULL,39,'',4,1458207917,'test test','',1,'0',0,0,0),(733,NULL,39,'',5,1458812717,'test test','',1,'0',0,0,0),(734,NULL,39,'',5,1458380717,'test test','',1,'0',0,0,0),(735,NULL,39,'',5,1458035117,'test test','',1,'0',0,0,0),(736,NULL,39,'',5,1458380717,'test test','',1,'0',0,0,0),(737,NULL,39,'',5,1458380717,'test test','',1,'0',0,0,0),(738,NULL,39,'',5,1458380717,'test test','',1,'0',0,0,0),(739,NULL,39,'',5,1458467117,'test test','',1,'0',0,0,0),(740,NULL,39,'',5,1458121517,'test test','',1,'0',0,0,0),(741,NULL,39,'',5,1458467117,'test test','',1,'0',0,0,0),(742,NULL,39,'',5,1458294317,'test test','',1,'0',0,0,0),(743,NULL,39,'',5,1458294317,'test test','',1,'0',0,0,0),(744,NULL,39,'',5,1458812717,'test test','',1,'0',0,0,0),(745,NULL,39,'',5,1458553517,'test test','',1,'0',0,0,0),(746,NULL,39,'',5,1458380717,'test test','',1,'0',0,0,0),(747,NULL,40,'',4,1458121517,'test test','',1,'0',0,0,0),(748,NULL,40,'',4,1458639917,'test test','',1,'0',0,0,0),(749,NULL,40,'',5,1458899117,'test test','',1,'0',0,0,0),(750,NULL,40,'',4,1458726317,'test test','',1,'0',0,0,0),(751,NULL,40,'',5,1458207917,'test test','',1,'0',0,0,0),(752,NULL,40,'',5,1458207917,'test test','',1,'0',0,0,0),(753,NULL,40,'',5,1458467117,'test test','',1,'0',0,0,0),(754,NULL,40,'',5,1458121517,'test test','',1,'0',0,0,0),(755,NULL,40,'',5,1458812717,'test test','',1,'0',0,0,0),(756,NULL,40,'',5,1458899117,'test test','',1,'0',0,0,0),(757,NULL,40,'',5,1458035117,'test test','',1,'0',0,0,0),(758,NULL,40,'',5,1458121517,'test test','',1,'0',0,0,0),(759,NULL,40,'',5,1458899117,'test test','',1,'0',0,0,0),(760,NULL,40,'',5,1458207917,'test test','',1,'0',0,0,0),(761,NULL,40,'',5,1458899117,'test test','',1,'0',0,0,0),(762,NULL,41,'',4,1458639917,'test test','',1,'0',0,0,0),(763,NULL,41,'',5,1458380717,'test test','',1,'0',0,0,0),(764,NULL,41,'',5,1458812717,'test test','',1,'0',0,0,0),(765,NULL,41,'',5,1458121517,'test test','',1,'0',0,0,0),(766,NULL,41,'',5,1458467117,'test test','',1,'0',0,0,0),(767,NULL,41,'',5,1458207917,'test test','',1,'0',0,0,0),(768,NULL,41,'',5,1458467117,'test test','',1,'0',0,0,0),(769,NULL,41,'',4,1458899117,'test test','',1,'0',0,0,0),(770,NULL,41,'',5,1458639917,'test test','',1,'0',0,0,0),(771,NULL,41,'',4,1458553517,'test test','',1,'0',0,0,0),(772,NULL,41,'',5,1458380717,'test test','',1,'0',0,0,0),(773,NULL,41,'',5,1458035117,'test test','',1,'0',0,0,0),(774,NULL,41,'',5,1458812717,'test test','',1,'0',0,0,0),(775,NULL,41,'',5,1458294317,'test test','',1,'0',0,0,0),(776,NULL,41,'',5,1458553517,'test test','',1,'0',0,0,0),(777,NULL,41,'',5,1458207917,'test test','',1,'0',0,0,0),(778,NULL,41,'',5,1458380717,'test test','',1,'0',0,0,0),(779,NULL,41,'',5,1458294317,'test test','',1,'0',0,0,0),(780,NULL,41,'',5,1458207917,'test test','',1,'0',0,0,0),(781,NULL,41,'',5,1458207917,'test test','',1,'0',0,0,0),(782,NULL,41,'',5,1458553517,'test test','',1,'0',0,0,0),(783,NULL,42,'',5,1458380717,'test test','',1,'0',0,0,0),(784,NULL,42,'',4,1458639917,'test test','',1,'0',0,0,0),(785,NULL,42,'',5,1458726317,'test test','',1,'0',0,0,0),(786,NULL,42,'',5,1458207917,'test test','',1,'0',0,0,0),(787,NULL,42,'',5,1458553517,'test test','',1,'0',0,0,0),(788,NULL,42,'',5,1458726317,'test test','',1,'0',0,0,0),(789,NULL,42,'',5,1458294317,'test test','',1,'0',0,0,0),(790,NULL,42,'',5,1458553517,'test test','',1,'0',0,0,0),(791,NULL,42,'',5,1458899117,'test test','',1,'0',0,0,0),(792,NULL,42,'',5,1458294317,'test test','',1,'0',0,0,0),(793,NULL,42,'',5,1458207917,'test test','',1,'0',0,0,0),(794,NULL,42,'',5,1458380717,'test test','',1,'0',0,0,0),(795,NULL,42,'',5,1458121517,'test test','',1,'0',0,0,0),(796,NULL,42,'',5,1458294317,'test test','',1,'0',0,0,0),(797,NULL,42,'',5,1458812717,'test test','',1,'0',0,0,0);
CREATE TABLE `xlite_role_permissions` (
  `permission_id` int(10) unsigned NOT NULL,
  `role_id` int(10) unsigned NOT NULL,
  PRIMARY KEY (`permission_id`,`role_id`),
  KEY `IDX_94D50124FED90CCA` (`permission_id`),
  KEY `IDX_94D50124D60322AC` (`role_id`),
  CONSTRAINT `FK_94D50124D60322AC` FOREIGN KEY (`role_id`) REFERENCES `xlite_roles` (`id`) ON DELETE CASCADE,
  CONSTRAINT `FK_94D50124FED90CCA` FOREIGN KEY (`permission_id`) REFERENCES `xlite_permissions` (`id`) ON DELETE CASCADE
) ENGINE=InnoDB DEFAULT CHARSET=utf8 COLLATE=utf8_unicode_ci;
INSERT INTO `xlite_role_permissions` VALUES (1,1),(8,2),(9,3),(10,3),(11,4);
CREATE TABLE `xlite_role_translations` (
  `label_id` int(11) NOT NULL AUTO_INCREMENT,
  `id` int(10) unsigned DEFAULT NULL,
  `name` varchar(255) COLLATE utf8_unicode_ci NOT NULL,
  `code` char(2) COLLATE utf8_unicode_ci NOT NULL,
  PRIMARY KEY (`label_id`),
  KEY `IDX_27007A52BF396750` (`id`),
  CONSTRAINT `FK_27007A52BF396750` FOREIGN KEY (`id`) REFERENCES `xlite_roles` (`id`) ON DELETE CASCADE
) ENGINE=InnoDB DEFAULT CHARSET=utf8 COLLATE=utf8_unicode_ci;
INSERT INTO `xlite_role_translations` VALUES (1,1,'Administrator','en'),(2,1,'Administrator','ru'),(3,2,'Coupons management','en'),(4,2,'Управление купонами','ru'),(5,3,'Content management','en'),(6,3,'Управлением контентом','ru'),(7,4,'Volume discounts management','en'),(8,4,'Управление скидками','ru');
CREATE TABLE `xlite_roles` (
  `id` int(10) unsigned NOT NULL AUTO_INCREMENT,
  `enabled` tinyint(1) NOT NULL,
  PRIMARY KEY (`id`)
) ENGINE=InnoDB DEFAULT CHARSET=utf8 COLLATE=utf8_unicode_ci;
INSERT INTO `xlite_roles` VALUES (1,1),(2,1),(3,1),(4,1);
CREATE TABLE `xlite_sales_tax_rates` (
  `id` int(10) unsigned NOT NULL AUTO_INCREMENT,
  `tax_id` int(10) unsigned DEFAULT NULL,
  `zone_id` int(11) DEFAULT NULL,
  `tax_class_id` int(10) unsigned DEFAULT NULL,
  `membership_id` int(10) unsigned DEFAULT NULL,
  `value` decimal(14,4) NOT NULL,
  `type` char(1) COLLATE utf8_unicode_ci NOT NULL,
  `position` int(11) NOT NULL,
  `noTaxClass` tinyint(1) NOT NULL,
  `taxableBase` varchar(16) COLLATE utf8_unicode_ci NOT NULL,
  PRIMARY KEY (`id`),
  KEY `IDX_1ACD2E0EB2A824D8` (`tax_id`),
  KEY `IDX_1ACD2E0E9F2C3FAB` (`zone_id`),
  KEY `IDX_1ACD2E0EA94AAAE` (`tax_class_id`),
  KEY `IDX_1ACD2E0E1FB354CD` (`membership_id`),
  CONSTRAINT `FK_1ACD2E0E1FB354CD` FOREIGN KEY (`membership_id`) REFERENCES `xlite_memberships` (`membership_id`) ON DELETE CASCADE,
  CONSTRAINT `FK_1ACD2E0E9F2C3FAB` FOREIGN KEY (`zone_id`) REFERENCES `xlite_zones` (`zone_id`) ON DELETE CASCADE,
  CONSTRAINT `FK_1ACD2E0EA94AAAE` FOREIGN KEY (`tax_class_id`) REFERENCES `xlite_tax_classes` (`id`) ON DELETE CASCADE,
  CONSTRAINT `FK_1ACD2E0EB2A824D8` FOREIGN KEY (`tax_id`) REFERENCES `xlite_sales_taxes` (`id`) ON DELETE CASCADE
) ENGINE=InnoDB DEFAULT CHARSET=utf8 COLLATE=utf8_unicode_ci;
CREATE TABLE `xlite_sales_tax_translations` (
  `label_id` int(11) NOT NULL AUTO_INCREMENT,
  `id` int(10) unsigned DEFAULT NULL,
  `name` varchar(255) COLLATE utf8_unicode_ci NOT NULL,
  `code` char(2) COLLATE utf8_unicode_ci NOT NULL,
  PRIMARY KEY (`label_id`),
  KEY `ci` (`code`,`id`),
  KEY `id` (`id`),
  CONSTRAINT `FK_F11466F5BF396750` FOREIGN KEY (`id`) REFERENCES `xlite_sales_taxes` (`id`) ON DELETE CASCADE
) ENGINE=InnoDB DEFAULT CHARSET=utf8 COLLATE=utf8_unicode_ci;
CREATE TABLE `xlite_sales_taxes` (
  `id` int(10) unsigned NOT NULL AUTO_INCREMENT,
  `enabled` tinyint(1) NOT NULL,
  PRIMARY KEY (`id`)
) ENGINE=InnoDB DEFAULT CHARSET=utf8 COLLATE=utf8_unicode_ci;
CREATE TABLE `xlite_search_filter_translations` (
  `label_id` int(11) NOT NULL AUTO_INCREMENT,
  `id` int(11) DEFAULT NULL,
  `name` varchar(255) COLLATE utf8_unicode_ci NOT NULL,
  `code` char(2) COLLATE utf8_unicode_ci NOT NULL,
  PRIMARY KEY (`label_id`),
  KEY `IDX_5D64D191BF396750` (`id`),
  KEY `name` (`name`),
  CONSTRAINT `FK_5D64D191BF396750` FOREIGN KEY (`id`) REFERENCES `xlite_search_filters` (`id`) ON DELETE CASCADE
) ENGINE=InnoDB DEFAULT CHARSET=utf8 COLLATE=utf8_unicode_ci;
INSERT INTO `xlite_search_filter_translations` VALUES (1,1,'Unpaid','en'),(2,1,'Не оплаченные','ru'),(3,2,'Paid but not shipped','en'),(4,2,'Оплаченные','ru');
CREATE TABLE `xlite_search_filters` (
  `id` int(11) NOT NULL AUTO_INCREMENT,
  `filterKey` varchar(255) COLLATE utf8_unicode_ci NOT NULL,
  `parameters` longtext COLLATE utf8_unicode_ci NOT NULL COMMENT '(DC2Type:array)',
  PRIMARY KEY (`id`),
  KEY `filterKey` (`filterKey`)
) ENGINE=InnoDB DEFAULT CHARSET=utf8 COLLATE=utf8_unicode_ci;
INSERT INTO `xlite_search_filters` VALUES (1,'search-filter-order_list','a:2:{s:13:\"paymentStatus\";a:3:{i:0;i:1;i:1;i:2;i:2;i:3;}s:14:\"shippingStatus\";a:0:{}}'),(2,'search-filter-order_list','a:2:{s:13:\"paymentStatus\";a:1:{i:0;i:4;}s:14:\"shippingStatus\";a:2:{i:0;i:1;i:1;i:2;}}');
CREATE TABLE `xlite_segment_membership` (
  `segment_id` varchar(32) COLLATE utf8_unicode_ci NOT NULL,
  `membership_id` int(10) unsigned NOT NULL,
  PRIMARY KEY (`segment_id`,`membership_id`),
  KEY `IDX_958B38A0DB296AAD` (`segment_id`),
  KEY `IDX_958B38A01FB354CD` (`membership_id`),
  CONSTRAINT `FK_958B38A01FB354CD` FOREIGN KEY (`membership_id`) REFERENCES `xlite_memberships` (`membership_id`) ON DELETE CASCADE,
  CONSTRAINT `FK_958B38A0DB296AAD` FOREIGN KEY (`segment_id`) REFERENCES `xlite_mailchimp_list_segments` (`id`) ON DELETE CASCADE
) ENGINE=InnoDB DEFAULT CHARSET=utf8 COLLATE=utf8_unicode_ci;
CREATE TABLE `xlite_segment_products` (
  `segment_id` varchar(32) COLLATE utf8_unicode_ci NOT NULL,
  `product_id` int(10) unsigned NOT NULL,
  PRIMARY KEY (`segment_id`,`product_id`),
  KEY `IDX_768E358DDB296AAD` (`segment_id`),
  KEY `IDX_768E358D4584665A` (`product_id`),
  CONSTRAINT `FK_768E358D4584665A` FOREIGN KEY (`product_id`) REFERENCES `xlite_products` (`product_id`) ON DELETE CASCADE,
  CONSTRAINT `FK_768E358DDB296AAD` FOREIGN KEY (`segment_id`) REFERENCES `xlite_mailchimp_list_segments` (`id`) ON DELETE CASCADE
) ENGINE=InnoDB DEFAULT CHARSET=utf8 COLLATE=utf8_unicode_ci;
CREATE TABLE `xlite_session_cells` (
  `cell_id` int(11) NOT NULL AUTO_INCREMENT,
  `id` int(11) DEFAULT NULL,
  `name` varchar(255) COLLATE utf8_unicode_ci NOT NULL,
  `value` longtext COLLATE utf8_unicode_ci NOT NULL,
  `type` varchar(16) COLLATE utf8_unicode_ci NOT NULL,
  PRIMARY KEY (`cell_id`),
  UNIQUE KEY `iname` (`id`,`name`),
  KEY `id` (`id`),
  CONSTRAINT `FK_C8BF5944BF396750` FOREIGN KEY (`id`) REFERENCES `xlite_sessions` (`id`) ON DELETE CASCADE
) ENGINE=InnoDB DEFAULT CHARSET=utf8 COLLATE=utf8_unicode_ci;
CREATE TABLE `xlite_sessions` (
  `id` int(11) NOT NULL AUTO_INCREMENT,
  `sid` char(32) COLLATE utf8_unicode_ci NOT NULL,
  `expiry` int(10) unsigned NOT NULL,
  PRIMARY KEY (`id`),
  UNIQUE KEY `sid` (`sid`),
  KEY `expiry` (`expiry`)
) ENGINE=InnoDB DEFAULT CHARSET=utf8 COLLATE=utf8_unicode_ci;
CREATE TABLE `xlite_shipping_markups` (
  `markup_id` int(11) NOT NULL AUTO_INCREMENT,
  `method_id` int(11) DEFAULT NULL,
  `zone_id` int(11) DEFAULT NULL,
  `min_weight` decimal(14,2) NOT NULL,
  `max_weight` decimal(14,2) NOT NULL,
  `min_total` decimal(14,2) NOT NULL,
  `max_total` decimal(14,2) NOT NULL,
  `min_items` decimal(14,0) NOT NULL,
  `max_items` decimal(14,0) NOT NULL,
  `markup_flat` decimal(14,2) NOT NULL,
  `markup_percent` decimal(14,2) NOT NULL,
  `markup_per_item` decimal(14,2) NOT NULL,
  `markup_per_weight` decimal(14,2) NOT NULL,
  PRIMARY KEY (`markup_id`),
  KEY `IDX_2BE8DC419883967` (`method_id`),
  KEY `IDX_2BE8DC49F2C3FAB` (`zone_id`),
  KEY `rate` (`method_id`,`zone_id`,`min_weight`,`min_total`,`min_items`),
  KEY `max_weight` (`max_weight`),
  KEY `max_total` (`max_total`),
  KEY `max_items` (`max_items`),
  KEY `markup_flat` (`markup_flat`),
  KEY `markup_per_item` (`markup_per_item`),
  KEY `markup_percent` (`markup_percent`),
  KEY `markup_per_weight` (`markup_per_weight`),
  CONSTRAINT `FK_2BE8DC49F2C3FAB` FOREIGN KEY (`zone_id`) REFERENCES `xlite_zones` (`zone_id`) ON DELETE CASCADE,
  CONSTRAINT `FK_2BE8DC419883967` FOREIGN KEY (`method_id`) REFERENCES `xlite_shipping_methods` (`method_id`) ON DELETE CASCADE
) ENGINE=InnoDB DEFAULT CHARSET=utf8 COLLATE=utf8_unicode_ci;
INSERT INTO `xlite_shipping_markups` VALUES (1,52,1,0.00,999999999.00,0.00,999999999.00,0,999999999,0.00,0.00,0.00,0.00),(2,53,1,0.00,999999999.00,0.00,999999999.00,0,999999999,0.00,0.00,0.00,0.00),(3,127,2,0.00,999999999.00,0.00,999999999.00,0,999999999,2.45,1.50,0.00,0.00),(4,127,3,0.00,999999999.00,0.00,999999999.00,0,999999999,2.50,1.50,0.00,0.00),(5,127,1,0.00,999999999.00,0.00,999999999.00,0,999999999,5.50,1.75,0.00,0.00),(6,128,2,0.00,999999999.00,0.00,999999999.00,0,999999999,3.45,1.75,0.00,0.00),(7,128,3,0.00,999999999.00,0.00,999999999.00,0,999999999,3.50,1.75,0.00,0.00),(8,128,1,0.00,999999999.00,0.00,999999999.00,0,999999999,6.50,1.85,0.00,0.00),(9,129,2,0.00,999999999.00,0.00,999999999.00,0,999999999,100.00,10.00,0.00,0.00),(10,130,1,0.00,999999999.00,0.00,999999999.00,0,999999999,0.00,0.00,0.00,0.00);
CREATE TABLE `xlite_shipping_method_translations` (
  `label_id` int(11) NOT NULL AUTO_INCREMENT,
  `id` int(11) DEFAULT NULL,
  `name` varchar(255) COLLATE utf8_unicode_ci NOT NULL,
  `deliveryTime` varchar(255) COLLATE utf8_unicode_ci DEFAULT NULL,
  `code` char(2) COLLATE utf8_unicode_ci NOT NULL,
  PRIMARY KEY (`label_id`),
  KEY `IDX_674AA5A0BF396750` (`id`),
  CONSTRAINT `FK_674AA5A0BF396750` FOREIGN KEY (`id`) REFERENCES `xlite_shipping_methods` (`method_id`) ON DELETE CASCADE
) ENGINE=InnoDB DEFAULT CHARSET=utf8 COLLATE=utf8_unicode_ci;
INSERT INTO `xlite_shipping_method_translations` VALUES (1,1,'FedEx','','en'),(2,2,'FedEx Europe First International Priority','','en'),(3,3,'FedEx 1Day<sup>&reg;</sup> Freight','','en'),(4,4,'FedEx 2Day<sup>&reg;</sup>','','en'),(5,5,'FedEx 2Day AM<sup>&reg;</sup>','','en'),(6,6,'FedEx 2Day<sup>&reg;</sup> Freight','','en'),(7,7,'FedEx 3Day<sup>&reg;</sup> Freight','','en'),(8,8,'FedEx Express Saver<sup>&reg;</sup>','','en'),(9,9,'FedEx First Freight<sup>&reg;</sup>','','en'),(10,10,'FedEx Ground<sup>&reg;</sup>','','en'),(11,11,'FedEx First Overnight<sup>&reg;</sup>','','en'),(12,12,'FedEx Home Delivery<sup>&reg;</sup>','','en'),(13,13,'FedEx International Distribution<sup>&reg;</sup> Freight','','en'),(14,14,'FedEx International Economy<sup>&reg;</sup>','','en'),(15,15,'FedEx International Economy Distribution<sup>&reg;</sup>','','en'),(16,16,'FedEx International Economy<sup>&reg;</sup> Freight','','en'),(17,17,'FedEx International First<sup>&reg;</sup>','','en'),(18,18,'FedEx International Priority<sup>&reg;</sup>','','en'),(19,19,'FedEx International Priority<sup>&reg;</sup> Distribution','','en'),(20,20,'FedEx International Priority Freight<sup>&reg;</sup>','','en'),(21,21,'FedEx Priority Overnight<sup>&reg;</sup>','','en'),(22,22,'FedEx SmartPost<sup>&reg;</sup>/FedEx SmartPost<sup>&reg;</sup> International','','en'),(23,23,'FedEx Standard Overnight<sup>&reg;</sup>','','en'),(24,24,'UPS','','en'),(25,25,'UPS Next Day Air&reg;','','en'),(26,26,'UPS 2nd Day Air&reg;','','en'),(27,27,'UPS Ground','','en'),(28,28,'UPS Worldwide Express','','en'),(29,29,'UPS Worldwide Expedited','','en'),(30,30,'UPS Standard','','en'),(31,31,'UPS 3 Day Select&reg;','','en'),(32,32,'UPS Next Day Air Saver&reg;','','en'),(33,33,'UPS Next Day Air&reg; Early A.M.','','en'),(34,34,'UPS Worldwide Express Plus','','en'),(35,35,'UPS 2nd Day Air A.M.&reg;','','en'),(36,36,'UPS Saver','','en'),(37,37,'UPS Today StandardSM','','en'),(38,38,'UPS Today Dedicated CourrierSM','','en'),(39,39,'UPS Today Intercity','','en'),(40,40,'UPS Today Express','','en'),(41,41,'UPS Today Express Saver','','en'),(42,42,'UPS WorldWide Express Freight','','en'),(43,43,'UPS Express','','en'),(44,44,'UPS Express Plus','','en'),(45,45,'UPS ExpeditedSM','','en'),(46,46,'UPS Worldwide ExpeditedSM','','en'),(47,47,'UPS Worldwide ExpressSM','','en'),(48,48,'UPS SaverSM','','en'),(49,49,'UPS Express Early A.M. SM','','en'),(50,50,'UPS Next Day Air&reg; Early A.M. SM','','en'),(51,51,'UPS Worldwide Express PlusSM','','en'),(52,52,'Free shipping','5 - 7 days','en'),(53,53,'Fixed rate shipping','5 - 7 days','en'),(54,52,'Бесплатная доставка','5 - 7 дней','ru'),(55,53,'Фиксированная стоимость доставки','5 - 7 дней','ru'),(56,54,'ShippingCalc','','en'),(57,55,'Fixed fee','','en'),(58,56,'No charge','','en'),(59,57,'DHL Domestic Economy Select','','en'),(60,58,'DHL Domestic Express 9 AM','','en'),(61,59,'DHL Domestic Express 10:30 AM','','en'),(62,60,'DHL Domestic Express 12 PM','','en'),(63,61,'DHL Domestic Express (6 PM)','','en'),(64,62,'DHL Worldwide Priority Express','','en'),(65,63,'DHL Express 9 A.M.','','en'),(66,64,'DHL Express 10:30 A.M.','','en'),(67,65,'DHL Express 12 P.M.','','en'),(68,66,'FedEx 2 Day','','en'),(69,67,'FedEx 2 Day AM','','en'),(70,68,'FedEx Express Saver','','en'),(71,69,'FedEx First Overnight','','en'),(72,70,'FedEx Priority Overnight','','en'),(73,71,'FedEx Priority Overnight Saturday Delivery','','en'),(74,72,'FedEx Standard Overnight','','en'),(75,73,'FedEx Ground','','en'),(76,74,'FedEx Home Delivery','','en'),(77,75,'FedEx International Ground','','en'),(78,76,'FedEx International Economy','','en'),(79,77,'FedEx International First','','en'),(80,78,'FedEx International Priority','','en'),(81,79,'UPS Next Day Air','','en'),(82,80,'UPS Next Day Air Early AM','','en'),(83,81,'UPS Next Day Air Saturday Delivery','','en'),(84,82,'UPS Next Day Air Saver','','en'),(85,83,'UPS 2 Day Air AM','','en'),(86,84,'UPS 2nd Day Air','','en'),(87,85,'UPS 3 Day Select','','en'),(88,86,'UPS Ground','','en'),(89,87,'UPS Standard','','en'),(90,88,'UPS Worldwide Express','','en'),(91,89,'UPS Worldwide Saver','','en'),(92,90,'UPS Worldwide Expedited','','en'),(93,91,'U.S.P.S. First-Class Mail','','en'),(94,92,'U.S.P.S. Priority Express','','en'),(95,93,'U.S.P.S. Library','','en'),(96,94,'U.S.P.S. Media Mail','','en'),(97,95,'U.S.P.S. Priority Mail','','en'),(98,96,'U.S.P.S. Retail Ground','','en'),(99,97,'U.S.P.S. First Class International','','en'),(100,98,'U.S.P.S. Priority Mail International','','en'),(101,99,'U.S.P.S. Priority Express Mail International','','en'),(102,100,'U.S.P.S. Global Express Guaranteed','','en'),(103,101,'AustraliaPost','','en'),(104,102,'U.S.P.S','','en'),(105,103,'CanadaPost','','en'),(106,104,'Regular Parcel','','en'),(107,105,'Expedited Parcel','','en'),(108,106,'Xpresspost','','en'),(109,107,'Xpresspost Certified','','en'),(110,108,'Priority','','en'),(111,109,'Library Books','','en'),(112,110,'Expedited Parcel USA','','en'),(113,111,'Priority Worldwide Envelope USA','','en'),(114,112,'Priority Worldwide pak USA','','en'),(115,113,'Priority Worldwide Parcel USA','','en'),(116,114,'Small Packet USA Air','','en'),(117,115,'Tracked Packet – USA','','en'),(118,116,'Tracked Packet – USA (LVM)','','en'),(119,117,'Xpresspost USA','','en'),(120,118,'Xpresspost International','','en'),(121,119,'International Parcel Air','','en'),(122,120,'International Parcel Surface','','en'),(123,121,'Priority Worldwide Envelope International','','en'),(124,122,'Priority Worldwide pak International','','en'),(125,123,'Priority Worldwide parcel International','','en'),(126,124,'Small Packet International Air','','en'),(127,125,'Small Packet International Surface','','en'),(128,126,'Tracked Packet – International','','en'),(129,127,'Courier','2 - 4 days','en'),(130,127,'Доставка курьером','2 - 4 дня','ru'),(131,128,'Local shipping','up to one week','en'),(132,128,'Местная доставка','до одной недели','ru'),(133,129,'One day shipping','1 day','en'),(134,129,'Экспресс доставка','1 день','ru'),(135,130,'Local pickup','','en'),(136,130,'Самовывоз','','ru');
CREATE TABLE `xlite_shipping_methods` (
  `method_id` int(11) NOT NULL AUTO_INCREMENT,
  `tax_class_id` int(10) unsigned DEFAULT NULL,
  `onDemand` tinyint(1) NOT NULL,
  `free` tinyint(1) NOT NULL,
  `processor` varchar(255) COLLATE utf8_unicode_ci NOT NULL,
  `carrier` varchar(255) COLLATE utf8_unicode_ci NOT NULL,
  `code` varchar(255) COLLATE utf8_unicode_ci NOT NULL,
  `enabled` tinyint(1) NOT NULL,
  `position` int(11) NOT NULL,
  `added` tinyint(1) NOT NULL,
  `moduleName` varchar(255) COLLATE utf8_unicode_ci NOT NULL,
  `fromMarketplace` tinyint(1) NOT NULL,
  `iconURL` varchar(255) COLLATE utf8_unicode_ci DEFAULT NULL,
  `tableType` char(3) COLLATE utf8_unicode_ci DEFAULT NULL,
  `handlingFee` decimal(14,4) NOT NULL,
  `handlingFeeType` varchar(1) COLLATE utf8_unicode_ci NOT NULL,
  PRIMARY KEY (`method_id`),
  KEY `IDX_3BC5646FA94AAAE` (`tax_class_id`),
  KEY `processor` (`processor`),
  KEY `carrier` (`carrier`),
  KEY `enabled` (`enabled`),
  KEY `position` (`position`),
  CONSTRAINT `FK_3BC5646FA94AAAE` FOREIGN KEY (`tax_class_id`) REFERENCES `xlite_tax_classes` (`id`) ON DELETE SET NULL
) ENGINE=InnoDB DEFAULT CHARSET=utf8 COLLATE=utf8_unicode_ci;
INSERT INTO `xlite_shipping_methods` VALUES (1,NULL,0,0,'fedex','','',0,0,0,'CDev_FedEx',0,NULL,NULL,0.0000,'a'),(2,NULL,0,0,'fedex','fedex','EUROPE_FIRST_INTERNATIONAL_PRIORITY',1,10,0,'',0,NULL,NULL,0.0000,'a'),(3,NULL,0,0,'fedex','fedex','FEDEX_1_DAY_FREIGHT',1,20,0,'',0,NULL,NULL,0.0000,'a'),(4,NULL,0,0,'fedex','fedex','FEDEX_2_DAY',1,30,0,'',0,NULL,NULL,0.0000,'a'),(5,NULL,0,0,'fedex','fedex','FEDEX_2_DAY_AM',1,40,0,'',0,NULL,NULL,0.0000,'a'),(6,NULL,0,0,'fedex','fedex','FEDEX_2_DAY_FREIGHT',1,50,0,'',0,NULL,NULL,0.0000,'a'),(7,NULL,0,0,'fedex','fedex','FEDEX_3_DAY_FREIGHT',1,60,0,'',0,NULL,NULL,0.0000,'a'),(8,NULL,0,0,'fedex','fedex','FEDEX_EXPRESS_SAVER',1,70,0,'',0,NULL,NULL,0.0000,'a'),(9,NULL,0,0,'fedex','fedex','FEDEX_FIRST_FREIGHT',1,80,0,'',0,NULL,NULL,0.0000,'a'),(10,NULL,0,0,'fedex','fedex','FEDEX_GROUND',1,90,0,'',0,NULL,NULL,0.0000,'a'),(11,NULL,0,0,'fedex','fedex','FIRST_OVERNIGHT',1,100,0,'',0,NULL,NULL,0.0000,'a'),(12,NULL,0,0,'fedex','fedex','GROUND_HOME_DELIVERY',1,110,0,'',0,NULL,NULL,0.0000,'a'),(13,NULL,0,0,'fedex','fedex','INTERNATIONAL_DISTRIBUTION_FREIGHT',1,120,0,'',0,NULL,NULL,0.0000,'a'),(14,NULL,0,0,'fedex','fedex','INTERNATIONAL_ECONOMY',1,130,0,'',0,NULL,NULL,0.0000,'a'),(15,NULL,0,0,'fedex','fedex','INTERNATIONAL_ECONOMY_DISTRIBUTION',1,140,0,'',0,NULL,NULL,0.0000,'a'),(16,NULL,0,0,'fedex','fedex','INTERNATIONAL_ECONOMY_FREIGHT',1,150,0,'',0,NULL,NULL,0.0000,'a'),(17,NULL,0,0,'fedex','fedex','INTERNATIONAL_FIRST',1,160,0,'',0,NULL,NULL,0.0000,'a'),(18,NULL,0,0,'fedex','fedex','INTERNATIONAL_PRIORITY',1,170,0,'',0,NULL,NULL,0.0000,'a'),(19,NULL,0,0,'fedex','fedex','INTERNATIONAL_PRIORITY_DISTRIBUTION',1,180,0,'',0,NULL,NULL,0.0000,'a'),(20,NULL,0,0,'fedex','fedex','INTERNATIONAL_PRIORITY_FREIGHT',1,190,0,'',0,NULL,NULL,0.0000,'a'),(21,NULL,0,0,'fedex','fedex','PRIORITY_OVERNIGHT',1,200,0,'',0,NULL,NULL,0.0000,'a'),(22,NULL,0,0,'fedex','fedex','SMART_POST',1,210,0,'',0,NULL,NULL,0.0000,'a'),(23,NULL,0,0,'fedex','fedex','STANDARD_OVERNIGHT',1,220,0,'',0,NULL,NULL,0.0000,'a'),(24,NULL,0,0,'ups','','',0,0,0,'XC_UPS',0,NULL,NULL,0.0000,'a'),(25,NULL,0,0,'ups','ups','NDA',1,10,0,'',0,NULL,NULL,0.0000,'a'),(26,NULL,0,0,'ups','ups','2DA',1,20,0,'',0,NULL,NULL,0.0000,'a'),(27,NULL,0,0,'ups','ups','GND',1,30,0,'',0,NULL,NULL,0.0000,'a'),(28,NULL,0,0,'ups','ups','WEXP',1,40,0,'',0,NULL,NULL,0.0000,'a'),(29,NULL,0,0,'ups','ups','WEXD',1,50,0,'',0,NULL,NULL,0.0000,'a'),(30,NULL,0,0,'ups','ups','STD',1,60,0,'',0,NULL,NULL,0.0000,'a'),(31,NULL,0,0,'ups','ups','3DS',1,70,0,'',0,NULL,NULL,0.0000,'a'),(32,NULL,0,0,'ups','ups','NDAS',1,80,0,'',0,NULL,NULL,0.0000,'a'),(33,NULL,0,0,'ups','ups','NDAE',1,90,0,'',0,NULL,NULL,0.0000,'a'),(34,NULL,0,0,'ups','ups','WEXPP',1,100,0,'',0,NULL,NULL,0.0000,'a'),(35,NULL,0,0,'ups','ups','2DAAM',1,110,0,'',0,NULL,NULL,0.0000,'a'),(36,NULL,0,0,'ups','ups','SAV',1,120,0,'',0,NULL,NULL,0.0000,'a'),(37,NULL,0,0,'ups','ups','TSTD',1,130,0,'',0,NULL,NULL,0.0000,'a'),(38,NULL,0,0,'ups','ups','TDC',1,140,0,'',0,NULL,NULL,0.0000,'a'),(39,NULL,0,0,'ups','ups','TI',1,150,0,'',0,NULL,NULL,0.0000,'a'),(40,NULL,0,0,'ups','ups','TEXP',1,160,0,'',0,NULL,NULL,0.0000,'a'),(41,NULL,0,0,'ups','ups','TEXPS',1,170,0,'',0,NULL,NULL,0.0000,'a'),(42,NULL,0,0,'ups','ups','WEXPF',1,180,0,'',0,NULL,NULL,0.0000,'a'),(43,NULL,0,0,'ups','ups','EXP',1,190,0,'',0,NULL,NULL,0.0000,'a'),(44,NULL,0,0,'ups','ups','EXPP',1,200,0,'',0,NULL,NULL,0.0000,'a'),(45,NULL,0,0,'ups','ups','EXDSM',1,210,0,'',0,NULL,NULL,0.0000,'a'),(46,NULL,0,0,'ups','ups','WEXDSM',1,220,0,'',0,NULL,NULL,0.0000,'a'),(47,NULL,0,0,'ups','ups','WEXPSM',1,230,0,'',0,NULL,NULL,0.0000,'a'),(48,NULL,0,0,'ups','ups','SAVSM',1,240,0,'',0,NULL,NULL,0.0000,'a'),(49,NULL,0,0,'ups','ups','EXPEAMSM',1,250,0,'',0,NULL,NULL,0.0000,'a'),(50,NULL,0,0,'ups','ups','NDAEAMSM',1,260,0,'',0,NULL,NULL,0.0000,'a'),(51,NULL,0,0,'ups','ups','WEXPPSM',1,270,0,'',0,NULL,NULL,0.0000,'a'),(52,NULL,0,1,'offline','','FREESHIP',1,30,1,'',0,NULL,'S',0.0000,'a'),(53,NULL,0,0,'offline','','FIXEDFEE',1,40,1,'',0,NULL,'S',0.0000,'a'),(54,NULL,0,0,'auctionInc','','',0,0,1,'XC_AuctionInc',0,NULL,NULL,0.0000,'a'),(55,NULL,0,0,'auctionInc','auctionInc','FF_FIXEDFEE',1,0,0,'',0,NULL,NULL,0.0000,'a'),(56,NULL,0,0,'auctionInc','auctionInc','NOCHG_NOCHG',1,0,0,'',0,NULL,NULL,0.0000,'a'),(57,NULL,0,0,'auctionInc','auctionInc','DHL_DHLES',1,110,0,'',0,NULL,NULL,0.0000,'a'),(58,NULL,0,0,'auctionInc','auctionInc','DHL_DHLEXA',1,120,0,'',0,NULL,NULL,0.0000,'a'),(59,NULL,0,0,'auctionInc','auctionInc','DHL_DHLEXM',1,130,0,'',0,NULL,NULL,0.0000,'a'),(60,NULL,0,0,'auctionInc','auctionInc','DHL_DHLEXP',1,140,0,'',0,NULL,NULL,0.0000,'a'),(61,NULL,0,0,'auctionInc','auctionInc','DHL_DHLDE',1,150,0,'',0,NULL,NULL,0.0000,'a'),(62,NULL,0,0,'auctionInc','auctionInc','DHL_DHLWPE',1,160,0,'',0,NULL,NULL,0.0000,'a'),(63,NULL,0,0,'auctionInc','auctionInc','DHL_DHL9AM',1,170,0,'',0,NULL,NULL,0.0000,'a'),(64,NULL,0,0,'auctionInc','auctionInc','DHL_DHL10AM',1,180,0,'',0,NULL,NULL,0.0000,'a'),(65,NULL,0,0,'auctionInc','auctionInc','DHL_DHL12PM',1,190,0,'',0,NULL,NULL,0.0000,'a'),(66,NULL,0,0,'auctionInc','auctionInc','FEDEX_FDX2D',1,200,0,'',0,NULL,NULL,0.0000,'a'),(67,NULL,0,0,'auctionInc','auctionInc','FEDEX_FDX2DAM',1,210,0,'',0,NULL,NULL,0.0000,'a'),(68,NULL,0,0,'auctionInc','auctionInc','FEDEX_FDXES',1,220,0,'',0,NULL,NULL,0.0000,'a'),(69,NULL,0,0,'auctionInc','auctionInc','FEDEX_FDXFO',1,230,0,'',0,NULL,NULL,0.0000,'a'),(70,NULL,0,0,'auctionInc','auctionInc','FEDEX_FDXPO',1,240,0,'',0,NULL,NULL,0.0000,'a'),(71,NULL,0,0,'auctionInc','auctionInc','FEDEX_FDXPOS',1,250,0,'',0,NULL,NULL,0.0000,'a'),(72,NULL,0,0,'auctionInc','auctionInc','FEDEX_FDXSO',1,260,0,'',0,NULL,NULL,0.0000,'a'),(73,NULL,0,0,'auctionInc','auctionInc','FEDEX_FDXGND',1,270,0,'',0,NULL,NULL,0.0000,'a'),(74,NULL,0,0,'auctionInc','auctionInc','FEDEX_FDXHD',1,280,0,'',0,NULL,NULL,0.0000,'a'),(75,NULL,0,0,'auctionInc','auctionInc','FEDEX_FDXIGND',1,290,0,'',0,NULL,NULL,0.0000,'a'),(76,NULL,0,0,'auctionInc','auctionInc','FEDEX_FDXIE',1,300,0,'',0,NULL,NULL,0.0000,'a'),(77,NULL,0,0,'auctionInc','auctionInc','FEDEX_FDXIF',1,310,0,'',0,NULL,NULL,0.0000,'a'),(78,NULL,0,0,'auctionInc','auctionInc','FEDEX_FDXIP',1,320,0,'',0,NULL,NULL,0.0000,'a'),(79,NULL,0,0,'auctionInc','auctionInc','UPS_UPSNDA',1,330,0,'',0,NULL,NULL,0.0000,'a'),(80,NULL,0,0,'auctionInc','auctionInc','UPS_UPSNDE',1,340,0,'',0,NULL,NULL,0.0000,'a'),(81,NULL,0,0,'auctionInc','auctionInc','UPS_UPSNDAS',1,350,0,'',0,NULL,NULL,0.0000,'a'),(82,NULL,0,0,'auctionInc','auctionInc','UPS_UPSNDS',1,360,0,'',0,NULL,NULL,0.0000,'a'),(83,NULL,0,0,'auctionInc','auctionInc','UPS_UPS2DE',1,370,0,'',0,NULL,NULL,0.0000,'a'),(84,NULL,0,0,'auctionInc','auctionInc','UPS_UPS2ND',1,380,0,'',0,NULL,NULL,0.0000,'a'),(85,NULL,0,0,'auctionInc','auctionInc','UPS_UPS3DS',1,390,0,'',0,NULL,NULL,0.0000,'a'),(86,NULL,0,0,'auctionInc','auctionInc','UPS_UPSGND',1,400,0,'',0,NULL,NULL,0.0000,'a'),(87,NULL,0,0,'auctionInc','auctionInc','UPS_UPSCAN',1,410,0,'',0,NULL,NULL,0.0000,'a'),(88,NULL,0,0,'auctionInc','auctionInc','UPS_UPSWEX',1,420,0,'',0,NULL,NULL,0.0000,'a'),(89,NULL,0,0,'auctionInc','auctionInc','UPS_UPSWSV',1,430,0,'',0,NULL,NULL,0.0000,'a'),(90,NULL,0,0,'auctionInc','auctionInc','UPS_UPSWEP',1,440,0,'',0,NULL,NULL,0.0000,'a'),(91,NULL,0,0,'auctionInc','auctionInc','USPS_USPFC',1,450,0,'',0,NULL,NULL,0.0000,'a'),(92,NULL,0,0,'auctionInc','auctionInc','USPS_USPEXP',1,460,0,'',0,NULL,NULL,0.0000,'a'),(93,NULL,0,0,'auctionInc','auctionInc','USPS_USPLIB',1,470,0,'',0,NULL,NULL,0.0000,'a'),(94,NULL,1,0,'auctionInc','auctionInc','USPS_USPMM',1,480,0,'',0,NULL,NULL,0.0000,'a'),(95,NULL,0,0,'auctionInc','auctionInc','USPS_USPPM',1,490,0,'',0,NULL,NULL,0.0000,'a'),(96,NULL,0,0,'auctionInc','auctionInc','USPS_USPPP',1,500,0,'',0,NULL,NULL,0.0000,'a'),(97,NULL,0,0,'auctionInc','auctionInc','USPS_USPFCI',1,510,0,'',0,NULL,NULL,0.0000,'a'),(98,NULL,0,0,'auctionInc','auctionInc','USPS_USPPMI',1,520,0,'',0,NULL,NULL,0.0000,'a'),(99,NULL,0,0,'auctionInc','auctionInc','USPS_USPEMI',1,530,0,'',0,NULL,NULL,0.0000,'a'),(100,NULL,0,0,'auctionInc','auctionInc','USPS_USPGXG',1,540,0,'',0,NULL,NULL,0.0000,'a'),(101,NULL,0,0,'aupost','','',0,0,0,'CDev_AustraliaPost',0,NULL,NULL,0.0000,'a'),(102,NULL,0,0,'usps','','',0,0,0,'CDev_USPS',0,NULL,NULL,0.0000,'a'),(103,NULL,0,0,'capost','','',0,0,0,'XC_CanadaPost',0,NULL,NULL,0.0000,'a'),(104,NULL,0,0,'capost','capost','DOM.RP',1,10,0,'',0,NULL,NULL,0.0000,'a'),(105,NULL,0,0,'capost','capost','DOM.EP',1,20,0,'',0,NULL,NULL,0.0000,'a'),(106,NULL,0,0,'capost','capost','DOM.XP',1,30,0,'',0,NULL,NULL,0.0000,'a'),(107,NULL,0,0,'capost','capost','DOM.XP.CERT',1,40,0,'',0,NULL,NULL,0.0000,'a'),(108,NULL,0,0,'capost','capost','DOM.PC',1,50,0,'',0,NULL,NULL,0.0000,'a'),(109,NULL,0,0,'capost','capost','DOM.LIB',1,60,0,'',0,NULL,NULL,0.0000,'a'),(110,NULL,0,0,'capost','capost','USA.EP',1,70,0,'',0,NULL,NULL,0.0000,'a'),(111,NULL,0,0,'capost','capost','USA.PW.ENV',1,80,0,'',0,NULL,NULL,0.0000,'a'),(112,NULL,0,0,'capost','capost','USA.PW.PAK',1,90,0,'',0,NULL,NULL,0.0000,'a'),(113,NULL,0,0,'capost','capost','USA.PW.PARCEL',1,100,0,'',0,NULL,NULL,0.0000,'a'),(114,NULL,0,0,'capost','capost','USA.SP.AIR',1,110,0,'',0,NULL,NULL,0.0000,'a'),(115,NULL,0,0,'capost','capost','USA.TP',1,120,0,'',0,NULL,NULL,0.0000,'a'),(116,NULL,0,0,'capost','capost','USA.TP.LVM',1,130,0,'',0,NULL,NULL,0.0000,'a'),(117,NULL,0,0,'capost','capost','USA.XP',1,140,0,'',0,NULL,NULL,0.0000,'a'),(118,NULL,0,0,'capost','capost','INT.XP',1,150,0,'',0,NULL,NULL,0.0000,'a'),(119,NULL,0,0,'capost','capost','INT.IP.AIR',1,160,0,'',0,NULL,NULL,0.0000,'a'),(120,NULL,0,0,'capost','capost','INT.IP.SURF',1,170,0,'',0,NULL,NULL,0.0000,'a'),(121,NULL,0,0,'capost','capost','INT.PW.ENV',1,180,0,'',0,NULL,NULL,0.0000,'a'),(122,NULL,0,0,'capost','capost','INT.PW.PAK',1,190,0,'',0,NULL,NULL,0.0000,'a'),(123,NULL,0,0,'capost','capost','INT.PW.PARCEL',1,200,0,'',0,NULL,NULL,0.0000,'a'),(124,NULL,0,0,'capost','capost','INT.SP.AIR',1,210,0,'',0,NULL,NULL,0.0000,'a'),(125,NULL,0,0,'capost','capost','INT.SP.SURF',1,220,0,'',0,NULL,NULL,0.0000,'a'),(126,NULL,0,0,'capost','capost','INT.TP',1,230,0,'',0,NULL,NULL,0.0000,'a'),(127,NULL,0,0,'offline','','courier',1,10,1,'',0,NULL,'S',0.0000,'a'),(128,NULL,0,0,'offline','','',1,20,1,'',0,NULL,'S',0.0000,'a'),(129,NULL,0,0,'offline','','',1,30,1,'',0,NULL,'S',0.0000,'a'),(130,NULL,0,0,'offline','','',1,40,1,'',0,NULL,'S',0.0000,'a');
CREATE TABLE `xlite_special_offer_images` (
  `id` int(10) unsigned NOT NULL AUTO_INCREMENT,
  `offer_id` int(11) DEFAULT NULL,
  `width` int(11) NOT NULL,
  `height` int(11) NOT NULL,
  `hash` char(32) COLLATE utf8_unicode_ci DEFAULT NULL,
  `needProcess` tinyint(1) NOT NULL,
  `path` varchar(512) COLLATE utf8_unicode_ci NOT NULL,
  `fileName` varchar(255) COLLATE utf8_unicode_ci NOT NULL,
  `mime` varchar(128) COLLATE utf8_unicode_ci NOT NULL,
  `storageType` varchar(1) COLLATE utf8_unicode_ci NOT NULL,
  `size` int(10) unsigned NOT NULL,
  `date` int(10) unsigned NOT NULL,
  PRIMARY KEY (`id`),
  UNIQUE KEY `UNIQ_5E1F169453C674EE` (`offer_id`),
  CONSTRAINT `FK_5E1F169453C674EE` FOREIGN KEY (`offer_id`) REFERENCES `xlite_special_offers` (`offer_id`)
) ENGINE=InnoDB DEFAULT CHARSET=utf8 COLLATE=utf8_unicode_ci;
CREATE TABLE `xlite_special_offer_translations` (
  `label_id` int(11) NOT NULL AUTO_INCREMENT,
  `id` int(11) DEFAULT NULL,
  `title` varchar(255) COLLATE utf8_unicode_ci NOT NULL,
  `shortPromoText` longtext COLLATE utf8_unicode_ci NOT NULL,
  `description` longtext COLLATE utf8_unicode_ci NOT NULL,
  `cartPromoText` longtext COLLATE utf8_unicode_ci NOT NULL,
  `cartAppliedText` longtext COLLATE utf8_unicode_ci NOT NULL,
  `code` char(2) COLLATE utf8_unicode_ci NOT NULL,
  PRIMARY KEY (`label_id`),
  KEY `ci` (`code`,`id`),
  KEY `id` (`id`),
  KEY `title` (`title`),
  CONSTRAINT `FK_66B8A5A3BF396750` FOREIGN KEY (`id`) REFERENCES `xlite_special_offers` (`offer_id`) ON DELETE CASCADE
) ENGINE=InnoDB DEFAULT CHARSET=utf8 COLLATE=utf8_unicode_ci;
CREATE TABLE `xlite_special_offer_type_translations` (
  `label_id` int(11) NOT NULL AUTO_INCREMENT,
  `id` int(11) DEFAULT NULL,
  `name` varchar(255) COLLATE utf8_unicode_ci NOT NULL,
  `code` char(2) COLLATE utf8_unicode_ci NOT NULL,
  PRIMARY KEY (`label_id`),
  KEY `ci` (`code`,`id`),
  KEY `id` (`id`),
  KEY `name` (`name`),
  CONSTRAINT `FK_E3B2A258BF396750` FOREIGN KEY (`id`) REFERENCES `xlite_special_offer_types` (`type_id`) ON DELETE CASCADE
) ENGINE=InnoDB DEFAULT CHARSET=utf8 COLLATE=utf8_unicode_ci;
CREATE TABLE `xlite_special_offer_types` (
  `type_id` int(11) NOT NULL AUTO_INCREMENT,
  `enabled` tinyint(1) NOT NULL,
  `processorClass` varchar(255) COLLATE utf8_unicode_ci NOT NULL,
  `viewModelClass` varchar(255) COLLATE utf8_unicode_ci NOT NULL,
  `position` int(11) NOT NULL,
  PRIMARY KEY (`type_id`),
  KEY `type_id` (`type_id`),
  KEY `processorClass` (`processorClass`),
  KEY `position` (`position`),
  KEY `enabled` (`enabled`)
) ENGINE=InnoDB DEFAULT CHARSET=utf8 COLLATE=utf8_unicode_ci;
CREATE TABLE `xlite_special_offers` (
  `offer_id` int(11) NOT NULL AUTO_INCREMENT,
  `type_id` int(11) DEFAULT NULL,
  `name` varchar(255) COLLATE utf8_unicode_ci NOT NULL,
  `position` int(11) NOT NULL,
  `enabled` tinyint(1) NOT NULL,
  `activeFrom` int(10) unsigned NOT NULL,
  `activeTill` int(10) unsigned NOT NULL,
  `exclusions` longtext COLLATE utf8_unicode_ci COMMENT '(DC2Type:array)',
  `promoHome` tinyint(1) NOT NULL,
  `promoOffers` tinyint(1) NOT NULL,
  PRIMARY KEY (`offer_id`),
  KEY `IDX_4D7EE02BC54C8C93` (`type_id`),
  KEY `offer_id` (`offer_id`),
  KEY `name` (`name`),
  KEY `position` (`position`),
  KEY `promoHome` (`promoHome`),
  KEY `promoOffers` (`promoOffers`),
  KEY `enabled` (`enabled`),
  CONSTRAINT `FK_4D7EE02BC54C8C93` FOREIGN KEY (`type_id`) REFERENCES `xlite_special_offer_types` (`type_id`) ON DELETE CASCADE
) ENGINE=InnoDB DEFAULT CHARSET=utf8 COLLATE=utf8_unicode_ci;
CREATE TABLE `xlite_states` (
  `state_id` int(11) NOT NULL AUTO_INCREMENT,
  `country_code` char(2) COLLATE utf8_unicode_ci DEFAULT NULL,
  `region_code` varchar(10) COLLATE utf8_unicode_ci DEFAULT NULL,
  `state` varchar(64) COLLATE utf8_unicode_ci NOT NULL,
  `code` varchar(64) COLLATE utf8_unicode_ci NOT NULL,
  PRIMARY KEY (`state_id`),
  UNIQUE KEY `code` (`code`,`country_code`),
  KEY `IDX_4E766996F026BB7C` (`country_code`),
  KEY `IDX_4E766996AEB327AF` (`region_code`),
  KEY `state` (`state`),
  CONSTRAINT `FK_4E766996AEB327AF` FOREIGN KEY (`region_code`) REFERENCES `xlite_regions` (`code`) ON DELETE CASCADE,
  CONSTRAINT `FK_4E766996F026BB7C` FOREIGN KEY (`country_code`) REFERENCES `xlite_countries` (`code`) ON DELETE CASCADE
) ENGINE=InnoDB DEFAULT CHARSET=utf8 COLLATE=utf8_unicode_ci;
INSERT INTO `xlite_states` VALUES (1,'AR',NULL,'Buenos Aires','B'),(2,'AR',NULL,'Catamarca','K'),(3,'AR',NULL,'Chaco','H'),(4,'AR',NULL,'Chubut','U'),(5,'AR',NULL,'Ciudad de Buenos Aires','C'),(6,'AR',NULL,'Córdoba','X'),(7,'AR',NULL,'Corrientes','W'),(8,'AR',NULL,'Entre Ríos','E'),(9,'AR',NULL,'Formosa','P'),(10,'AR',NULL,'Jujuy','Y'),(11,'AR',NULL,'La Pampa','L'),(12,'AR',NULL,'La Rioja','F'),(13,'AR',NULL,'Mendoza','M'),(14,'AR',NULL,'Misiones','N'),(15,'AR',NULL,'Neuquén','Q'),(16,'AR',NULL,'Río Negro','R'),(17,'AR',NULL,'Salta','A'),(18,'AR',NULL,'San Juan','J'),(19,'AR',NULL,'San Luis','D'),(20,'AR',NULL,'Santa Cruz','Z'),(21,'AR',NULL,'Santa Fe','S'),(22,'AR',NULL,'Santiago del Estero','G'),(23,'AR',NULL,'Tierra del Fuego','V'),(24,'AR',NULL,'Tucumán','T'),(25,'BR',NULL,'Distrito Federal','DF'),(26,'BR',NULL,'Acre','AC'),(27,'BR',NULL,'Alagoas','AL'),(28,'BR',NULL,'Amapá','AP'),(29,'BR',NULL,'Amazonas','AM'),(30,'BR',NULL,'Bahia','BA'),(31,'BR',NULL,'Ceará','CE'),(32,'BR',NULL,'Espírito Santo','ES'),(33,'BR',NULL,'Goiás','GO'),(34,'BR',NULL,'Maranhão','MA'),(35,'BR',NULL,'Mato Grosso','MT'),(36,'BR',NULL,'Mato Grosso do Sul','MS'),(37,'BR',NULL,'Minas Gerais','MG'),(38,'BR',NULL,'Pará','PA'),(39,'BR',NULL,'Paraíba','PB'),(40,'BR',NULL,'Paraná','PR'),(41,'BR',NULL,'Pernambuco','PE'),(42,'BR',NULL,'Piauí','PI'),(43,'BR',NULL,'Rio de Janeiro','RJ'),(44,'BR',NULL,'Rio Grande do Norte','RN'),(45,'BR',NULL,'Rio Grande do Sul','RS'),(46,'BR',NULL,'Rondônia','RO'),(47,'BR',NULL,'Roraima','RR'),(48,'BR',NULL,'Santa Catarina','SC'),(49,'BR',NULL,'São Paulo','SP'),(50,'BR',NULL,'Sergipe','SE'),(51,'BR',NULL,'Tocantins','TO'),(52,'CA',NULL,'Alberta','AB'),(53,'CA',NULL,'British Columbia','BC'),(54,'CA',NULL,'Manitoba','MB'),(55,'CA',NULL,'New Brunswick','NB'),(56,'CA',NULL,'Newfoundland and Labrador','NF'),(57,'CA',NULL,'Nova Scotia','NS'),(58,'CA',NULL,'Northwest Territories','NT'),(59,'CA',NULL,'Nunavut','NU'),(60,'CA',NULL,'Ontario','ON'),(61,'CA',NULL,'Prince Edward Island','PE'),(62,'CA',NULL,'Quebec','QC'),(63,'CA',NULL,'Saskatchewan','SK'),(64,'CA',NULL,'Yukon','YT'),(65,'CN',NULL,'Anhui','34'),(66,'CN',NULL,'Beijing','11'),(67,'CN',NULL,'Chongqing','50'),(68,'CN',NULL,'Fujian','35'),(69,'CN',NULL,'Gansu','62'),(70,'CN',NULL,'Guangdong','44'),(71,'CN',NULL,'Guangxi','45'),(72,'CN',NULL,'Guizhou','52'),(73,'CN',NULL,'Hainan','46'),(74,'CN',NULL,'Hebei','13'),(75,'CN',NULL,'Heilongjiang','23'),(76,'CN',NULL,'Henan','41'),(77,'CN',NULL,'Hong Kong','91'),(78,'CN',NULL,'Hubei','42'),(79,'CN',NULL,'Hunan','43'),(80,'CN',NULL,'Jiangsu','32'),(81,'CN',NULL,'Jiangxi','36'),(82,'CN',NULL,'Jilin','22'),(83,'CN',NULL,'Liaoning','21'),(84,'CN',NULL,'Macao','92'),(85,'CN',NULL,'Nei Mongol','15'),(86,'CN',NULL,'Ningxia','64'),(87,'CN',NULL,'Qinghai','63'),(88,'CN',NULL,'Shaanxi','61'),(89,'CN',NULL,'Shandong','37'),(90,'CN',NULL,'Shanghai','31'),(91,'CN',NULL,'Shanxi','14'),(92,'CN',NULL,'Sichuan','51'),(93,'CN',NULL,'Taiwan','71'),(94,'CN',NULL,'Tianjin','12'),(95,'CN',NULL,'Xinjiang','65'),(96,'CN',NULL,'Xizang','54'),(97,'CN',NULL,'Yunnan','53'),(98,'CN',NULL,'Zhejiang','33'),(99,'IN',NULL,'Andaman and Nicobar Islands','AN'),(100,'IN',NULL,'Andhra Pradesh','AP'),(101,'IN',NULL,'Arunachal Pradesh','AR'),(102,'IN',NULL,'Assam','AS'),(103,'IN',NULL,'Bihar','BR'),(104,'IN',NULL,'Chandigarh','CH'),(105,'IN',NULL,'Chhattisgar','CT'),(106,'IN',NULL,'Dadra and Nagar Haveli','DN'),(107,'IN',NULL,'Daman and Diu','DD'),(108,'IN',NULL,'Delhi','DL'),(109,'IN',NULL,'Goa','GA'),(110,'IN',NULL,'Gujarat','GJ'),(111,'IN',NULL,'Haryana','HR'),(112,'IN',NULL,'Himachal Pradesh','HP'),(113,'IN',NULL,'Jammu and Kashmir','JK'),(114,'IN',NULL,'Jharkhand','JH'),(115,'IN',NULL,'Karnataka','KA'),(116,'IN',NULL,'Kerala','KL'),(117,'IN',NULL,'Lakshadweep','LD'),(118,'IN',NULL,'Madhya Pradesh','MP'),(119,'IN',NULL,'Maharashtra','MH'),(120,'IN',NULL,'Manipur','MN'),(121,'IN',NULL,'Meghalaya','ML'),(122,'IN',NULL,'Mizoram','MZ'),(123,'IN',NULL,'Nagaland','NL'),(124,'IN',NULL,'Odish','OR'),(125,'IN',NULL,'Puducherry','PY'),(126,'IN',NULL,'Punjab','PB'),(127,'IN',NULL,'Rajasthan','RJ'),(128,'IN',NULL,'Sikkim','SK'),(129,'IN',NULL,'Tamil Nadu','TN'),(130,'IN',NULL,'Telangan','TG'),(131,'IN',NULL,'Tripura','TR'),(132,'IN',NULL,'Uttarakhan','UT'),(133,'IN',NULL,'Uttar Pradesh','UP'),(134,'IN',NULL,'West Bengal','WB'),(135,'ID',NULL,'Aceh','AC'),(136,'ID',NULL,'Bali','BA'),(137,'ID',NULL,'Bangka–Belitung Islands','BB'),(138,'ID',NULL,'Banten','BT'),(139,'ID',NULL,'Bengkulu','BE'),(140,'ID',NULL,'Central Java','JT'),(141,'ID',NULL,'Central Kalimantan','KT'),(142,'ID',NULL,'Central Sulawesi','ST'),(143,'ID',NULL,'East Java','JI'),(144,'ID',NULL,'East Kalimantan','KI'),(145,'ID',NULL,'East Nusa Tenggara','NT'),(146,'ID',NULL,'Gorontalo','GO'),(147,'ID',NULL,'Jakarta','JK'),(148,'ID',NULL,'Jambi','JA'),(149,'ID',NULL,'Lampung','LA'),(150,'ID',NULL,'Maluku','MA'),(151,'ID',NULL,'North Kalimantan','KU'),(152,'ID',NULL,'North Maluku','MU'),(153,'ID',NULL,'North Sulawesi','SA'),(154,'ID',NULL,'North Sumatra','SU'),(155,'ID',NULL,'Papua','PA'),(156,'ID',NULL,'Riau','RI'),(157,'ID',NULL,'Riau Islands','KR'),(158,'ID',NULL,'South Kalimantan','KS'),(159,'ID',NULL,'South Sulawesi','SN'),(160,'ID',NULL,'South Sumatra','SS'),(161,'ID',NULL,'Southeast Sulawesi','SG'),(162,'ID',NULL,'West Java','JB'),(163,'ID',NULL,'West Kalimantan','KB'),(164,'ID',NULL,'West Nusa Tenggara','NB'),(165,'ID',NULL,'West Papua','PB'),(166,'ID',NULL,'West Sulawesi','SR'),(167,'ID',NULL,'West Sumatra','SB'),(168,'ID',NULL,'Yogyakarta','YO'),(169,'JP',NULL,'Aichi','23'),(170,'JP',NULL,'Akita','05'),(171,'JP',NULL,'Aomori','02'),(172,'JP',NULL,'Chiba','12'),(173,'JP',NULL,'Ehime','38'),(174,'JP',NULL,'Fukui','18'),(175,'JP',NULL,'Fukuoka','40'),(176,'JP',NULL,'Fukushima','07'),(177,'JP',NULL,'Gifu','21'),(178,'JP',NULL,'Gumma','10'),(179,'JP',NULL,'Hiroshima','34'),(180,'JP',NULL,'Hokkaido','01'),(181,'JP',NULL,'Hyogo','28'),(182,'JP',NULL,'Ibaraki','08'),(183,'JP',NULL,'Ishikawa','17'),(184,'JP',NULL,'Iwate','03'),(185,'JP',NULL,'Kagawa','37'),(186,'JP',NULL,'Kagoshima','46'),(187,'JP',NULL,'Kanagawa','14'),(188,'JP',NULL,'Kochi','39'),(189,'JP',NULL,'Kumamoto','43'),(190,'JP',NULL,'Kyoto','26'),(191,'JP',NULL,'Mie','24'),(192,'JP',NULL,'Miyagi','04'),(193,'JP',NULL,'Miyazaki','45'),(194,'JP',NULL,'Nagano','20'),(195,'JP',NULL,'Nagasaki','42'),(196,'JP',NULL,'Nara','29'),(197,'JP',NULL,'Niigata','15'),(198,'JP',NULL,'Oita','44'),(199,'JP',NULL,'Okayama','33'),(200,'JP',NULL,'Okinawa','47'),(201,'JP',NULL,'Osaka','27'),(202,'JP',NULL,'Saga','41'),(203,'JP',NULL,'Saitama','11'),(204,'JP',NULL,'Shiga','25'),(205,'JP',NULL,'Shimane','32'),(206,'JP',NULL,'Shizuoka','22'),(207,'JP',NULL,'Tochigi','09'),(208,'JP',NULL,'Tokushima','36'),(209,'JP',NULL,'Tokyo','13'),(210,'JP',NULL,'Tottori','31'),(211,'JP',NULL,'Toyama','16'),(212,'JP',NULL,'Wakayama','30'),(213,'JP',NULL,'Yamagata','06'),(214,'JP',NULL,'Yamaguchi','35'),(215,'JP',NULL,'Yamanashi','19'),(216,'MX',NULL,'Aguascalientes','AG'),(217,'MX',NULL,'Baja California','BN'),(218,'MX',NULL,'Baja California Sur','BS'),(219,'MX',NULL,'Campeche','CM'),(220,'MX',NULL,'Coahuila','CA'),(221,'MX',NULL,'Colima','CL'),(222,'MX',NULL,'Chiapas','CP'),(223,'MX',NULL,'Chihuahua','CH'),(224,'MX',NULL,'Distrito Federal','DF'),(225,'MX',NULL,'Durango','DU'),(226,'MX',NULL,'Guanajuato','GT'),(227,'MX',NULL,'Guerrero','GR'),(228,'MX',NULL,'Hidalgo','HI'),(229,'MX',NULL,'Jalisco','JA'),(230,'MX',NULL,'México','MX'),(231,'MX',NULL,'Michoacán','MC'),(232,'MX',NULL,'Morelos','MR'),(233,'MX',NULL,'Nayarit','NA'),(234,'MX',NULL,'Nuevo León','NL'),(235,'MX',NULL,'Oaxaca','OA'),(236,'MX',NULL,'Puebla','PU'),(237,'MX',NULL,'Querétaro','QE'),(238,'MX',NULL,'Quintana Roo','QR'),(239,'MX',NULL,'San Luis Potosí','SL'),(240,'MX',NULL,'Sinaloa','SI'),(241,'MX',NULL,'Sonora','SO'),(242,'MX',NULL,'Tabasco','TB'),(243,'MX',NULL,'Tamaulipas','TM'),(244,'MX',NULL,'Tlaxcala','TL'),(245,'MX',NULL,'Veracruz','VE'),(246,'MX',NULL,'Yucatán','YU'),(247,'MX',NULL,'Zacatecas','ZA'),(248,'TH',NULL,'Amnat Charoen','37'),(249,'TH',NULL,'Ang Thong','15'),(250,'TH',NULL,'Bueng Kan','38'),(251,'TH',NULL,'Buri Ram','31'),(252,'TH',NULL,'Chachoengsao','24'),(253,'TH',NULL,'Chai Nat','18'),(254,'TH',NULL,'Chaiyaphum','36'),(255,'TH',NULL,'Chanthaburi','22'),(256,'TH',NULL,'Chiang Mai','50'),(257,'TH',NULL,'Chiang Rai','57'),(258,'TH',NULL,'Chon Buri','20'),(259,'TH',NULL,'Chumphon','86'),(260,'TH',NULL,'Kalasin','46'),(261,'TH',NULL,'Kamphaeng Phet','62'),(262,'TH',NULL,'Kanchanaburi','71'),(263,'TH',NULL,'Khon Kaen','40'),(264,'TH',NULL,'Krabi','81'),(265,'TH',NULL,'Krung Thep Maha Nakhon (Bangkok)','10'),(266,'TH',NULL,'Lampang','52'),(267,'TH',NULL,'Lamphun','51'),(268,'TH',NULL,'Loei','42'),(269,'TH',NULL,'Lop Buri','16'),(270,'TH',NULL,'Mae Hong Son','58'),(271,'TH',NULL,'Maha Sarakham','44'),(272,'TH',NULL,'Mukdahan','49'),(273,'TH',NULL,'Nakhon Nayok','26'),(274,'TH',NULL,'Nakhon Pathom','73'),(275,'TH',NULL,'Nakhon Phanom','48'),(276,'TH',NULL,'Nakhon Ratchasima','30'),(277,'TH',NULL,'Nakhon Sawan','60'),(278,'TH',NULL,'Nakhon Si Thammarat','80'),(279,'TH',NULL,'Nan','55'),(280,'TH',NULL,'Narathiwat','96'),(281,'TH',NULL,'Nong Bua Lam Phu','39'),(282,'TH',NULL,'Nong Khai','43'),(283,'TH',NULL,'Nonthaburi','12'),(284,'TH',NULL,'Pathum Thani','13'),(285,'TH',NULL,'Pattani','94'),(286,'TH',NULL,'Phangnga','82'),(287,'TH',NULL,'Phatthalung','93'),(288,'TH',NULL,'Phatthaya','S'),(289,'TH',NULL,'Phayao','56'),(290,'TH',NULL,'Phetchabun','67'),(291,'TH',NULL,'Phetchaburi','76'),(292,'TH',NULL,'Phichit','66'),(293,'TH',NULL,'Phitsanulok','65'),(294,'TH',NULL,'Phrae','54'),(295,'TH',NULL,'Phra Nakhon Si Ayutthaya','14'),(296,'TH',NULL,'Phuket','83'),(297,'TH',NULL,'Prachin Buri','25'),(298,'TH',NULL,'Prachuap Khiri Khan','77'),(299,'TH',NULL,'Ranong','85'),(300,'TH',NULL,'Ratchaburi','70'),(301,'TH',NULL,'Rayong','21'),(302,'TH',NULL,'Roi Et','45'),(303,'TH',NULL,'Sa Kaeo','27'),(304,'TH',NULL,'Sakon Nakhon','47'),(305,'TH',NULL,'Samut Prakan','11'),(306,'TH',NULL,'Samut Sakhon','74'),(307,'TH',NULL,'Samut Songkhram','75'),(308,'TH',NULL,'Saraburi','19'),(309,'TH',NULL,'Satun','91'),(310,'TH',NULL,'Sing Buri','17'),(311,'TH',NULL,'Si Sa Ket','33'),(312,'TH',NULL,'Songkhla','90'),(313,'TH',NULL,'Sukhothai','64'),(314,'TH',NULL,'Suphan Buri','72'),(315,'TH',NULL,'Surat Thani','84'),(316,'TH',NULL,'Surin','32'),(317,'TH',NULL,'Tak','63'),(318,'TH',NULL,'Trang','92'),(319,'TH',NULL,'Trat','23'),(320,'TH',NULL,'Ubon Ratchathani','34'),(321,'TH',NULL,'Udon Thani','41'),(322,'TH',NULL,'Uthai Thani','61'),(323,'TH',NULL,'Uttaradit','53'),(324,'TH',NULL,'Yala','95'),(325,'TH',NULL,'Yasothon','35'),(326,'GB','GB-SCT','Aberdeen City','ABE'),(327,'GB','GB-SCT','Aberdeenshire','ABD'),(328,'GB','GB-SCT','Angus','ANS'),(329,'GB','GB-NIR','Antrim','ANT'),(330,'GB','GB-NIR','Ards','ARD'),(331,'GB','GB-SCT','Argyll and Bute','AGB'),(332,'GB','GB-NIR','Armagh','ARM'),(333,'GB','GB-NIR','Ballymena','BLA'),(334,'GB','GB-NIR','Ballymoney','BLY'),(335,'GB','GB-NIR','Banbridge','BNB'),(336,'GB','GB-ENG','Barking and Dagenham','BDG'),(337,'GB','GB-ENG','Barnet','BNE'),(338,'GB','GB-ENG','Barnsley','BNS'),(339,'GB','GB-ENG','Bath and North East Somerset','BAS'),(340,'GB','GB-ENG','Bedford','BDF'),(341,'GB','GB-NIR','Belfast','BFS'),(342,'GB','GB-ENG','Bexley','BEX'),(343,'GB','GB-ENG','Birmingham','BIR'),(344,'GB','GB-ENG','Blackburn with Darwen','BBD'),(345,'GB','GB-ENG','Blackpool','BPL'),(346,'GB','GB-WLS','Blaenau Gwent','BGW'),(347,'GB','GB-ENG','Bolton','BOL'),(348,'GB','GB-ENG','Bournemouth','BMH'),(349,'GB','GB-ENG','Bracknell Forest','BRC'),(350,'GB','GB-ENG','Bradford','BRD'),(351,'GB','GB-ENG','Brent','BEN'),(352,'GB','GB-WLS','Bridgend','BGE'),(353,'GB','GB-ENG','Brighton and Hove','BNH'),(354,'GB','GB-ENG','Bristol, City of','BST'),(355,'GB','GB-ENG','Bromley','BRY'),(356,'GB','GB-ENG','Buckinghamshire','BKM'),(357,'GB','GB-ENG','Bury','BUR'),(358,'GB','GB-WLS','Caerphilly','CAY'),(359,'GB','GB-ENG','Calderdale','CLD'),(360,'GB','GB-ENG','Cambridgeshire','CAM'),(361,'GB','GB-ENG','Camden','CMD'),(362,'GB','GB-WLS','Cardiff','CRF'),(363,'GB','GB-WLS','Carmarthenshire','CMN'),(364,'GB','GB-NIR','Carrickfergus','CKF'),(365,'GB','GB-NIR','Castlereagh','CSR'),(366,'GB','GB-ENG','Central Bedfordshire','CBF'),(367,'GB','GB-WLS','Ceredigion','CGN'),(368,'GB','GB-ENG','Cheshire East','CHE'),(369,'GB','GB-ENG','Cheshire West and Chester','CHW'),(370,'GB','GB-SCT','Clackmannanshire','CLK'),(371,'GB','GB-NIR','Coleraine','CLR'),(372,'GB','GB-WLS','Conwy','CWY'),(373,'GB','GB-NIR','Cookstown','CKT'),(374,'GB','GB-ENG','Cornwall','CON'),(375,'GB','GB-ENG','Coventry','COV'),(376,'GB','GB-NIR','Craigavon','CGV'),(377,'GB','GB-ENG','Croydon','CRY'),(378,'GB','GB-ENG','Cumbria','CMA'),(379,'GB','GB-ENG','Darlington','DAL'),(380,'GB','GB-WLS','Denbighshire','DEN'),(381,'GB','GB-ENG','Derby','DER'),(382,'GB','GB-ENG','Derbyshire','DBY'),(383,'GB','GB-NIR','Derry','DRY'),(384,'GB','GB-ENG','Devon','DEV'),(385,'GB','GB-ENG','Doncaster','DNC'),(386,'GB','GB-ENG','Dorset','DOR'),(387,'GB','GB-NIR','Down','DOW'),(388,'GB','GB-ENG','Dudley','DUD'),(389,'GB','GB-SCT','Dumfries and Galloway','DGY'),(390,'GB','GB-SCT','Dundee City','DND'),(391,'GB','GB-NIR','Dungannon and South Tyrone','DGN'),(392,'GB','GB-ENG','Durham, County','DUR'),(393,'GB','GB-ENG','Ealing','EAL'),(394,'GB','GB-SCT','East Ayrshire','EAY'),(395,'GB','GB-SCT','East Dunbartonshire','EDU'),(396,'GB','GB-SCT','East Lothian','ELN'),(397,'GB','GB-SCT','East Renfrewshire','ERW'),(398,'GB','GB-ENG','East Riding of Yorkshire','ERY'),(399,'GB','GB-ENG','East Sussex','ESX'),(400,'GB','GB-SCT','Edinburgh, City of','EDH'),(401,'GB','GB-SCT','Eilean Siar','ELS'),(402,'GB','GB-ENG','Enfield','ENF'),(403,'GB','GB-ENG','Essex','ESS'),(404,'GB','GB-SCT','Falkirk','FAL'),(405,'GB','GB-NIR','Fermanagh','FER'),(406,'GB','GB-SCT','Fife','FIF'),(407,'GB','GB-WLS','Flintshire','FLN'),(408,'GB','GB-ENG','Gateshead','GAT'),(409,'GB','GB-SCT','Glasgow City','GLG'),(410,'GB','GB-ENG','Gloucestershire','GLS'),(411,'GB','GB-ENG','Greenwich','GRE'),(412,'GB','GB-WLS','Gwynedd','GWN'),(413,'GB','GB-ENG','Hackney','HCK'),(414,'GB','GB-ENG','Halton','HAL'),(415,'GB','GB-ENG','Hammersmith and Fulham','HMF'),(416,'GB','GB-ENG','Hampshire','HAM'),(417,'GB','GB-ENG','Haringey','HRY'),(418,'GB','GB-ENG','Harrow','HRW'),(419,'GB','GB-ENG','Hartlepool','HPL'),(420,'GB','GB-ENG','Havering','HAV'),(421,'GB','GB-ENG','Herefordshire','HEF'),(422,'GB','GB-ENG','Hertfordshire','HRT'),(423,'GB','GB-SCT','Highland','HLD'),(424,'GB','GB-ENG','Hillingdon','HIL'),(425,'GB','GB-ENG','Hounslow','HNS'),(426,'GB','GB-SCT','Inverclyde','IVC'),(427,'GB','GB-WLS','Isle of Anglesey','AGY'),(428,'GB','GB-ENG','Isle of Wight','IOW'),(429,'GB','GB-ENG','Isles of Scilly','IOS'),(430,'GB','GB-ENG','Islington','ISL'),(431,'GB','GB-ENG','Kensington and Chelsea','KEC'),(432,'GB','GB-ENG','Kent','KEN'),(433,'GB','GB-ENG','Kingston upon Hull','KHL'),(434,'GB','GB-ENG','Kingston upon Thames','KTT'),(435,'GB','GB-ENG','Kirklees','KIR'),(436,'GB','GB-ENG','Knowsley','KWL'),(437,'GB','GB-ENG','Lambeth','LBH'),(438,'GB','GB-ENG','Lancashire','LAN'),(439,'GB','GB-NIR','Larne','LRN'),(440,'GB','GB-ENG','Leeds','LDS'),(441,'GB','GB-ENG','Leicester','LCE'),(442,'GB','GB-ENG','Leicestershire','LEC'),(443,'GB','GB-ENG','Lewisham','LEW'),(444,'GB','GB-NIR','Limavady','LMV'),(445,'GB','GB-ENG','Lincolnshire','LIN'),(446,'GB','GB-NIR','Lisburn','LSB'),(447,'GB','GB-ENG','Liverpool','LIV'),(448,'GB','GB-ENG','London, City of','LND'),(449,'GB','GB-ENG','Luton','LUT'),(450,'GB','GB-NIR','Magherafelt','MFT'),(451,'GB','GB-ENG','Manchester','MAN'),(452,'GB','GB-ENG','Medway','MDW'),(453,'GB','GB-WLS','Merthyr Tydfil','MTY'),(454,'GB','GB-ENG','Merton','MRT'),(455,'GB','GB-ENG','Middlesbrough','MDB'),(456,'GB','GB-SCT','Midlothian','MLN'),(457,'GB','GB-ENG','Milton Keynes','MIK'),(458,'GB','GB-WLS','Monmouthshire','MON'),(459,'GB','GB-SCT','Moray','MRY'),(460,'GB','GB-NIR','Moyle','MYL'),(461,'GB','GB-WLS','Neath Port Talbot','NTL'),(462,'GB','GB-ENG','Newcastle upon Tyne','NET'),(463,'GB','GB-ENG','Newham','NWM'),(464,'GB','GB-WLS','Newport','NWP'),(465,'GB','GB-NIR','Newry and Mourne District','NYM'),(466,'GB','GB-NIR','Newtownabbey','NTA'),(467,'GB','GB-ENG','Norfolk','NFK'),(468,'GB','GB-SCT','North Ayrshire','NAY'),(469,'GB','GB-NIR','North Down','NDN'),(470,'GB','GB-ENG','North East Lincolnshire','NEL'),(471,'GB','GB-SCT','North Lanarkshire','NLK'),(472,'GB','GB-ENG','North Lincolnshire','NLN'),(473,'GB','GB-ENG','North Somerset','NSM'),(474,'GB','GB-ENG','North Tyneside','NTY'),(475,'GB','GB-ENG','North Yorkshire','NYK'),(476,'GB','GB-ENG','Northamptonshire','NTH'),(477,'GB','GB-ENG','Northumberland','NBL'),(478,'GB','GB-ENG','Nottingham','NGM'),(479,'GB','GB-ENG','Nottinghamshire','NTT'),(480,'GB','GB-ENG','Oldham','OLD'),(481,'GB','GB-NIR','Omagh','OMH'),(482,'GB','GB-SCT','Orkney Islands','ORK'),(483,'GB','GB-ENG','Oxfordshire','OXF'),(484,'GB','GB-WLS','Pembrokeshire','PEM'),(485,'GB','GB-SCT','Perth and Kinross','PKN'),(486,'GB','GB-ENG','Peterborough','PTE'),(487,'GB','GB-ENG','Plymouth','PLY'),(488,'GB','GB-ENG','Poole','POL'),(489,'GB','GB-ENG','Portsmouth','POR'),(490,'GB','GB-WLS','Powys','POW'),(491,'GB','GB-ENG','Reading','RDG'),(492,'GB','GB-ENG','Redbridge','RDB'),(493,'GB','GB-ENG','Redcar and Cleveland','RCC'),(494,'GB','GB-SCT','Renfrewshire','RFW'),(495,'GB','GB-WLS','Rhondda, Cynon, Taff','RCT'),(496,'GB','GB-ENG','Richmond upon Thames','RIC'),(497,'GB','GB-ENG','Rochdale','RCH'),(498,'GB','GB-ENG','Rotherham','ROT'),(499,'GB','GB-ENG','Rutland','RUT'),(500,'GB','GB-ENG','St. Helens','SHN'),(501,'GB','GB-ENG','Salford','SLF'),(502,'GB','GB-ENG','Sandwell','SAW'),(503,'GB','GB-SCT','Scottish Borders, The','SCB'),(504,'GB','GB-ENG','Sefton','SFT'),(505,'GB','GB-ENG','Sheffield','SHF'),(506,'GB','GB-SCT','Shetland Islands','ZET'),(507,'GB','GB-ENG','Shropshire','SHR'),(508,'GB','GB-ENG','Slough','SLG'),(509,'GB','GB-ENG','Solihull','SOL'),(510,'GB','GB-ENG','Somerset','SOM'),(511,'GB','GB-SCT','South Ayrshire','SAY'),(512,'GB','GB-ENG','South Gloucestershire','SGC'),(513,'GB','GB-SCT','South Lanarkshire','SLK'),(514,'GB','GB-ENG','South Tyneside','STY'),(515,'GB','GB-ENG','Southampton','STH'),(516,'GB','GB-ENG','Southend-on-Sea','SOS'),(517,'GB','GB-ENG','Southwark','SWK'),(518,'GB','GB-ENG','Staffordshire','STS'),(519,'GB','GB-SCT','Stirling','STG'),(520,'GB','GB-ENG','Stockport','SKP'),(521,'GB','GB-ENG','Stockton-on-Tees','STT'),(522,'GB','GB-ENG','Stoke-on-Trent','STE'),(523,'GB','GB-NIR','Strabane','STB'),(524,'GB','GB-ENG','Suffolk','SFK'),(525,'GB','GB-ENG','Sunderland','SND'),(526,'GB','GB-ENG','Surrey','SRY'),(527,'GB','GB-ENG','Sutton','STN'),(528,'GB','GB-WLS','Swansea','SWA'),(529,'GB','GB-ENG','Swindon','SWD'),(530,'GB','GB-ENG','Tameside','TAM'),(531,'GB','GB-ENG','Telford and Wrekin','TFW'),(532,'GB','GB-ENG','Thurrock','THR'),(533,'GB','GB-ENG','Torbay','TOB'),(534,'GB','GB-WLS','Torfaen','TOF'),(535,'GB','GB-ENG','Tower Hamlets','TWH'),(536,'GB','GB-ENG','Trafford','TRF'),(537,'GB','GB-WLS','Vale of Glamorgan, The','VGL'),(538,'GB','GB-ENG','Wakefield','WKF'),(539,'GB','GB-ENG','Walsall','WLL'),(540,'GB','GB-ENG','Waltham Forest','WFT'),(541,'GB','GB-ENG','Wandsworth','WND'),(542,'GB','GB-ENG','Warrington','WRT'),(543,'GB','GB-ENG','Warwickshire','WAR'),(544,'GB','GB-ENG','West Berkshire','WBK'),(545,'GB','GB-SCT','West Dunbartonshire','WDU'),(546,'GB','GB-SCT','West Lothian','WLN'),(547,'GB','GB-ENG','West Sussex','WSX'),(548,'GB','GB-ENG','Westminster','WSM'),(549,'GB','GB-ENG','Wigan','WGN'),(550,'GB','GB-ENG','Wiltshire','WIL'),(551,'GB','GB-ENG','Windsor and Maidenhead','WNM'),(552,'GB','GB-ENG','Wirral','WRL'),(553,'GB','GB-ENG','Wokingham','WOK'),(554,'GB','GB-ENG','Wolverhampton','WLV'),(555,'GB','GB-ENG','Worcestershire','WOR'),(556,'GB','GB-WLS','Wrexham','WRX'),(557,'GB','GB-ENG','York','YOR'),(558,'US',NULL,'Alabama','AL'),(559,'US',NULL,'Alaska','AK'),(560,'US',NULL,'Arizona','AZ'),(561,'US',NULL,'Arkansas','AR'),(562,'US',NULL,'California','CA'),(563,'US',NULL,'Colorado','CO'),(564,'US',NULL,'Connecticut','CT'),(565,'US',NULL,'Delaware','DE'),(566,'US',NULL,'District of Columbia','DC'),(567,'US',NULL,'Florida','FL'),(568,'US',NULL,'Georgia','GA'),(569,'US',NULL,'Guam','GU'),(570,'US',NULL,'Hawaii','HI'),(571,'US',NULL,'Idaho','ID'),(572,'US',NULL,'Illinois','IL'),(573,'US',NULL,'Indiana','IN'),(574,'US',NULL,'Iowa','IA'),(575,'US',NULL,'Kansas','KS'),(576,'US',NULL,'Kentucky','KY'),(577,'US',NULL,'Louisiana','LA'),(578,'US',NULL,'Maine','ME'),(579,'US',NULL,'Maryland','MD'),(580,'US',NULL,'Massachusetts','MA'),(581,'US',NULL,'Michigan','MI'),(582,'US',NULL,'Minnesota','MN'),(583,'US',NULL,'Mississippi','MS'),(584,'US',NULL,'Missouri','MO'),(585,'US',NULL,'Montana','MT'),(586,'US',NULL,'Nebraska','NE'),(587,'US',NULL,'Nevada','NV'),(588,'US',NULL,'New Hampshire','NH'),(589,'US',NULL,'New Jersey','NJ'),(590,'US',NULL,'New Mexico','NM'),(591,'US',NULL,'New York','NY'),(592,'US',NULL,'North Carolina','NC'),(593,'US',NULL,'North Dakota','ND'),(594,'US',NULL,'Ohio','OH'),(595,'US',NULL,'Oklahoma','OK'),(596,'US',NULL,'Oregon','OR'),(597,'US',NULL,'Pennsylvania','PA'),(598,'US',NULL,'Puerto Rico','PR'),(599,'US',NULL,'Rhode Island','RI'),(600,'US',NULL,'South Carolina','SC'),(601,'US',NULL,'South Dakota','SD'),(602,'US',NULL,'Tennessee','TN'),(603,'US',NULL,'Texas','TX'),(604,'US',NULL,'Utah','UT'),(605,'US',NULL,'Vermont','VT'),(606,'US',NULL,'Virgin Islands','VI'),(607,'US',NULL,'Virginia','VA'),(608,'US',NULL,'Washington','WA'),(609,'US',NULL,'West Virginia','WV'),(610,'US',NULL,'Wisconsin','WI'),(611,'US',NULL,'Wyoming','WY');
CREATE TABLE `xlite_tasks` (
  `id` int(10) unsigned NOT NULL AUTO_INCREMENT,
  `owner` varchar(128) COLLATE utf8_unicode_ci NOT NULL,
  `triggerTime` int(11) NOT NULL,
  `data` longtext COLLATE utf8_unicode_ci NOT NULL COMMENT '(DC2Type:array)',
  PRIMARY KEY (`id`)
) ENGINE=InnoDB DEFAULT CHARSET=utf8 COLLATE=utf8_unicode_ci;
INSERT INTO `xlite_tasks` VALUES (1,'XLite\\Core\\Task\\EventListener',0,'a:0:{}'),(2,'XLite\\Core\\Task\\OrdersGarbageCleaner',0,'a:0:{}'),(3,'XLite\\Core\\Task\\SessionsGarbageCleaner',0,'a:0:{}'),(4,'XLite\\Module\\CDev\\XMLSitemap\\Core\\Task\\GenerateSitemap',0,'a:0:{}'),(5,'XLite\\Module\\XC\\MailChimp\\Core\\Task\\UpdateLists',0,'a:0:{}');
CREATE TABLE `xlite_tax_class_translations` (
  `label_id` int(11) NOT NULL AUTO_INCREMENT,
  `id` int(10) unsigned DEFAULT NULL,
  `name` varchar(255) COLLATE utf8_unicode_ci NOT NULL,
  `code` char(2) COLLATE utf8_unicode_ci NOT NULL,
  PRIMARY KEY (`label_id`),
  KEY `ci` (`code`,`id`),
  KEY `id` (`id`),
  CONSTRAINT `FK_95C1403BF396750` FOREIGN KEY (`id`) REFERENCES `xlite_tax_classes` (`id`) ON DELETE CASCADE
) ENGINE=InnoDB DEFAULT CHARSET=utf8 COLLATE=utf8_unicode_ci;
CREATE TABLE `xlite_tax_classes` (
  `id` int(10) unsigned NOT NULL AUTO_INCREMENT,
  `position` int(11) NOT NULL,
  PRIMARY KEY (`id`)
) ENGINE=InnoDB DEFAULT CHARSET=utf8 COLLATE=utf8_unicode_ci;
CREATE TABLE `xlite_temporary_files` (
  `id` int(10) unsigned NOT NULL AUTO_INCREMENT,
  `width` int(11) NOT NULL,
  `height` int(11) NOT NULL,
  `hash` char(32) COLLATE utf8_unicode_ci DEFAULT NULL,
  `needProcess` tinyint(1) NOT NULL,
  `path` varchar(512) COLLATE utf8_unicode_ci NOT NULL,
  `fileName` varchar(255) COLLATE utf8_unicode_ci NOT NULL,
  `mime` varchar(128) COLLATE utf8_unicode_ci NOT NULL,
  `storageType` varchar(1) COLLATE utf8_unicode_ci NOT NULL,
  `size` int(10) unsigned NOT NULL,
  `date` int(10) unsigned NOT NULL,
  PRIMARY KEY (`id`)
) ENGINE=InnoDB DEFAULT CHARSET=utf8 COLLATE=utf8_unicode_ci;
CREATE TABLE `xlite_theme_tweaker_template` (
  `id` int(11) NOT NULL AUTO_INCREMENT,
  `template` varchar(255) COLLATE utf8_unicode_ci NOT NULL,
  `date` int(11) NOT NULL,
  PRIMARY KEY (`id`)
) ENGINE=InnoDB DEFAULT CHARSET=utf8 COLLATE=utf8_unicode_ci;
CREATE TABLE `xlite_tmp_vars` (
  `id` int(11) NOT NULL AUTO_INCREMENT,
  `name` varchar(128) COLLATE utf8_unicode_ci NOT NULL,
  `value` longtext COLLATE utf8_unicode_ci NOT NULL,
  PRIMARY KEY (`id`),
  UNIQUE KEY `name` (`name`)
) ENGINE=InnoDB DEFAULT CHARSET=utf8 COLLATE=utf8_unicode_ci;
INSERT INTO `xlite_tmp_vars` VALUES (1,'cloud_search_reg_scheduled','1'),(2,'cache_build_timestamp','1483703424'),(3,'get_addonsTTL','i:1483703427;'),(4,'get_coresData','a:0:{}'),(5,'get_coresTTL','i:1483703427;');
CREATE TABLE `xlite_upselling_products` (
  `id` int(11) NOT NULL AUTO_INCREMENT,
  `product_id` int(10) unsigned DEFAULT NULL,
  `parent_product_id` int(10) unsigned DEFAULT NULL,
  `orderBy` int(11) NOT NULL,
  PRIMARY KEY (`id`),
  KEY `IDX_1DF3D3E14584665A` (`product_id`),
  KEY `parent_product_index` (`parent_product_id`),
  CONSTRAINT `FK_1DF3D3E12C7E20A` FOREIGN KEY (`parent_product_id`) REFERENCES `xlite_products` (`product_id`) ON DELETE CASCADE,
  CONSTRAINT `FK_1DF3D3E14584665A` FOREIGN KEY (`product_id`) REFERENCES `xlite_products` (`product_id`) ON DELETE CASCADE
) ENGINE=InnoDB DEFAULT CHARSET=utf8 COLLATE=utf8_unicode_ci;
INSERT INTO `xlite_upselling_products` VALUES (1,12,16,0),(2,16,12,0),(3,13,16,0),(4,16,13,0),(5,14,16,0),(6,16,14,0),(7,17,16,0),(8,16,17,0),(9,13,12,0),(10,12,13,0),(11,14,12,0),(12,12,14,0),(13,17,12,0),(14,12,17,0),(15,14,13,0),(16,13,14,0),(17,17,13,0),(18,13,17,0),(19,14,17,0),(20,17,14,0),(27,28,41,0),(29,30,41,0),(31,39,41,0),(33,40,37,0),(35,40,41,0),(37,28,37,0),(39,30,37,0),(41,39,37,0),(43,28,42,0),(45,30,42,0),(47,39,42,0),(49,40,42,0);
CREATE TABLE `xlite_view_lists` (
  `list_id` int(11) NOT NULL AUTO_INCREMENT,
  `list_override` varchar(255) COLLATE utf8_unicode_ci NOT NULL,
  `weight_override` int(11) NOT NULL,
  `override_mode` int(11) NOT NULL,
  `class` varchar(255) CHARACTER SET latin1 NOT NULL,
  `list` varchar(255) CHARACTER SET latin1 NOT NULL,
  `zone` varchar(16) CHARACTER SET latin1 NOT NULL,
  `child` varchar(512) CHARACTER SET latin1 NOT NULL,
  `weight` int(11) NOT NULL,
  `tpl` varchar(512) CHARACTER SET latin1 NOT NULL,
  `version` varchar(32) COLLATE utf8_unicode_ci DEFAULT NULL,
  PRIMARY KEY (`list_id`),
  KEY `tl` (`tpl`,`list`),
  KEY `lzv` (`list`,`zone`,`version`)
) ENGINE=InnoDB DEFAULT CHARSET=utf8 COLLATE=utf8_unicode_ci;
INSERT INTO `xlite_view_lists` VALUES (1,'',0,0,'','cart.item.info','customer','XLite\\View\\SelectedAttributeValues',20,'',NULL),(2,'',0,0,'','admin.center','admin','XLite\\View\\Attributes',16777215,'',NULL),(3,'',0,0,'','admin.main.page.header','admin','XLite\\View\\CoreVersionPlacer',20,'',NULL),(4,'',0,0,'','layout.main','customer','XLite\\View\\OperateAsUserNotification',0,'',NULL),(5,'',0,0,'','admin.center','admin','XLite\\View\\SafeMode',16777215,'',NULL),(6,'',0,0,'','admin.center','admin','XLite\\View\\Login',16777215,'',NULL),(7,'',0,0,'','sidebar.single','customer','XLite\\View\\TopCategories',100,'',NULL),(8,'',0,0,'','sidebar.first','customer','XLite\\View\\TopCategories',100,'',NULL),(9,'',0,0,'','center','customer','XLite\\View\\PageNotFound',16777215,'',NULL),(10,'',0,0,'','admin.center','admin','XLite\\View\\PageNotFound',16777215,'',NULL),(11,'',0,0,'','taxes.help.section','admin','XLite\\View\\TaxBanner',10,'',NULL),(12,'',0,0,'','admin.center','admin','XLite\\View\\Attribute',16777215,'',NULL),(13,'',0,0,'','center','customer','XLite\\View\\Category',16777215,'',NULL),(14,'',0,0,'','checkout.main','customer','XLite\\View\\AllInOneSolutions',1,'',NULL),(15,'',0,0,'','admin.center','admin','XLite\\View\\ItemsList\\Model\\Membership',16777215,'',NULL),(16,'',0,0,'','order.actions','admin','XLite\\View\\ItemsList\\Model\\OrderTrackingNumber',9999,'',NULL),(17,'',0,0,'','admin.center','admin','XLite\\View\\ItemsList\\Model\\AttributeOption',16777215,'',NULL),(18,'',0,0,'','admin.center','admin','XLite\\View\\ItemsList\\Model\\Product\\Admin\\Cloned',16777215,'',NULL),(19,'',0,0,'','admin.center','admin','XLite\\View\\ItemsList\\Model\\Product\\Admin\\Search',16777215,'',NULL),(20,'',0,0,'','admin.center','admin','XLite\\View\\ItemsList\\Model\\AttributeGroup',16777215,'',NULL),(21,'',0,0,'','admin.center','admin','XLite\\View\\ItemsList\\Model\\Payment\\Transaction',16777215,'',NULL),(22,'',0,0,'','pager.admin.model.table.right','admin','XLite\\View\\ItemsList\\Model\\Order\\Admin\\SearchTotal',100,'',NULL),(23,'',0,0,'','admin.center','admin','XLite\\View\\ItemsList\\Model\\Order\\Admin\\Recent',16777215,'',NULL),(24,'',0,0,'','dashboard-center','admin','XLite\\View\\ItemsList\\Model\\Order\\Admin\\RecentBlock',100,'',NULL),(25,'',0,0,'','admin.center','admin','XLite\\View\\ItemsList\\Model\\Profile',16777215,'',NULL),(26,'',0,0,'','admin.center','admin','XLite\\View\\ItemsList\\Model\\ProductClass',16777215,'',NULL),(27,'',0,0,'','center.bottom','customer','XLite\\View\\ItemsList\\Product\\Customer\\Category\\Main',200,'',NULL),(28,'',0,0,'','itemsList.product.cart','customer','XLite\\View\\ItemsList\\Product\\Customer\\CartTray',16777215,'',NULL),(29,'',0,0,'','center','customer','XLite\\View\\Welcome',16777215,'',NULL),(30,'',0,0,'','admin.center','admin','XLite\\View\\Upgrade\\InstallUpdates',16777215,'',NULL),(31,'',0,0,'','admin.center','admin','XLite\\View\\Upgrade\\Step\\Completed\\Backup',200,'',NULL),(32,'',0,0,'','admin.center','admin','XLite\\View\\Upgrade\\Step\\Completed\\StatusMessages',0,'',NULL),(33,'',0,0,'','admin.center','admin','XLite\\View\\Upgrade\\Step\\Completed\\Log',400,'',NULL),(34,'',0,0,'','admin.center','admin','XLite\\View\\Upgrade\\Step\\Completed\\EntriesList',300,'',NULL),(35,'',0,0,'','admin.center','admin','XLite\\View\\Upgrade\\Step\\Prepare\\StatusMessages',0,'',NULL),(36,'',0,0,'','admin.center','admin','XLite\\View\\Upgrade\\Step\\Prepare\\Buttons',300,'',NULL),(37,'',0,0,'','admin.center','admin','XLite\\View\\Upgrade\\Step\\Prepare\\EntriesList',100,'',NULL),(38,'',0,0,'','admin.center','admin','XLite\\View\\Upgrade\\Step\\Prepare\\PremiumLicenseModules',1,'',NULL),(39,'',0,0,'','admin.center','admin','XLite\\View\\Upgrade\\Step\\Prepare\\UpgradeDisallowed',1,'',NULL),(40,'',0,0,'','admin.center','admin','XLite\\View\\Upgrade\\Step\\ReadyToInstall\\StatusMessages',0,'',NULL),(41,'',0,0,'','admin.center','admin','XLite\\View\\Upgrade\\Step\\ReadyToInstall\\Buttons',100,'',NULL),(42,'',0,0,'','admin.center','admin','XLite\\View\\Upgrade\\EmptyCells',100,'',NULL),(43,'',0,0,'','admin.center','admin','XLite\\View\\Upgrade\\Tabber',1000,'',NULL),(44,'',0,0,'','center','customer','XLite\\View\\Order',16777215,'',NULL),(45,'',0,0,'','center','customer','XLite\\View\\Cart',16777215,'',NULL),(46,'',0,0,'','order','admin','XLite\\View\\OrderHistory',150,'',NULL),(47,'',0,0,'','admin.center','admin','XLite\\View\\ActivateFreeLicense',16777215,'',NULL),(48,'',0,0,'','admin.center','admin','XLite\\View\\Shipping\\EditMethod',16777215,'',NULL),(49,'',0,0,'','admin.center','admin','XLite\\View\\Shipping\\AddMethod',16777215,'',NULL),(50,'',0,0,'','center','customer','XLite\\View\\Checkout',16777215,'',NULL),(51,'',0,0,'','invoice.item.name','customer','XLite\\View\\InvoiceAttributeValues',50,'',NULL),(52,'',0,0,'','invoice.item.name','admin','XLite\\View\\InvoiceAttributeValues',20,'',NULL),(53,'',0,0,'','invoice.item.name','mail','XLite\\View\\InvoiceAttributeValues',50,'',NULL),(54,'',0,0,'','invoice.item.name','pdf','XLite\\View\\InvoiceAttributeValues',20,'',NULL),(55,'',0,0,'','order.items.item.name','admin','XLite\\View\\InvoiceAttributeValues',20,'',NULL),(56,'',0,0,'','cli.center','console','XLite\\View\\Console\\Main',16777215,'',NULL),(57,'',0,0,'','cli.center','console','XLite\\View\\Console\\Error',16777215,'',NULL),(58,'',0,0,'','cli.center','console','XLite\\View\\Console\\Db',16777215,'',NULL),(59,'',0,0,'','admin.center','admin','XLite\\View\\SalesCalculation\\Progress',16777215,'',NULL),(61,'',0,0,'','minicart.vertical.item','customer','XLite\\View\\MinicartAttributeValues',30,'',NULL),(62,'',0,0,'','admin.center','admin','XLite\\View\\RecoverPasswordAdmin',16777215,'',NULL),(63,'',0,0,'','admin.center','admin','XLite\\View\\LanguagesModify\\LanguageImport',16777215,'',NULL),(64,'',0,0,'','admin.main.page.header','admin','XLite\\View\\StorefrontStatus',40,'',NULL),(65,'',0,0,'','admin.center','admin','XLite\\View\\MembershipsQuickData\\Main',16777215,'',NULL),(66,'',0,0,'','dashboard-sidebar','admin','XLite\\View\\BenchmarkSummary',300,'',NULL),(67,'',0,0,'','layout.main','customer','XLite\\View\\CategoryBanner',350,'',NULL),(68,'',0,0,'','layout.main.breadcrumb','customer','XLite\\View\\Location',100,'',NULL),(69,'',0,0,'','import.completed.content','admin','XLite\\View\\Import\\Warnings',1000,'',NULL),(70,'',0,0,'','admin.center','admin','XLite\\View\\Page\\PaymentTransaction',16777215,'',NULL),(71,'',0,0,'','admin.center','admin','XLite\\View\\Page\\Admin\\Export',16777215,'',NULL),(72,'',0,0,'','admin.center','admin','XLite\\View\\Page\\Admin\\Import',16777215,'',NULL),(73,'',0,0,'','admin.center','admin','XLite\\View\\Page\\Layout',16777215,'',NULL),(74,'',0,0,'','admin.center','admin','XLite\\View\\Page\\Images',16777215,'',NULL),(75,'',0,0,'','admin.center','admin','XLite\\View\\Page\\Performance',16777215,'',NULL),(76,'',0,0,'','center','customer','XLite\\View\\CheckoutFailed',16777215,'',NULL),(77,'',0,0,'','center','customer','XLite\\View\\ShippingEstimator\\ShippingEstimate',16777215,'',NULL),(79,'',0,0,'','center.bottom','customer','XLite\\View\\Search',100,'',NULL),(80,'',0,0,'','admin.center','admin','XLite\\View\\Tabs\\FrontPage',16777215,'',NULL),(81,'',0,0,'','admin.center','admin','XLite\\View\\Tabs\\Category',16777215,'',NULL),(82,'',0,0,'','admin.center','admin','XLite\\View\\Tabs\\Countries',16777215,'',NULL),(83,'',0,0,'','admin.center','admin','XLite\\View\\Tabs\\AdminProfile',16777215,'',NULL),(84,'',0,0,'','add_payment','admin','XLite\\View\\Tabs\\OnlinePaymentType',10,'',NULL),(85,'',0,0,'','add_shipping','admin','XLite\\View\\Tabs\\ShippingType',10,'',NULL),(86,'',0,0,'','admin.center','admin','XLite\\View\\Tabs\\Taxes',20,'',NULL),(87,'',0,0,'','admin.center','admin','XLite\\View\\Tabs\\ShippingSettings',16777215,'',NULL),(88,'',0,0,'','admin.center','admin','XLite\\View\\Tabs\\CartCheckout',16777215,'',NULL),(89,'',0,0,'','admin.center','admin','XLite\\View\\Tabs\\Shipping',16777215,'',NULL),(90,'',0,0,'','admin.center','admin','XLite\\View\\Tabs\\BackupRestore',16777215,'',NULL),(91,'',0,0,'','center','customer','XLite\\View\\Tabs\\Account',16777215,'',NULL),(92,'',0,0,'','admin.center','admin','XLite\\View\\Tabs\\Statistics',16777215,'',NULL),(93,'',0,0,'','admin.center','admin','XLite\\View\\Tabs\\Translations',16777215,'',NULL),(94,'',0,0,'','admin.center','admin','XLite\\View\\Tabs\\Notifications',16777215,'',NULL),(95,'',0,0,'','admin.center','admin','XLite\\View\\Tabs\\Localization',16777215,'',NULL),(96,'',0,0,'','admin.center','admin','XLite\\View\\Tabs\\PaymentSettings',16777215,'',NULL),(97,'',0,0,'','admin.center','admin','XLite\\View\\Dashboard',16777215,'',NULL),(98,'',0,0,'','admin.center','admin','XLite\\View\\RecentLogin',16777215,'',NULL),(99,'',0,0,'','admin.center','admin','XLite\\View\\Model\\Profile\\ForceChangePassword',16777215,'',NULL),(100,'',0,0,'','center','customer','XLite\\View\\RecoverPassword',16777215,'',NULL),(101,'',0,0,'','center','customer','XLite\\View\\BackFromPayment',16777215,'',NULL),(102,'',0,0,'','dashboard-center','admin','XLite\\View\\AdminWelcome',50,'',NULL),(103,'',0,0,'','admin.center','admin','XLite\\View\\CacheManagement',16777215,'',NULL),(104,'',0,0,'','center','customer','XLite\\View\\AccessDenied',16777215,'',NULL),(105,'',0,0,'','center','customer','XLite\\View\\SelectAddress',16777215,'',NULL),(106,'',0,0,'','body','customer','XLite\\View\\JSContainer',999999,'',NULL),(107,'',0,0,'','body','admin','XLite\\View\\JSContainer',10,'',NULL),(108,'',0,0,'','admin.center','admin','XLite\\View\\AttributeOption',16777215,'',NULL),(109,'',0,0,'','product.details.page.image.photo','customer','XLite\\View\\Product\\Details\\Customer\\Image',10,'',NULL),(110,'',0,0,'','product.details.quicklook.image','customer','XLite\\View\\Product\\Details\\Customer\\Image',10,'',NULL),(111,'',0,0,'','center','customer','XLite\\View\\Product\\Details\\Customer\\Page\\Main',16777215,'',NULL),(112,'',0,0,'','center','customer','XLite\\View\\Product\\Details\\Customer\\Page\\QuickLook',16777215,'',NULL),(115,'',0,0,'','admin.center','admin','XLite\\View\\AttributeGroup',16777215,'',NULL),(116,'',0,0,'','layout.slidebar','customer','XLite\\View\\Slidebar',10,'',NULL),(117,'',0,0,'','layout.main','customer','XLite\\View\\TopMessage',100,'',NULL),(118,'',0,0,'','admin.center','admin','XLite\\View\\RemoveData',16777215,'',NULL),(121,'',0,0,'','header.language.menu','customer','XLite\\View\\LanguageSelector\\Customer',100,'',NULL),(122,'',0,0,'','admin.center','admin','XLite\\View\\FileSelectorDialog',16777215,'',NULL),(123,'',0,0,'','dashboard-sidebar','admin','XLite\\View\\RSS\\RSSLazyLoad',400,'',NULL),(124,'',0,0,'','body','customer','XLite\\View\\Content',100,'',NULL),(125,'',0,0,'','body','admin','XLite\\View\\Content',100,'',NULL),(126,'',0,0,'','center','customer','XLite\\View\\CheckoutSuccess',16777215,'',NULL),(127,'',0,0,'','admin.main.page.content.left','admin','XLite\\View\\Menu\\Admin\\LeftMenu',100,'',NULL),(128,'',0,0,'','admin.main.page.header.right','admin','XLite\\View\\Menu\\Admin\\TopLinks',200,'',NULL),(129,'',0,0,'','slidebar.menu','customer','XLite\\View\\Menu\\Customer\\Top',50,'',NULL),(130,'',0,0,'','header.menu','customer','XLite\\View\\Menu\\Customer\\Top',50,'',NULL),(131,'',0,0,'','layout.main.footer','customer','XLite\\View\\Menu\\Customer\\Footer',100,'',NULL),(132,'',0,0,'','center','customer','XLite\\View\\ChangeAttributeValues',16777215,'',NULL),(133,'',0,0,'','layout.header.categories','customer','XLite\\View\\TopCategoriesSlidebar',10,'',NULL),(134,'',0,0,'','layout.header.mobile','customer','XLite\\View\\MobileHeader',100,'',NULL),(135,'',0,0,'','center.bottom','customer','XLite\\View\\Subcategories',100,'',NULL),(136,'',0,0,'','admin.center','admin','XLite\\View\\Accounting',16777215,'',NULL),(137,'',0,0,'','admin.center','admin','XLite\\View\\ProductSelections',16777215,'',NULL),(138,'',0,0,'','admin.center','admin','XLite\\View\\Payment\\Method',16777215,'',NULL),(139,'',0,0,'','center','customer','XLite\\View\\Payment\\Iframe',16777215,'',NULL),(140,'',0,0,'','admin.center','admin','XLite\\View\\Payment\\AddMethod',16777215,'',NULL),(141,'',0,0,'','admin.main.page.header','admin','XLite\\View\\CoreVersion',20,'',NULL),(142,'',0,0,'','main','admin','XLite\\View\\AdminPanel',100,'',NULL),(143,'',0,0,'','center','customer','XLite\\View\\Authorization',16777215,'',NULL),(145,'',0,0,'','admin.main.page.header_wrapper','admin','XLite\\View\\UpgradeTopBox',1000,'',NULL),(146,'',0,0,'','admin.center','admin','XLite\\View\\Order\\Search\\Search',16777215,'',NULL),(147,'',0,0,'','order.actions','admin','XLite\\View\\Order\\Actions',200,'',NULL),(148,'',0,0,'','order.details.payment_actions','admin','XLite\\View\\Order\\Details\\Admin\\PaymentActionsUnit',16777215,'',NULL),(149,'',0,0,'','order.children','customer','XLite\\View\\Invoice',30,'',NULL),(150,'',0,0,'','center','customer','XLite\\View\\CheckoutCanceled',16777215,'',NULL),(151,'',0,0,'','orders.panel','customer','XLite\\View\\Sort\\Order',20,'',NULL),(152,'',0,0,'','center','customer','XLite\\View\\InvoicePage',16777215,'',NULL),(153,'',0,0,'','admin.main.page.header.right','admin','XLite\\View\\HeaderSearch',100,'',NULL),(154,'',0,0,'','checkout.review.surcharge.info','customer','XLite\\View\\SurchargeInfo\\CODSurchargeInfo',10,'',NULL),(155,'',0,0,'','taxes.top.section','admin','XLite\\View\\TaxBannerAlert',10,'',NULL),(156,'',0,0,'','admin.main.page.header','admin','XLite\\View\\QueryMarketplace',300,'',NULL),(157,'',0,0,'','order.children','customer','XLite\\View\\PackingSlip',30,'',NULL),(158,'',0,0,'','admin.main.page.header','admin','XLite\\View\\ActivateTopBox',60,'',NULL),(159,'',0,0,'','center','customer','XLite\\View\\Terms',16777215,'',NULL),(160,'',0,0,'','admin.center','admin','XLite\\View\\BrowseServer',16777215,'',NULL),(161,'',0,0,'','admin.center','admin','XLite\\View\\ProductClass',16777215,'',NULL),(162,'',0,0,'','admin.center','admin','XLite\\View\\CommonResources',16777215,'',NULL),(163,'',0,0,'','layout.main','customer','XLite\\View\\CommonResources',16777215,'',NULL),(164,'',0,0,'','tabs.items','admin','XLite\\View\\Button\\OperateAsThisUser',0,'',NULL),(165,'',0,0,'','page.tabs.after','admin','XLite\\View\\Button\\PrintInvoice',200,'',NULL),(166,'',0,0,'','install-modules.pager.buttons','admin','XLite\\View\\Button\\Addon\\ActivateLicenseKey',200,'',NULL),(167,'',0,0,'','install-modules.pager.buttons','admin','XLite\\View\\Button\\Addon\\EnterLicenseKey',200,'',NULL),(168,'',0,0,'','modules.pager.buttons','admin','XLite\\View\\Button\\AllAddons',100,'',NULL),(169,'',0,0,'','tabs.items','admin','XLite\\View\\Button\\TerminateProfileSessions',100,'',NULL),(170,'',0,0,'','tabs.items','admin','XLite\\View\\Button\\LoginAsAdmin',0,'',NULL),(171,'',0,0,'','page.tabs.after','admin','XLite\\View\\Button\\PrintPackingSlip',100,'',NULL),(172,'',0,0,'','layout.main.breadcrumb','admin','XLite\\View\\AdminLocation',100,'',NULL),(173,'',0,0,'','admin.center','admin','XLite\\View\\ModulesManager\\UploadAddons',16777215,'',NULL),(174,'',0,0,'','admin.center','admin','XLite\\View\\ModulesManager\\Install',16777215,'',NULL),(175,'',0,0,'','admin.center','admin','XLite\\View\\ModulesManager\\ModuleWarnings',16777215,'',NULL),(176,'',0,0,'','admin.center','admin','XLite\\View\\ModulesManager\\KeysNotice',0,'',NULL),(177,'',0,0,'','admin.center','admin','XLite\\View\\ModulesManager\\ModuleLicense',16777215,'',NULL),(178,'',0,0,'','admin.center','admin','XLite\\View\\ModulesManager\\Manage',16777215,'',NULL),(179,'',0,0,'','admin.center','admin','XLite\\View\\ModulesManager\\LicenseKey',16777215,'',NULL),(180,'',0,0,'','admin.center','admin','XLite\\View\\ModulesManager\\TrialNotice',0,'',NULL),(181,'',0,0,'','admin.center','admin','XLite\\View\\ModulesManager\\AddonKey',16777215,'',NULL),(182,'',0,0,'','itemsList.module.manage.columns.module-main-section.actions','admin','XLite\\View\\ModulesManager\\Action\\Main',10,'',NULL),(183,'',0,0,'','itemsList.module.manage.columns.module-main-section.actions','admin','XLite\\View\\ModulesManager\\Action\\Uninstall',100,'',NULL),(184,'',0,0,'','itemsList.module.manage.columns.module-main-section.actions','admin','XLite\\View\\ModulesManager\\Action\\ManageLayout',17,'',NULL),(185,'',0,0,'','itemsList.module.manage.columns.module-main-section.actions','admin','XLite\\View\\ModulesManager\\Action\\Settings',15,'',NULL),(186,'',0,0,'','itemsList.module.manage.columns.module-main-section.actions','admin','XLite\\View\\ModulesManager\\Action\\Pack',30,'',NULL),(187,'',0,0,'','itemsList.module.manage.columns.module-main-section.actions','admin','XLite\\View\\ModulesManager\\Action\\Upgrade',25,'',NULL),(188,'',0,0,'','admin.center','admin','XLite\\View\\ModulesManager\\InstallationType',16777215,'',NULL),(189,'',0,0,'','admin.center','admin','XLite\\View\\HttpsSettings',16777215,'',NULL),(191,'',0,0,'','checkout.main','customer','XLite\\View\\Checkout\\Steps',200,'',NULL),(192,'',0,0,'','checkout.review.selected.placeOrder','customer','XLite\\View\\Checkout\\Payment',100,'',NULL),(193,'',0,0,'','checkout.shipping.selected.sub.payment','customer','XLite\\View\\Checkout\\PaymentMethodsList',300,'',NULL),(194,'',0,0,'','checkout.review.selected','customer','XLite\\View\\Checkout\\CartItems',10,'',NULL),(195,'',0,0,'','admin.center','admin','XLite\\View\\Tabber',1000,'',NULL),(196,'',0,0,'','layout.header.right','customer','XLite\\View\\Minicart',100,'',NULL),(197,'',0,0,'','admin.center','admin','XLite\\View\\Promotions',16777215,'',NULL),(198,'',0,0,'','center','customer','XLite\\View\\AccessControl',16777215,'',NULL),(199,'',0,0,'','sidebar.footer','customer','XLite\\View\\PoweredBy',16777215,'',NULL),(200,'',0,0,'','social.login.buttons','customer','XLite\\Module\\Amazon\\PayWithAmazon\\View\\Login\\AmazonButton',20,'',NULL),(201,'',0,0,'','center','customer','XLite\\Module\\Amazon\\PayWithAmazon\\View\\AmazonCheckout',16777215,'',NULL),(202,'',0,0,'','center.top','customer','XLite\\Module\\Amazon\\PayWithAmazon\\View\\CheckoutButton',100,'',NULL),(203,'',0,0,'','center.bottom','customer','XLite\\Module\\CDev\\Bestsellers\\View\\Bestsellers',400,'',NULL),(204,'',0,0,'','center','customer','XLite\\Module\\CDev\\Bestsellers\\View\\BestsellersPage',16777215,'',NULL),(205,'',0,0,'','center','customer','XLite\\Module\\CDev\\ContactUs\\View\\ContactUs',16777215,'',NULL),(206,'',0,0,'','admin.center','admin','XLite\\Module\\CDev\\Coupons\\View\\Coupon',16777215,'',NULL),(207,'',0,0,'','coupons.itemsList.footer','admin','XLite\\Module\\CDev\\Coupons\\View\\Panel\\Coupons',16777215,'',NULL),(208,'',0,0,'','cart.panel.box','customer','XLite\\Module\\CDev\\Coupons\\View\\CartCoupons',200,'',NULL),(210,'',0,0,'','checkout_fastlane.sections.details','customer','XLite\\Module\\CDev\\Coupons\\View\\CartCoupons',200,'',NULL),(211,'',0,0,'','admin.center','admin','XLite\\Module\\CDev\\FeaturedProducts\\View\\FProducts',16777215,'',NULL),(212,'',0,0,'','admin.center','admin','XLite\\Module\\CDev\\FeaturedProducts\\View\\ProductSelections',16777215,'',NULL),(213,'',0,0,'','center.bottom','customer','XLite\\Module\\CDev\\FeaturedProducts\\View\\Customer\\FeaturedProducts',300,'',NULL),(214,'',0,0,'','body','customer','XLite\\Module\\CDev\\GoSocial\\View\\ExternalSDK\\Facebook',999998,'',NULL),(215,'',0,0,'','product.modify.list','admin','XLite\\Module\\CDev\\GoSocial\\View\\ProductModify',1015,'',NULL),(216,'',0,0,'','product.details.page.tab.comments','customer','XLite\\Module\\CDev\\GoSocial\\View\\FacebookComments',16777215,'',NULL),(217,'',0,0,'','buttons.share','customer','XLite\\Module\\CDev\\GoSocial\\View\\Button\\Tweet',200,'',NULL),(218,'',0,0,'','buttons.share','customer','XLite\\Module\\CDev\\GoSocial\\View\\Button\\Facebook',100,'',NULL),(219,'',0,0,'','buttons.share','customer','XLite\\Module\\CDev\\GoSocial\\View\\Button\\Pinterest',400,'',NULL),(220,'',0,0,'','buttons.share','customer','XLite\\Module\\CDev\\GoSocial\\View\\Button\\GooglePlus',300,'',NULL),(221,'',0,0,'','buttons.share','customer','XLite\\Module\\CDev\\GoSocial\\View\\Button\\FacebookLike',50,'',NULL),(222,'',0,0,'','layout.footer','customer','XLite\\Module\\CDev\\GoogleAnalytics\\View\\GAActions',16777215,'',NULL),(223,'',0,0,'','body','admin','XLite\\Module\\CDev\\GoogleAnalytics\\View\\GAActions',16777215,'',NULL),(224,'',0,0,'','head','customer','XLite\\Module\\CDev\\GoogleAnalytics\\View\\Header\\Traditional',16777215,'',NULL),(225,'',0,0,'','head','customer','XLite\\Module\\CDev\\GoogleAnalytics\\View\\Header\\Universal',16777215,'',NULL),(226,'',0,0,'','head','admin','XLite\\Module\\CDev\\GoogleAnalytics\\View\\Header\\Universal',16777215,'',NULL),(227,'',0,0,'','tabs.content','admin','XLite\\Module\\CDev\\GoogleAnalytics\\View\\TabberLink',16777215,'',NULL),(228,'',0,0,'','admin.center','admin','XLite\\Module\\CDev\\Moneybookers\\View\\MoneybookersSettings',16777215,'',NULL),(229,'',0,0,'','social.login.buttons','customer','XLite\\Module\\CDev\\Paypal\\View\\Login\\PaypalButton',20,'',NULL),(230,'',0,0,'','admin.center','admin','XLite\\Module\\CDev\\Paypal\\View\\Tabs\\Settings',16777215,'',NULL),(231,'',0,0,'','dashboard-center','admin','XLite\\Module\\CDev\\Paypal\\View\\AdminWelcome',20,'',NULL),(232,'',0,0,'','cart.panel.totals','customer','XLite\\Module\\CDev\\Paypal\\View\\Button\\Cart\\ExpressCheckout',100,'',NULL),(233,'',0,0,'','cart.panel.totals','customer','XLite\\Module\\CDev\\Paypal\\View\\Button\\Cart\\PaypalCredit',200,'',NULL),(234,'',0,0,'','cart.panel.totals','customer','XLite\\Module\\CDev\\Paypal\\View\\Button\\Cart\\ButtonsSeparator',90,'',NULL),(235,'',0,0,'','minicart.horizontal.buttons','customer','XLite\\Module\\CDev\\Paypal\\View\\Button\\Minicart\\ExpressCheckout',100,'',NULL),(236,'',0,0,'','minicart.horizontal.buttons','customer','XLite\\Module\\CDev\\Paypal\\View\\Button\\Minicart\\PaypalCredit',200,'',NULL),(237,'',0,0,'','minicart.horizontal.buttons','customer','XLite\\Module\\CDev\\Paypal\\View\\Button\\Minicart\\ButtonsSeparator',90,'',NULL),(238,'',0,0,'','center.bottom','customer','XLite\\Module\\CDev\\ProductAdvisor\\View\\ViewedBought',800,'',NULL),(239,'',0,0,'','sidebar.single','customer','XLite\\Module\\CDev\\ProductAdvisor\\View\\NewArrivals',160,'',NULL),(240,'',0,0,'','sidebar.second','customer','XLite\\Module\\CDev\\ProductAdvisor\\View\\NewArrivals',110,'',NULL),(241,'',0,0,'','center','customer','XLite\\Module\\CDev\\ProductAdvisor\\View\\ComingSoonPage',16777215,'',NULL),(242,'',0,0,'','sidebar.single','customer','XLite\\Module\\CDev\\ProductAdvisor\\View\\ComingSoon',170,'',NULL),(243,'',0,0,'','sidebar.second','customer','XLite\\Module\\CDev\\ProductAdvisor\\View\\ComingSoon',120,'',NULL),(244,'',0,0,'','center.bottom','customer','XLite\\Module\\CDev\\ProductAdvisor\\View\\BoughtBought',700,'',NULL),(245,'',0,0,'','center.bottom','customer','XLite\\Module\\CDev\\ProductAdvisor\\View\\RecentlyViewed',500,'',NULL),(246,'',0,0,'','center','customer','XLite\\Module\\CDev\\ProductAdvisor\\View\\NewArrivalsPage',16777215,'',NULL),(247,'',0,0,'','center','customer','XLite\\Module\\CDev\\Sale\\View\\SalePage',16777215,'',NULL),(248,'',0,0,'','admin.center','admin','XLite\\Module\\CDev\\Sale\\View\\SaleSelectedDialog',16777215,'',NULL),(249,'',0,0,'','sidebar.single','customer','XLite\\Module\\CDev\\Sale\\View\\SaleBlock',170,'',NULL),(250,'',0,0,'','sidebar.first','customer','XLite\\Module\\CDev\\Sale\\View\\SaleBlock',130,'',NULL),(251,'',0,0,'','center','customer','XLite\\Module\\CDev\\SimpleCMS\\View\\CustomerPage',16777215,'',NULL),(252,'',0,0,'','admin.center','admin','XLite\\Module\\CDev\\SimpleCMS\\View\\ItemsList\\Model\\Page',16777215,'',NULL),(253,'',0,0,'','admin.center','admin','XLite\\Module\\CDev\\SimpleCMS\\View\\Page\\LogoFavicon',16777215,'',NULL),(254,'',0,0,'','admin.main.page.content.center','admin','XLite\\Module\\CDev\\SimpleCMS\\View\\MenuFormattedPath',7,'',NULL),(255,'',0,0,'','admin.center','admin','XLite\\Module\\CDev\\SimpleCMS\\View\\Page',16777215,'',NULL),(256,'',0,0,'','social.login.buttons','customer','XLite\\Module\\CDev\\SocialLogin\\View\\FacebookButton',10,'',NULL),(257,'',0,0,'','social.login.buttons','customer','XLite\\Module\\CDev\\SocialLogin\\View\\GoogleButton',10,'',NULL),(258,'',0,0,'','admin.center','admin','XLite\\Module\\CDev\\UserPermissions\\View\\Roles',16777215,'',NULL),(259,'',0,0,'','admin.center','admin','XLite\\Module\\CDev\\UserPermissions\\View\\Role',16777215,'',NULL),(260,'',0,0,'','checkout.review.selected','customer','XLite\\Module\\CDev\\VolumeDiscounts\\View\\CheckoutPromo',14,'',NULL),(261,'',0,0,'','checkout.review.inactive','customer','XLite\\Module\\CDev\\VolumeDiscounts\\View\\CheckoutPromo',14,'',NULL),(262,'',0,0,'','cart.panel.totals','customer','XLite\\Module\\CDev\\VolumeDiscounts\\View\\CartPromo',100,'',NULL),(263,'',0,0,'','admin.center','admin','XLite\\Module\\CDev\\XMLSitemap\\View\\Admin\\SitemapTabs',16777215,'',NULL),(264,'',0,0,'','admin.center','admin','XLite\\Module\\CDev\\XPaymentsConnector\\View\\PopupAddInfo',16777215,'',NULL),(265,'',0,0,'','admin.center','admin','XLite\\Module\\CDev\\XPaymentsConnector\\View\\PopupSavedCards',16777215,'',NULL),(266,'',0,0,'','center','customer','XLite\\Module\\CDev\\XPaymentsConnector\\View\\AddNewCard',16777215,'',NULL),(267,'',0,0,'','center','admin','XLite\\Module\\CDev\\XPaymentsConnector\\View\\SavedCards',16777215,'',NULL),(268,'',0,0,'','center','customer','XLite\\Module\\CDev\\XPaymentsConnector\\View\\XpcPopup',16777215,'',NULL),(269,'',0,0,'','admin.center','admin','XLite\\Module\\CDev\\XPaymentsConnector\\View\\AdminAddNewCard',16777215,'',NULL),(270,'',0,0,'','sidebar.single','customer','XLite\\Module\\QSL\\CloudSearch\\View\\CloudFilters\\FiltersBoxPlaceholder',110,'',NULL),(271,'',0,0,'','sidebar.first','customer','XLite\\Module\\QSL\\CloudSearch\\View\\CloudFilters\\FiltersBoxPlaceholder',110,'',NULL),(272,'',0,0,'','center','customer','XLite\\Module\\QSL\\SpecialOffersBase\\View\\SpecialOfferPage',16777215,'',NULL),(273,'',0,0,'','center.bottom','customer','XLite\\Module\\QSL\\SpecialOffersBase\\View\\ItemsList\\Promotions\\ProductOffers',105,'',NULL),(274,'',0,0,'','center','customer','XLite\\Module\\QSL\\SpecialOffersBase\\View\\ItemsList\\Promotions\\SpecialOffersPage',16777215,'',NULL),(275,'',0,0,'','center.bottom','customer','XLite\\Module\\QSL\\SpecialOffersBase\\View\\ItemsList\\Promotions\\HomeOffers',105,'',NULL),(276,'',0,0,'','center.bottom','customer','XLite\\Module\\QSL\\SpecialOffersBase\\View\\ItemsList\\Promotions\\CategoryOffers',105,'',NULL),(277,'',0,0,'','admin.center','admin','XLite\\Module\\QSL\\SpecialOffersBase\\View\\Page\\SpecialOffer',16777215,'',NULL),(278,'',0,0,'','admin.center','admin','XLite\\Module\\QSL\\SpecialOffersBase\\View\\Page\\SpecialOffers',16777215,'',NULL),(279,'',0,0,'','admin.center','admin','XLite\\Module\\XC\\BulkEditing\\View\\FormModel\\Product',16777215,'',NULL),(280,'',0,0,'','center','customer','XLite\\Module\\XC\\CanadaPost\\View\\TrackingDetails',16777215,'',NULL),(281,'',0,0,'','admin.center','admin','XLite\\Module\\XC\\CanadaPost\\View\\TrackingDetails',16777215,'',NULL),(282,'',0,0,'','admin.center','admin','XLite\\Module\\XC\\CanadaPost\\View\\ProductsReturns',16777215,'',NULL),(283,'',0,0,'','admin.center','admin','XLite\\Module\\XC\\CanadaPost\\View\\ProductsReturn',16777215,'',NULL),(284,'',0,0,'','invoice.bottom','customer','XLite\\Module\\XC\\CanadaPost\\View\\Invoice\\DeliveryToPost',15,'',NULL),(285,'',0,0,'','invoice.bottom','customer','XLite\\Module\\XC\\CanadaPost\\View\\Invoice\\Tracking',25,'',NULL),(286,'',0,0,'','center','customer','XLite\\Module\\XC\\CanadaPost\\View\\ReturnProducts',16777215,'',NULL),(287,'',0,0,'','checkout.shipping.selected.sub.payment','customer','XLite\\Module\\XC\\CanadaPost\\View\\Checkout\\PostOfficesList',210,'',NULL),(288,'',0,0,'','layout.header.right','customer','XLite\\Module\\XC\\CrispWhiteSkin\\View\\HeaderSettings',30,'',NULL),(289,'',0,0,'','itemsList.product.grid.customer.header','customer','XLite\\Module\\XC\\CrispWhiteSkin\\View\\FiltersMobile',40,'',NULL),(290,'',0,0,'','itemsList.product.list.customer.header','customer','XLite\\Module\\XC\\CrispWhiteSkin\\View\\FiltersMobile',40,'',NULL),(291,'',0,0,'','itemsList.product.table.customer.header','customer','XLite\\Module\\XC\\CrispWhiteSkin\\View\\FiltersMobile',40,'',NULL),(292,'',0,0,'','product.details.page.image','customer','XLite\\Module\\XC\\CrispWhiteSkin\\View\\Product\\Details\\Customer\\GalleryMobile',11,'',NULL),(293,'',0,0,'','layout.header.bar.locale.menu','customer','XLite\\Module\\XC\\CrispWhiteSkin\\View\\LanguageSelector\\WrapperSingle',30,'',NULL),(294,'',0,0,'','slidebar.settings','customer','XLite\\Module\\XC\\CrispWhiteSkin\\View\\LanguageSelector\\Wrapper',200,'',NULL),(295,'',0,0,'','layout.header.right.settings','customer','XLite\\Module\\XC\\CrispWhiteSkin\\View\\LanguageSelector\\Wrapper',200,'',NULL),(296,'',0,0,'','layout.header.bar','customer','XLite\\Module\\XC\\CrispWhiteSkin\\View\\LanguageSelector\\LocaleIndicator',80,'',NULL),(297,'',0,0,'','admin.center','admin','XLite\\Module\\XC\\CustomProductTabs\\View\\ProductTabs',16777215,'',NULL),(298,'',0,0,'','admin.center','admin','XLite\\Module\\XC\\CustomProductTabs\\View\\ProductTab',16777215,'',NULL),(299,'',0,0,'','center','customer','XLite\\Module\\XC\\FastLaneCheckout\\View\\CheckoutFastlane',16777215,'',NULL),(300,'',0,0,'','checkout_fastlane','customer','XLite\\Module\\XC\\FastLaneCheckout\\View\\Blocks\\AddressMetadata',99999,'',NULL),(301,'',0,0,'','checkout_fastlane','customer','XLite\\Module\\XC\\FastLaneCheckout\\View\\Blocks\\AddressForm\\BillingMetadata',99999,'',NULL),(302,'',0,0,'','checkout_fastlane','customer','XLite\\Module\\XC\\FastLaneCheckout\\View\\Blocks\\AddressForm\\ShippingMetadata',99999,'',NULL),(303,'',0,0,'','admin.center','admin','XLite\\Module\\XC\\MailChimp\\View\\ItemsList\\Model\\MailChimpGroupNames',16777215,'',NULL),(304,'',0,0,'','admin.center','admin','XLite\\Module\\XC\\MailChimp\\View\\ItemsList\\Model\\MailChimpGroup',16777215,'',NULL),(305,'',0,0,'','admin.center','admin','XLite\\Module\\XC\\MailChimp\\View\\Tabs\\Settings',16777215,'',NULL),(306,'',0,0,'','admin.center','admin','XLite\\Module\\XC\\MailChimp\\View\\MailChimpSegments',200,'',NULL),(307,'',0,0,'','admin.center','admin','XLite\\Module\\XC\\MailChimp\\View\\MailChimpLists',200,'',NULL),(308,'',0,0,'','crud.modulesettings.header','admin','XLite\\Module\\XC\\MailChimp\\View\\Settings\\MailChimpHeader',100,'',NULL),(309,'',0,0,'','admin.center','admin','XLite\\Module\\XC\\MailChimp\\View\\MailChimpSegment',200,'',NULL),(310,'',0,0,'','center','customer','XLite\\Module\\XC\\News\\View\\Page\\Customer\\NewsMessages',16777215,'',NULL),(311,'',0,0,'','center','customer','XLite\\Module\\XC\\News\\View\\Page\\Customer\\NewsMessage',16777215,'',NULL),(312,'',0,0,'','admin.center','admin','XLite\\Module\\XC\\News\\View\\NewsMessages',16777215,'',NULL),(313,'',0,0,'','sidebar.single','customer','XLite\\Module\\XC\\News\\View\\TopNewsSideBar',16777215,'',NULL),(314,'',0,0,'','sidebar.first','customer','XLite\\Module\\XC\\News\\View\\TopNewsSideBar',16777215,'',NULL),(315,'',0,0,'','admin.center','admin','XLite\\Module\\XC\\News\\View\\NewsMessage',16777215,'',NULL),(316,'',0,0,'','admin.center','admin','XLite\\Module\\XC\\NewsletterSubscriptions\\View\\ItemsList\\Subscribers',16777215,'',NULL),(318,'',0,0,'','admin.center','admin','XLite\\Module\\XC\\NewsletterSubscriptions\\View\\MailChimpPlaceholder',0,'',NULL),(320,'',0,0,'','head','customer','XLite\\Module\\XC\\NextPreviousProduct\\View\\Initialization',1305,'',NULL),(321,'',0,0,'','center.bottom','customer','XLite\\Module\\XC\\ProductFilter\\View\\ItemsList\\Product\\Customer\\Category\\CategoryFilter',200,'',NULL),(322,'',0,0,'','sidebar.filter','customer','XLite\\Module\\XC\\ProductFilter\\View\\Filter\\Attributes',300,'',NULL),(323,'',0,0,'','sidebar.filter','customer','XLite\\Module\\XC\\ProductFilter\\View\\Filter\\InStockOnly',200,'',NULL),(324,'',0,0,'','sidebar.filter','customer','XLite\\Module\\XC\\ProductFilter\\View\\Filter\\PriceRange',100,'',NULL),(325,'',0,0,'','sidebar.single','customer','XLite\\Module\\XC\\ProductFilter\\View\\Filter',110,'',NULL),(326,'',0,0,'','sidebar.first','customer','XLite\\Module\\XC\\ProductFilter\\View\\Filter',110,'',NULL),(327,'',0,0,'','admin.center','admin','XLite\\Module\\XC\\Reviews\\View\\ItemsList\\Model\\Review',16777215,'',NULL),(328,'',0,0,'','admin.center','admin','XLite\\Module\\XC\\Reviews\\View\\Review',16777215,'',NULL),(329,'',0,0,'','product.details.page.tab.reviews','customer','XLite\\Module\\XC\\Reviews\\View\\Product\\ReviewsTab',16777215,'',NULL),(330,'',0,0,'','center','customer','XLite\\Module\\XC\\Reviews\\View\\Customer\\ProductReviews',16777215,'',NULL),(331,'',0,0,'','product.reviews.tab','customer','XLite\\Module\\XC\\Reviews\\View\\Customer\\ReviewsTab',300,'',NULL),(332,'',0,0,'','center','customer','XLite\\Module\\XC\\Sitemap\\View\\Page\\Customer\\Map',16777215,'',NULL),(333,'',0,0,'','layout.main','customer','XLite\\Module\\XC\\ThemeTweaker\\View\\LayoutEditorPanel',0,'',NULL),(334,'',0,0,'','admin.center','admin','XLite\\Module\\XC\\ThemeTweaker\\View\\ThemeTweakerTemplates',16777215,'',NULL),(335,'',0,0,'','admin.center','admin','XLite\\Module\\XC\\ThemeTweaker\\View\\Page\\CustomCSS',16777215,'',NULL),(336,'',0,0,'','admin.center','admin','XLite\\Module\\XC\\ThemeTweaker\\View\\Page\\CustomJS',16777215,'',NULL),(337,'',0,0,'','admin.center','admin','XLite\\Module\\XC\\ThemeTweaker\\View\\NotificationEditor',16777215,'',NULL),(338,'',0,0,'','layout.main','customer','XLite\\Module\\XC\\ThemeTweaker\\View\\InlineEditor',0,'',NULL),(339,'',0,0,'','admin.center','admin','XLite\\Module\\XC\\ThemeTweaker\\View\\ThemeTweakerTemplate',16777215,'',NULL),(340,'',0,0,'','admin.center','admin','XLite\\Module\\XC\\ThemeTweaker\\View\\FlexyToTwig',16777215,'',NULL),(341,'',0,0,'','admin.center','admin','XLite\\Module\\XC\\UpdateInventory\\View\\UpdateInventory',16777215,'',NULL),(342,'',0,0,'','center.bottom','customer','XLite\\Module\\XC\\Upselling\\View\\ItemsList\\UpsellingProducts',700,'',NULL),(343,'',0,0,'','admin.center','admin','XLite\\Module\\XC\\Upselling\\View\\ProductSelections',16777215,'',NULL),(344,'',0,0,'','invoice.base.totals.after','pdf','',20,'order/invoice/parts/totals.includedModifiers.twig',NULL),(345,'',0,0,'','invoice.item','pdf','',40,'order/invoice/parts/items/item.total.twig',NULL),(346,'',0,0,'','invoice.item','pdf','',20,'order/invoice/parts/items/item.price.twig',NULL),(347,'',0,0,'','invoice.base.totals.after','customer','',20,'order/invoice/parts/totals.includedModifiers.twig',NULL),(348,'',0,0,'','invoice.item','customer','',40,'order/invoice/parts/items/item.total.twig',NULL),(349,'',0,0,'','invoice.item','customer','',20,'order/invoice/parts/items/item.price.twig',NULL),(350,'',0,0,'','order.status','customer','',20,'order/parts/status.shipping.twig',NULL),(351,'',0,0,'','order.links','customer','',100,'order/parts/link.print.twig',NULL),(352,'',0,0,'','order.children','customer','',20,'order/parts/links.twig',NULL),(353,'',0,0,'','order.status','customer','',10,'order/parts/status.payment.twig',NULL),(354,'',0,0,'','order.children','customer','',10,'order/parts/status.twig',NULL),(355,'',0,0,'','recover.password.fields','customer','',200,'recover_password/parts/form.user.twig',NULL),(356,'',0,0,'','recover.password','customer','',100,'recover_password/parts/note.twig',NULL),(357,'',0,0,'','recover.password','customer','',200,'recover_password/parts/form.twig',NULL),(358,'',0,0,'','recover.password.fields','customer','',300,'recover_password/parts/form.button.twig',NULL),(359,'',0,0,'','recover.password.fields','customer','',100,'recover_password/parts/form.email.twig',NULL),(360,'',0,0,'','customer.signin.links','customer','',200,'authorization/parts/link.forgot.twig',NULL),(361,'',0,0,'','customer.signin.fields','customer','',500,'authorization/parts/field.links.twig',NULL),(362,'',0,0,'','customer.signin.fields','customer','',400,'authorization/parts/field.button.twig',NULL),(363,'',0,0,'','customer.signin.popup.fields','customer','',400,'authorization/parts/field.button.twig',NULL),(364,'',0,0,'','customer.signin.fields','customer','',200,'authorization/parts/field.password.twig',NULL),(365,'',0,0,'','customer.signin.popup.fields','customer','',200,'authorization/parts/field.password.twig',NULL),(366,'',0,0,'','customer.signin.links','customer','',100,'authorization/parts/link.create.twig',NULL),(367,'',0,0,'','customer.signin.links','customer','',200,'authorization/parts/link.bullet.twig',NULL),(368,'',0,0,'','customer.signin.fields','customer','',100,'authorization/parts/field.name.twig',NULL),(369,'',0,0,'','customer.signin.popup.fields','customer','',100,'authorization/parts/field.name.twig',NULL),(370,'',0,0,'','customer.signin.fields','customer','',300,'authorization/parts/field.message.twig',NULL),(371,'',0,0,'','customer.signin.popup.fields','customer','',300,'authorization/parts/field.message.twig',NULL),(372,'',0,0,'','footer','customer','',100,'footer/parts/css_aggrefation.twig',NULL),(373,'',0,0,'','pager.itemsTotal','customer','',20,'pager/parts/items_total.twig',NULL),(374,'',0,0,'','productBlock.info','customer','',100,'product_box/parts/photo.twig',NULL),(375,'',0,0,'','productBlock.info','customer','',400,'product_box/parts/add2cart.twig',NULL),(376,'',0,0,'','orders.children.view_all_items_link','customer','',10,'items_list/order/parts/view_all_items_link.twig',NULL),(377,'',0,0,'','orders.children.spec','customer','',300,'items_list/order/parts/spec.date.twig',NULL),(378,'',0,0,'','orders.children.spec','customer','',500,'items_list/order/parts/spec.total.twig',NULL),(379,'',0,0,'','orders.children.spec','customer','',100,'items_list/order/parts/spec.switcher.twig',NULL),(380,'',0,0,'','orders.children.spec','customer','',200,'items_list/order/parts/spec.number.twig',NULL),(381,'',0,0,'','orders.children.spec','customer','',600,'items_list/order/parts/spec.count.twig',NULL),(382,'',0,0,'','orders.children.spec','customer','',400,'items_list/order/parts/spec.break.twig',NULL),(383,'',0,0,'','itemsList.product.list.customer.body','customer','',40,'items_list/product/center/list/parts/body/body.twig',NULL),(384,'',0,0,'','itemsList.product.list.customer.body','customer','',20,'items_list/product/center/list/parts/body/thumbnail.twig',NULL),(385,'',0,0,'','itemsList.product.table.customer.captions','customer','',40,'items_list/product/parts/table.captions.price.twig',NULL),(389,'',0,0,'','itemsList.product.big_thumbnails.customer.info','customer','',0,'items_list/product/parts/common.drag-n-drop-handle.twig',NULL),(390,'',0,0,'','itemsList.product.table.customer.columns','customer','',50,'items_list/product/parts/common.button-add2cart.twig',NULL),(395,'',0,0,'','itemsList.product.list.customer.photo','customer','',10,'items_list/product/parts/common.product-thumbnail-aligned-top.twig',NULL),(396,'',0,0,'','itemsList.product.small_thumbnails.customer.info','customer','',20,'items_list/product/parts/small-thumbnails.details.twig',NULL),(397,'',0,0,'','itemsList.product.grid.customer.info.photo','customer','',999,'items_list/product/parts/common.quicklook-button.twig',NULL),(398,'',0,0,'','itemsList.product.list.customer.quicklook','customer','',999,'items_list/product/parts/common.quicklook-button.twig',NULL),(399,'',0,0,'','productBlock.info','customer','',999,'items_list/product/parts/common.quicklook-button.twig',NULL),(400,'',0,0,'','itemsList.product.list.customer.info','customer','',30,'items_list/product/parts/common.product-description.twig',NULL),(401,'',0,0,'','itemsList.product.table.customer.captions','customer','',10,'items_list/product/parts/table.captions.sku.twig',NULL),(402,'',0,0,'','itemsList.product.table.customer.captions','customer','',25,'items_list/product/parts/table.captions.labels.twig',NULL),(403,'',0,0,'','itemsList.product.list.customer.info','customer','',1000,'items_list/product/parts/list.button-add2cart.twig',NULL),(404,'',0,0,'','itemsList.product.table.customer.captions','customer','',20,'items_list/product/parts/table.captions.name.twig',NULL),(406,'',0,0,'','itemsList.product.table.customer.captions','customer','',30,'items_list/product/parts/table.captions.qty.twig',NULL),(407,'',0,0,'','itemsList.product.grid.customer.info','customer','',20,'items_list/product/parts/common.product-name.twig',NULL),(409,'',0,0,'','itemsList.product.small_thumbnails.customer.details','customer','',20,'items_list/product/parts/common.product-name.twig',NULL),(410,'',0,0,'','itemsList.product.big_thumbnails.customer.info','customer','',200,'items_list/product/parts/common.product-name.twig',NULL),(411,'',0,0,'','itemsList.product.text_links.customer.info','customer','',100,'items_list/product/parts/common.product-name.twig',NULL),(412,'',0,0,'','productBlock.info','customer','',200,'items_list/product/parts/common.product-name.twig',NULL),(413,'',0,0,'','itemsList.product.table.customer.columns','customer','',10,'items_list/product/parts/common.product-sku.twig',NULL),(414,'',0,0,'','itemsList.product.grid.customer.info','customer','',10,'items_list/product/parts/grid.photo.twig',NULL),(415,'',0,0,'','itemsList.product.small_thumbnails.customer.info','customer','',10,'items_list/product/parts/grid.photo.twig',NULL),(416,'',0,0,'','itemsList.product.big_thumbnails.customer.info','customer','',100,'items_list/product/parts/grid.photo.twig',NULL),(417,'',0,0,'','itemsList.product.table.customer.columns','customer','',20,'items_list/product/parts/common.product-link.twig',NULL),(418,'',0,0,'','itemsList.product.grid.customer.info','customer','',30,'items_list/product/parts/common.product-price.twig',NULL),(419,'',0,0,'','itemsList.product.small_thumbnails.customer.details','customer','',25,'items_list/product/parts/common.product-price.twig',NULL),(420,'',0,0,'','itemsList.product.list.customer.info','customer','',40,'items_list/product/parts/common.product-price.twig',NULL),(421,'',0,0,'','itemsList.product.table.customer.columns','customer','',40,'items_list/product/parts/common.product-price.twig',NULL),(422,'',0,0,'','productBlock.info','customer','',300,'items_list/product/parts/common.product-price.twig',NULL),(423,'',0,0,'','itemsList.product.grid.customer.info','customer','',998,'items_list/product/parts/common.labels.twig',NULL),(425,'',0,0,'','itemsList.product.list.customer.photo','customer','',998,'items_list/product/parts/common.labels.twig',NULL),(426,'',0,0,'','itemsList.product.table.customer.columns','customer','',25,'items_list/product/parts/common.labels.twig',NULL),(427,'',0,0,'','itemsList.product.big_thumbnails.customer.info','customer','',998,'items_list/product/parts/common.labels.twig',NULL),(428,'',0,0,'','productBlock.info.photo','customer','',998,'items_list/product/parts/common.labels.twig',NULL),(429,'',0,0,'','product.details.page.image','customer','',17,'items_list/product/parts/common.labels.twig',NULL),(430,'',0,0,'','itemsList.product.grid.customer.info.photo','customer','',10,'items_list/product/parts/common.product-thumbnail.twig',NULL),(431,'',0,0,'','itemsList.product.small_thumbnails.customer.info.photo','customer','',10,'items_list/product/parts/common.product-thumbnail.twig',NULL),(432,'',0,0,'','itemsList.product.big_thumbnails.customer.info.photo','customer','',10,'items_list/product/parts/common.product-thumbnail.twig',NULL),(433,'',0,0,'','productBlock.info.photo','customer','',100,'items_list/product/parts/common.product-thumbnail.twig',NULL),(435,'',0,0,'','itemsList.product.table.customer.captions','customer','',50,'items_list/product/parts/table.captions.add2cart-button.twig',NULL),(436,'',0,0,'','itemsList.product.table.customer.buttons','customer','',50,'items_list/product/parts/common.button-buy-selected.twig',NULL),(445,'',0,0,'','jscontainer.js','customer','',100,'jscontainer/parts/js.twig',NULL),(446,'',0,0,'','jscontainer.js','customer','',300,'jscontainer/parts/register_resources.twig',NULL),(447,'',0,0,'','jscontainer.js','customer','',200,'jscontainer/parts/js_aggregation.twig',NULL),(449,'',0,0,'','product.details.quicklook.info','customer','',18,'product/details/parts/common.stock.twig',NULL),(450,'',0,0,'','product.details.page','customer','',20,'product/details/parts/page.image.twig',NULL),(451,'',0,0,'','product.details.page.info.buttons-added.cart-buttons','customer','',30,'product/details/parts/common.add-button.twig',NULL),(452,'',0,0,'','product.details.quicklook.info.buttons-added.cart-buttons','customer','',30,'product/details/parts/common.add-button.twig',NULL),(453,'',0,0,'','product.details.page.info.buttons.cart-buttons','customer','',20,'product/details/parts/common.add-button.twig',NULL),(454,'',0,0,'','product.details.quicklook.info.buttons.cart-buttons','customer','',20,'product/details/parts/common.add-button.twig',NULL),(456,'',0,0,'','product.details.page','customer','',40,'product/details/parts/page.tabs.twig',NULL),(457,'',0,0,'','product.details.common.product-attributes.attributes','customer','',10,'product/details/parts/common.product-attributes-list.twig',NULL),(458,'',0,0,'','product.details.page.info','customer','',10,'product/details/parts/common.product-title.twig',NULL),(461,'',0,0,'','product.details.page','customer','',1000,'product/details/parts/common.javascript-add2cart.twig',NULL),(462,'',0,0,'','product.details.page.tab.description','customer','',100,'product/details/parts/common.product-description.twig',NULL),(463,'',0,0,'','product.details.page.info','customer','',100,'product/details/parts/common.info.buttons.twig',NULL),(464,'',0,0,'','product.details.quicklook.info','customer','',100,'product/details/parts/common.info.buttons.twig',NULL),(466,'',0,0,'','product.details.quicklook','customer','',30,'product/details/parts/quicklook.info.twig',NULL),(467,'',0,0,'','product.details.page.info','customer','',40,'product/details/parts/common.price.twig',NULL),(468,'',0,0,'','product.details.quicklook.info','customer','',40,'product/details/parts/common.price.twig',NULL),(469,'',0,0,'','product.details.page','customer','',30,'product/details/parts/page.info.twig',NULL),(472,'',0,0,'','product.details.page.info.buttons','customer','',10,'product/details/parts/common.info.buttons.cart-buttons.twig',NULL),(473,'',0,0,'','product.details.page.info.buttons-added','customer','',10,'product/details/parts/common.info.buttons.cart-buttons.twig',NULL),(474,'',0,0,'','product.details.quicklook.info.buttons','customer','',20,'product/details/parts/common.info.buttons.cart-buttons.twig',NULL),(475,'',0,0,'','product.details.quicklook.info.buttons-added','customer','',20,'product/details/parts/common.info.buttons.cart-buttons.twig',NULL),(476,'',0,0,'','product.details.page.info','customer','',42,'product/details/parts/common.notify-on-price-drop.twig',NULL),(477,'',0,0,'','product.details.quicklook','customer','',20,'product/details/parts/quicklook.image.twig',NULL),(478,'',0,0,'','product.details.page.info','customer','',15,'product/details/parts/common.rate.twig',NULL),(479,'',0,0,'','product.details.page.info','customer','',18,'product/details/parts/common.stock-level.twig',NULL),(480,'',0,0,'','product.details.quicklook.info','customer','',18,'product/details/parts/common.stock-level.twig',NULL),(481,'',0,0,'','product.details.quicklook.rotator','customer','',20,'product/details/parts/quicklook.rotator.twig',NULL),(482,'',0,0,'','product.details.page.info.buttons.cart-buttons','customer','',10,'product/details/parts/common.qty.twig',NULL),(483,'',0,0,'','product.details.page.info.buttons-added.cart-buttons','customer','',10,'product/details/parts/common.qty.twig',NULL),(484,'',0,0,'','product.details.quicklook.info.buttons.cart-buttons','customer','',10,'product/details/parts/common.qty.twig',NULL),(485,'',0,0,'','product.details.quicklook.info.buttons-added.cart-buttons','customer','',10,'product/details/parts/common.qty.twig',NULL),(490,'',0,0,'','product.details.page.tab.description','customer','',50,'product/details/parts/common.product-common-attributes.twig',NULL),(491,'',0,0,'','product.details.page.tab.description','customer','',100,'product/details/parts/common.product-main-attributes.twig',NULL),(492,'',0,0,'','product.details.page.tab.attributes','customer','',10,'product/details/parts/page.tabs.attributes.twig',NULL),(493,'',0,0,'','product.details.common.product-attributes.elements','customer','',100,'product/details/common_attributes/common.product-attributes.weight.twig',NULL),(494,'',0,0,'','product.details.common.product-attributes.elements','customer','',200,'product/details/common_attributes/common.product-attributes.sku.twig',NULL),(497,'',0,0,'','product.simple-search-form.simple-box.elements','customer','',10,'product/search/simple-search-parts/input.twig',NULL),(498,'',0,0,'','product.simple-search-form.simple-box.elements','customer','',20,'product/search/simple-search-parts/submit.twig',NULL),(499,'',0,0,'','product.simple-search-form.simple-box','customer','',10,'product/search/simple-search-parts/simple-box.twig',NULL),(500,'',0,0,'','products.search.conditions.phrase','customer','',100,'product/search/parts/phrase.all.twig',NULL),(501,'',0,0,'','products.search.conditions.advanced','customer','',100,'product/search/parts/advanced.options.twig',NULL),(502,'',0,0,'','products.search.conditions.phrase','customer','',200,'product/search/parts/phrase.any.twig',NULL),(503,'',0,0,'','products.search.conditions.substring','customer','',100,'product/search/parts/substring.input.twig',NULL),(504,'',0,0,'','products.search.conditions.advanced.options','customer','',300,'product/search/parts/advanced.options.sku.twig',NULL),(505,'',0,0,'','products.search.conditions.substring','customer','',200,'product/search/parts/substring.button.twig',NULL),(506,'',0,0,'','products.search.conditions-responsive.substring','customer','',200,'product/search/parts/substring.button.twig',NULL),(507,'',0,0,'','products.search.conditions.advanced.options','customer','',100,'product/search/parts/advanced.options.title.twig',NULL),(508,'',0,0,'','products.search.conditions.advanced.options','customer','',200,'product/search/parts/advanced.options.descr.twig',NULL),(509,'',0,0,'','products.search.conditions.advanced','customer','',200,'product/search/parts/advanced.category.twig',NULL),(510,'',0,0,'','products.search.conditions.phrase','customer','',300,'product/search/parts/phrase.phrase.twig',NULL),(511,'',0,0,'','product.quantity-box','customer','',20,'product/quantity_box/parts/quantity_box.twig',NULL),(513,'',0,0,'','minicart.horizontal.buttons','customer','',5,'mini_cart/horizontal/parts/cart.twig',NULL),(514,'',0,0,'','minicart.horizontal.buttons','customer','',20,'mini_cart/horizontal/parts/disabled_reason.twig',NULL),(515,'',0,0,'','minicart.horizontal.buttons','customer','',10,'mini_cart/horizontal/parts/checkout.twig',NULL),(516,'',0,0,'','minicart.horizontal.children','customer','',10,'mini_cart/horizontal/parts/items.twig',NULL),(517,'',0,0,'','minicart.horizontal.item','customer','',10,'mini_cart/horizontal/parts/item.name.twig',NULL),(518,'',0,0,'','minicart.horizontal.item','customer','',20,'mini_cart/horizontal/parts/item.price.twig',NULL),(519,'',0,0,'','minicart.horizontal.children','customer','',5,'mini_cart/horizontal/parts/link.twig',NULL),(520,'',0,0,'','signin-anonymous-title','customer','',200,'signin/signin_anonymous_box.twig',NULL),(521,'',0,0,'','signin-anonymous-title','customer','',20,'signin/signin_title.twig',NULL),(522,'',0,0,'','checkout.signin.form','customer','',10,'signin/parts_login_form/email.twig',NULL),(523,'',0,0,'','checkout.signin.form','customer','',20,'signin/parts_login_form/password.twig',NULL),(524,'',0,0,'','checkout.signin.form','customer','',30,'signin/parts_login_form/button.twig',NULL),(525,'',0,0,'','signin.main','customer','',10,'signin/signin.twig',NULL),(526,'',0,0,'','customer.checkout.signin','customer','',10,'signin/signin_login_form.twig',NULL),(527,'',0,0,'','head','customer','',3,'header/parts/alternate_lang.twig',NULL),(528,'',0,0,'','head','customer','',1000,'header/parts/link_favicon.twig',NULL),(529,'',0,0,'','head','customer','',500,'header/parts/meta_generator.twig',NULL),(530,'',0,0,'','head','customer','',100,'header/parts/title.twig',NULL),(531,'',0,0,'','head.css','customer','',100,'header/parts/parts.css/css.twig',NULL),(532,'',0,0,'','head.css','customer','',200,'header/parts/parts.css/css_aggregation.twig',NULL),(533,'',0,0,'','head','customer','',1300,'header/parts/script_config.twig',NULL),(534,'',0,0,'','head','customer','',1100,'header/parts/link_css.twig',NULL),(535,'',0,0,'','head','customer','',2,'header/parts/canonical.twig',NULL),(536,'',0,0,'','head','customer','',200,'header/parts/meta_content_type.twig',NULL),(537,'',0,0,'','head','customer','',1,'header/parts/base.twig',NULL),(538,'',0,0,'','head','customer','',650,'header/parts/meta_viewport.twig',NULL),(539,'',0,0,'','head','customer','',700,'header/parts/meta_mobile_capable.twig',NULL),(540,'',0,0,'','head','customer','',800,'header/parts/meta_compat_ie.twig',NULL),(541,'',0,0,'','head','customer','',700,'header/parts/meta_keywords.twig',NULL),(542,'',0,0,'','head','customer','',600,'header/parts/meta_description.twig',NULL),(543,'',0,0,'','head','customer','',16777215,'header/meta.twig',NULL),(544,'',0,0,'','operate_as_user','customer','',10,'operate_as_user/parts/desc.twig',NULL),(545,'',0,0,'','operate_as_user','customer','',30,'operate_as_user/parts/login.twig',NULL),(546,'',0,0,'','operate_as_user','customer','',20,'operate_as_user/parts/name.twig',NULL),(547,'',0,0,'','operate_as_user','customer','',40,'operate_as_user/parts/finish-button.twig',NULL),(548,'',0,0,'','cart.panel.totals','customer','',25,'shopping_cart/parts/total.separator.twig',NULL),(550,'',0,0,'','cart.item.info','customer','',10,'shopping_cart/parts/item.info.name.twig',NULL),(551,'',0,0,'','cart.item','customer','',30,'shopping_cart/parts/item.info.twig',NULL),(552,'',0,0,'','cart.item.info','customer','',100,'shopping_cart/parts/item.info.out.twig',NULL),(553,'',0,0,'','cart.totals','customer','',30,'shopping_cart/parts/cartItems.includedModifiers.twig',NULL),(554,'',0,0,'','cart.children','customer','',30,'shopping_cart/parts/totals.twig',NULL),(555,'',0,0,'','cart.children','customer','',10,'shopping_cart/parts/items.twig',NULL),(556,'',0,0,'','checkout.cart','customer','',10,'shopping_cart/parts/items.twig',NULL),(557,'',0,0,'','cart.buttons','customer','',20,'shopping_cart/parts/button.clear.twig',NULL),(558,'',0,0,'','cart.panel','customer','',10,'shopping_cart/parts/panel.totals.twig',NULL),(559,'',0,0,'','cart.panel.totals','customer','',20,'shopping_cart/parts/total.modifiers.twig',NULL),(560,'',0,0,'','cart.totals','customer','',10,'shopping_cart/parts/total.subtotal.twig',NULL),(561,'',0,0,'','cart.panel.totals','customer','',10,'shopping_cart/parts/total.subtotal.twig',NULL),(562,'',0,0,'','cart.panel.totals','customer','',40,'shopping_cart/parts/total.button.twig',NULL),(563,'',0,0,'','cart.item','customer','',40,'shopping_cart/parts/item.price.twig',NULL),(564,'',0,0,'','cart.panel','customer','',20,'shopping_cart/parts/panel.box.twig',NULL),(565,'',0,0,'','cart.children','customer','',20,'shopping_cart/parts/buttons.twig',NULL),(566,'',0,0,'','cart.item','customer','',20,'shopping_cart/parts/item.image.twig',NULL),(568,'',0,0,'','cart.group','customer','',10,'shopping_cart/parts/group.title.twig',NULL),(570,'',0,0,'','cart.panel.totals','customer','',50,'shopping_cart/parts/total.disabled.reason.twig',NULL),(571,'',0,0,'','cart.panel.totals','customer','',30,'shopping_cart/parts/total.total.twig',NULL),(572,'',0,0,'','cart.panel.totals','customer','',35,'shopping_cart/parts/total.includedModifiers.twig',NULL),(573,'',0,0,'','cart.item','customer','',50,'shopping_cart/parts/item.qty.twig',NULL),(574,'',0,0,'','cart.bottom.right','customer','',20,'shopping_cart/checkout_buttons.twig',NULL),(575,'',0,0,'','shippingEstimator.main','customer','',10,'shopping_cart/shipping_estimator/parts/main.address.twig',NULL),(576,'',0,0,'','shippingEstimator.address','customer','',10,'shopping_cart/shipping_estimator/parts/address.country.twig',NULL),(577,'',0,0,'','shippingEstimator.address','customer','',40,'shopping_cart/shipping_estimator/parts/address.type.twig',NULL),(578,'',0,0,'','shippingEstimator.address','customer','',20,'shopping_cart/shipping_estimator/parts/address.state.twig',NULL),(579,'',0,0,'','shippingEstimator.main','customer','',20,'shopping_cart/shipping_estimator/parts/main.methods.twig',NULL),(580,'',0,0,'','shippingEstimator.address','customer','',30,'shopping_cart/shipping_estimator/parts/address.zipcode.twig',NULL),(581,'',0,0,'','checkout.review.selected.items','customer','',10,'checkout/steps/review/parts/items.subtotal.twig',NULL),(582,'',0,0,'','checkout.review.inactive.items','customer','',10,'checkout/steps/review/parts/items.subtotal.twig',NULL),(583,'',0,0,'','checkout.review.selected.placeOrder','customer','',400,'checkout/steps/review/parts/place_order.button.twig',NULL),(584,'',0,0,'','checkout.review.selected.placeOrder','customer','',200,'checkout/steps/review/parts/place_order.note.twig',NULL),(585,'',0,0,'','checkout.review.selected','customer','',20,'checkout/steps/review/parts/place_order.twig',NULL),(586,'',0,0,'','checkout.review.selected.items','customer','',30,'checkout/steps/review/parts/items.modifiers.twig',NULL),(587,'',0,0,'','checkout.review.selected.placeOrder','customer','',500,'checkout/steps/review/parts/place_order.agree_note.twig',NULL),(588,'',0,0,'','checkout.review.selected.items','customer','',20,'checkout/steps/review/parts/items.list.twig',NULL),(589,'',0,0,'','checkout.review.inactive.items','customer','',20,'checkout/steps/review/parts/items.list.twig',NULL),(590,'',0,0,'','checkout.review.selected.items','customer','',35,'checkout/steps/review/parts/items.separator.twig',NULL),(591,'',0,0,'','checkout.review.inactive.items','customer','',35,'checkout/steps/review/parts/items.separator.twig',NULL),(592,'',0,0,'','checkout.review.selected.items','customer','',50,'checkout/steps/review/parts/items.paid.twig',NULL),(593,'',0,0,'','checkout.review.inactive.items','customer','',50,'checkout/steps/review/parts/items.paid.twig',NULL),(594,'',0,0,'','checkout.review.selected.items','customer','',45,'checkout/steps/review/parts/items.includedModifiers.twig',NULL),(595,'',0,0,'','checkout.review.selected.items','customer','',40,'checkout/steps/review/parts/items.total.twig',NULL),(596,'',0,0,'','checkout.review.inactive.items','customer','',40,'checkout/steps/review/parts/items.total.twig',NULL),(598,'',0,0,'','checkout.shipping.selected','customer','',200,'checkout/steps/shipping/parts/subsection.payment.twig',NULL),(599,'',0,0,'','checkout.payment.address.email','customer','',100,'checkout/steps/shipping/parts/address.billing.create.twig',NULL),(600,'',0,0,'','checkout.shipping.selected.sub.shipping','customer','',100,'checkout/steps/shipping/parts/address.first.twig',NULL),(601,'',0,0,'','checkout.shipping.address.email','customer','',100,'checkout/steps/shipping/parts/address.shipping.create.twig',NULL),(602,'',0,0,'','checkout.shipping.selected.sub.payment','customer','',200,'checkout/steps/shipping/parts/shippingMethods.twig',NULL),(603,'',0,0,'','checkout.shipping.selected.sub.payment','customer','',100,'checkout/steps/shipping/parts/address.second.twig',NULL),(604,'',0,0,'','checkout.shipping.selected','customer','',100,'checkout/steps/shipping/parts/subsection.shipping.twig',NULL),(605,'',0,0,'','checkout.cart','customer','',20,'checkout/parts/cart.totals.twig',NULL),(606,'',0,0,'','checkout.success','customer','',200,'checkout/success/parts/invoice.twig',NULL),(607,'',0,0,'','checkout.success','customer','',100,'checkout/success/parts/panel.twig',NULL),(608,'',0,0,'','checkout.success.panel','customer','',300,'checkout/success/parts/panel_line.twig',NULL),(609,'',0,0,'','checkout.success.panel','customer','',200,'checkout/success/parts/buttons.twig',NULL),(610,'',0,0,'','checkout.success.panel.buttons','customer','',200,'checkout/success/parts/button.print.twig',NULL),(611,'',0,0,'','checkout.main','customer','',16777215,'checkout/labels.twig',NULL),(612,'',0,0,'','checkout.success.panel','customer','',100,'checkout/success_message.twig',NULL),(614,'',0,0,'','layout.header.bar.links.newby','customer','',101,'modules/Amazon/PayWithAmazon/login/signin/layout.header.bar.links.newby.twig',NULL),(615,'',0,0,'','customer.signin','customer','',100,'modules/Amazon/PayWithAmazon/login/signin/signin.twig',NULL),(616,'',0,0,'','add2cart_popup.item.buttons','customer','',1000,'modules/Amazon/PayWithAmazon/checkout_button/add2cart_popup.twig',NULL),(617,'',0,0,'','cart.panel.totals','customer','',1000,'modules/Amazon/PayWithAmazon/checkout_button/cart.twig',NULL),(618,'',0,0,'','checkout_fastlane.blocks.payment_methods.available','customer','',2000,'modules/Amazon/PayWithAmazon/checkout_button/fast_lane_checkout.twig',NULL),(619,'',0,0,'','minicart.horizontal.buttons','customer','',1000,'modules/Amazon/PayWithAmazon/checkout_button/mini_cart.twig',NULL),(620,'',0,0,'','head','customer','',1310,'modules/Amazon/PayWithAmazon/header/parts/amazon_config.twig',NULL),(621,'',0,0,'','next_previous.product.body','customer','',100,'modules/XC/NextPreviousProduct/product/parts/body.link.twig',NULL),(622,'',0,0,'','next_previous.product.body','customer','',200,'modules/XC/NextPreviousProduct/product/parts/body.cookie_data.twig',NULL),(623,'',0,0,'','next_previous.product.body','customer','',300,'modules/XC/NextPreviousProduct/product/parts/body.dropdown.twig',NULL),(624,'',0,0,'','next_previous.product.body.dropdown','customer','',100,'modules/XC/NextPreviousProduct/product/parts/dropdown_parts/image.twig',NULL),(625,'',0,0,'','next_previous.product.body.dropdown','customer','',200,'modules/XC/NextPreviousProduct/product/parts/dropdown_parts/name.twig',NULL),(626,'',0,0,'','next_previous.product.body.dropdown','customer','',300,'modules/XC/NextPreviousProduct/product/parts/dropdown_parts/price.twig',NULL),(627,'',0,0,'','itemsList.product.grid.customer.info','customer','',20,'modules/XC/NextPreviousProduct/items-list/cookie-data.twig',NULL),(628,'',0,0,'','itemsList.product.grid.customer.recently.info','customer','',20,'modules/XC/NextPreviousProduct/items-list/cookie-data.twig',NULL),(629,'',0,0,'','itemsList.product.list.customer.info','customer','',20,'modules/XC/NextPreviousProduct/items-list/cookie-data.twig',NULL),(630,'',0,0,'','itemsList.product.table.customer.column.after','customer','',20,'modules/XC/NextPreviousProduct/items-list/cookie-data.twig',NULL),(631,'',0,0,'','itemsList.product.small_thumbnails.customer.details','customer','',20,'modules/XC/NextPreviousProduct/items-list/cookie-data.twig',NULL),(632,'',0,0,'','itemsList.product.big_thumbnails.customer.info','customer','',200,'modules/XC/NextPreviousProduct/items-list/cookie-data.twig',NULL),(633,'',0,0,'','itemsList.product.text_links.customer.info','customer','',100,'modules/XC/NextPreviousProduct/items-list/cookie-data.twig',NULL),(634,'',0,0,'','productBlock.info','customer','',200,'modules/XC/NextPreviousProduct/items-list/cookie-data.twig',NULL),(635,'',0,0,'','itemsList.newsMessages.customer.center.row','customer','',250,'modules/XC/News/news_messages/list/parts/cell.brief.twig',NULL),(636,'',0,0,'','itemsList.newsMessages.customer.center.row','customer','',200,'modules/XC/News/news_messages/list/parts/cell.name.twig',NULL),(637,'',0,0,'','itemsList.newsMessages.customer.center.row','customer','',100,'modules/XC/News/news_messages/list/parts/cell.date.twig',NULL),(638,'',0,0,'','newsMessage.details','customer','',300,'modules/XC/News/page/news_message/parts/body.twig',NULL),(639,'',0,0,'','newsMessage.details','customer','',200,'modules/XC/News/page/news_message/parts/date.twig',NULL),(640,'',0,0,'','newsMessage.details','customer','',400,'modules/XC/News/page/news_message/parts/link.twig',NULL),(641,'',0,0,'','itemsList.newsMessages.customer.top.row','customer','',250,'modules/XC/News/top_news_messages/list/parts/cell.brief.twig',NULL),(642,'',0,0,'','itemsList.newsMessages.customer.top.row','customer','',200,'modules/XC/News/top_news_messages/list/parts/cell.name.twig',NULL),(643,'',0,0,'','itemsList.newsMessages.customer.top.row','customer','',100,'modules/XC/News/top_news_messages/list/parts/cell.date.twig',NULL),(644,'',0,0,'','layout_editor','customer','',17,'modules/XC/ThemeTweaker/layout_editor/panel_parts/custom_css.twig',NULL),(645,'',0,0,'','layout_editor','customer','',10,'modules/XC/ThemeTweaker/layout_editor/panel_parts/message.twig',NULL),(646,'',0,0,'','layout_editor','customer','',15,'modules/XC/ThemeTweaker/layout_editor/panel_parts/show_hidden_button.twig',NULL),(647,'',0,0,'','layout_editor','customer','',20,'modules/XC/ThemeTweaker/layout_editor/panel_parts/save_button.twig',NULL),(648,'',0,0,'','layout_editor','customer','',99999,'modules/XC/ThemeTweaker/layout_editor/panel_parts/language_labels.twig',NULL),(649,'',0,0,'','layout_editor','customer','',30,'modules/XC/ThemeTweaker/layout_editor/panel_parts/exit_button.twig',NULL),(650,'',0,0,'','layout_editor','customer','',5,'modules/XC/ThemeTweaker/layout_editor/panel_parts/disable_button.twig',NULL),(651,'',0,0,'','list-item.actions','customer','',10,'modules/XC/ThemeTweaker/layout_editor/list_item_parts/action_hide.twig',NULL),(652,'',0,0,'','list-item.actions','customer','',10,'modules/XC/ThemeTweaker/layout_editor/list_item_parts/action_unhide.twig',NULL),(653,'',0,0,'','head.css','customer','',9999,'modules/XC/ThemeTweaker/layout_editor/custom_css/css.twig',NULL),(654,'',0,0,'','inline_editor','customer','',10,'modules/XC/ThemeTweaker/inline_editable/panel_parts/message.twig',NULL),(655,'',0,0,'','inline_editor','customer','',20,'modules/XC/ThemeTweaker/inline_editable/panel_parts/save_button.twig',NULL),(656,'',0,0,'','inline_editor','customer','',99999,'modules/XC/ThemeTweaker/inline_editable/panel_parts/language_labels.twig',NULL),(657,'',0,0,'','inline_editor','customer','',30,'modules/XC/ThemeTweaker/inline_editable/panel_parts/exit_button.twig',NULL),(658,'',0,0,'','NewsletterSubscriptions.footer.success-block','customer','',100,'modules/XC/NewsletterSubscriptions/form/parts/success.twig',NULL),(659,'',0,0,'','NewsletterSubscriptions.footer.form-block','customer','',100,'modules/XC/NewsletterSubscriptions/form/parts/form.twig',NULL),(660,'',0,0,'','NewsletterSubscriptions.footer.error-block','customer','',100,'modules/XC/NewsletterSubscriptions/form/parts/error.twig',NULL),(661,'',0,0,'','checkout_fastlane.blocks.payment_methods.available','customer','',10,'modules/XC/FastLaneCheckout/blocks/payment_methods/available/payment_tpl.twig',NULL),(662,'',0,0,'','checkout_fastlane.blocks.address.billing.prepend','customer','',10,'modules/XC/FastLaneCheckout/blocks/address_form/address_book.twig',NULL),(663,'',0,0,'','checkout_fastlane.blocks.address.shipping.prepend','customer','',10,'modules/XC/FastLaneCheckout/blocks/address_form/address_book.twig',NULL),(664,'',0,0,'','checkout_fastlane.blocks.address.billing.email','customer','',100,'modules/XC/FastLaneCheckout/blocks/address_form/billing/address.create.twig',NULL),(665,'',0,0,'','checkout_fastlane.blocks.address.billing.before','customer','',10,'modules/XC/FastLaneCheckout/blocks/address_form/billing/same.twig',NULL),(666,'',0,0,'','checkout_fastlane.blocks.address.shipping.email','customer','',100,'modules/XC/FastLaneCheckout/blocks/address_form/shipping/address.create.twig',NULL),(667,'',0,0,'','checkout_fastlane.blocks.popup_address_form.shipping','customer','',999,'modules/XC/FastLaneCheckout/blocks/popup_address_form/apply_to_billing.twig',NULL),(668,'',0,0,'','checkout_fastlane.blocks.popup_address_form.billing','customer','',999,'modules/XC/FastLaneCheckout/blocks/popup_address_form/apply_to_shipping.twig',NULL),(669,'',0,0,'','select-address.after','customer','',100,'modules/XC/FastLaneCheckout/select_address/add_button.twig',NULL),(670,'',0,0,'','checkout_fastlane.sections.address','customer','',10,'modules/XC/FastLaneCheckout/sections/address/shipping.twig',NULL),(671,'',0,0,'','checkout_fastlane.sections.address','customer','',20,'modules/XC/FastLaneCheckout/sections/address/billing.twig',NULL),(672,'',0,0,'','checkout_fastlane.sections.details.left','customer','',15,'modules/XC/FastLaneCheckout/sections/details/shipping_details.twig',NULL),(673,'',0,0,'','checkout_fastlane.sections.details.right','customer','',19,'modules/XC/FastLaneCheckout/sections/details/order_total.twig',NULL),(674,'',0,0,'','checkout_fastlane.sections.details.left','customer','',10,'modules/XC/FastLaneCheckout/sections/details/order_details.twig',NULL),(675,'',0,0,'','checkout_fastlane.sections.payment.right','customer','',10,'modules/XC/FastLaneCheckout/sections/payment/methods.twig',NULL),(676,'',0,0,'','checkout_fastlane.sections.payment.left','customer','',30,'modules/XC/FastLaneCheckout/sections/payment/note.twig',NULL),(677,'',0,0,'','checkout_fastlane.sections.payment.left','customer','',0,'modules/XC/FastLaneCheckout/sections/payment/heading.left.twig',NULL),(678,'',0,0,'','checkout_fastlane.sections.payment.left','customer','',20,'modules/XC/FastLaneCheckout/sections/payment/billing.twig',NULL),(679,'',0,0,'','checkout_fastlane.sections.payment','customer','',10,'modules/XC/FastLaneCheckout/sections/payment/columns.twig',NULL),(680,'',0,0,'','checkout_fastlane.sections.payment.right','customer','',0,'modules/XC/FastLaneCheckout/sections/payment/heading.right.twig',NULL),(681,'',0,0,'','checkout_fastlane.sections.after','customer','',10,'modules/XC/FastLaneCheckout/sections/details_box.twig',NULL),(682,'',0,0,'','checkout_fastlane.sections.shipping.right','customer','',10,'modules/XC/FastLaneCheckout/sections/shipping/methods.twig',NULL),(683,'',0,0,'','checkout_fastlane.sections.shipping.left','customer','',10,'modules/XC/FastLaneCheckout/sections/shipping/email.twig',NULL),(684,'',0,0,'','checkout_fastlane.sections.shipping.left','customer','',30,'modules/XC/FastLaneCheckout/sections/shipping/note.twig',NULL),(685,'',0,0,'','checkout_fastlane.sections.shipping.left','customer','',0,'modules/XC/FastLaneCheckout/sections/shipping/heading.left.twig',NULL),(686,'',0,0,'','checkout_fastlane.sections.shipping.left','customer','',20,'modules/XC/FastLaneCheckout/sections/shipping/address.twig',NULL),(687,'',0,0,'','checkout_fastlane.sections.shipping','customer','',10,'modules/XC/FastLaneCheckout/sections/shipping/columns.twig',NULL),(688,'',0,0,'','checkout_fastlane.sections.shipping.right','customer','',0,'modules/XC/FastLaneCheckout/sections/shipping/heading.right.twig',NULL),(689,'',0,0,'','checkout_fastlane.sections.details.right','customer','',20,'modules/XC/FastLaneCheckout/sections/section_change_button.twig',NULL),(690,'',0,0,'','layout.header','customer','',190,'modules/XC/FastLaneCheckout/layout/header/header.bar.checkout.logos.twig',NULL),(691,'',0,0,'','layout.header.right.mobile','customer','',1100,'modules/XC/FastLaneCheckout/layout/header/header.bar.checkout.logos.twig',NULL),(692,'',0,0,'','checkout_fastlane.header.top','customer','',100,'modules/XC/FastLaneCheckout/layout/header/header.bar.checkout.logos.twig',NULL),(695,'',0,0,'','checkout_fastlane.header.right','customer','',10,'modules/XC/FastLaneCheckout/checkout_fastlane/header/navigation.twig',NULL),(696,'',0,0,'','checkout_fastlane','customer','',10,'modules/XC/FastLaneCheckout/checkout_fastlane/header.twig',NULL),(697,'',0,0,'','checkout_fastlane','customer','',20,'modules/XC/FastLaneCheckout/checkout_fastlane/sections.twig',NULL),(698,'',0,0,'','checkout_fastlane','customer','',99999,'modules/XC/FastLaneCheckout/checkout_fastlane/language_labels.twig',NULL),(700,'',0,0,'','product.details.quicklook.info','customer','',19,'modules/XC/FreeShipping/free_ship.label.twig',NULL),(701,'',0,0,'','checkout.review.selected.placeOrder','customer','',350,'modules/XC/MailChimp/model/profile/subscriptions_list.twig',NULL),(702,'',0,0,'','checkout_fastlane.sections.place-order.before','customer','',100,'modules/XC/MailChimp/model/profile/subscriptions_list.twig',NULL),(703,'',0,0,'','checkout.review.selected.items','customer','',2000,'modules/XC/MailChimp/model/profile/subscriptions_list.twig',NULL),(704,'',0,0,'','reviews.general','customer','',20,'modules/XC/Reviews/button/add_review.twig',NULL),(705,'',0,0,'','reviews.product.rating.average','customer','',100,'modules/XC/Reviews/product/details/rating.twig',NULL),(706,'',0,0,'','product.details.page.info','customer','',17,'modules/XC/Reviews/product_details.rating.twig',NULL),(707,'',0,0,'','review.add.fields','customer','',400,'modules/XC/Reviews/review/parts/field.review.twig',NULL),(708,'',0,0,'','review.add.fields','customer','',200,'modules/XC/Reviews/review/parts/field.reviewer_name.twig',NULL),(709,'',0,0,'','review.add.fields','customer','',100,'modules/XC/Reviews/review/parts/field.rating.twig',NULL),(710,'',0,0,'','review.add.buttons','customer','',500,'modules/XC/Reviews/review/parts/buttons.twig',NULL),(711,'',0,0,'','review.add.fields','customer','',300,'modules/XC/Reviews/review/parts/field.email.twig',NULL),(712,'',0,0,'','reviews.page.rating','customer','',200,'modules/XC/Reviews/average_rating/text.twig',NULL),(713,'',0,0,'','reviews.tooltip.rating','customer','',200,'modules/XC/Reviews/average_rating/text.twig',NULL),(714,'',0,0,'','reviews.product.rating','customer','',100,'modules/XC/Reviews/average_rating/form.twig',NULL),(715,'',0,0,'','reviews.page.rating','customer','',100,'modules/XC/Reviews/average_rating/form.twig',NULL),(716,'',0,0,'','reviews.tab.rating','customer','',200,'modules/XC/Reviews/average_rating/form.twig',NULL),(717,'',0,0,'','reviews.product.rating.form.content','customer','',100,'modules/XC/Reviews/average_rating/rating.twig',NULL),(718,'',0,0,'','reviews.page.rating','customer','',300,'modules/XC/Reviews/average_rating/details.twig',NULL),(719,'',0,0,'','reviews.rating.details','customer','',200,'modules/XC/Reviews/average_rating/details.twig',NULL),(720,'',0,0,'','reviews.page.rating','customer','',200,'modules/XC/Reviews/average_rating/separator.twig',NULL),(723,'',0,0,'','product.reviews.tab','customer','',500,'modules/XC/Reviews/reviews_tab/parts/tab.all_reviews_link.twig',NULL),(724,'',0,0,'','product.reviews.tab','customer','',200,'modules/XC/Reviews/reviews_tab/parts/tab.reviews_list_header.twig',NULL),(725,'',0,0,'','reviews.review.title','customer','',200,'modules/XC/Reviews/reviews_page/parts/title.right.twig',NULL),(726,'',0,0,'','reviews.review','customer','',100,'modules/XC/Reviews/reviews_page/parts/review.title.twig',NULL),(727,'',0,0,'','reviews.review','customer','',200,'modules/XC/Reviews/reviews_page/parts/review.rating.twig',NULL),(728,'',0,0,'','reviews.review.title','customer','',100,'modules/XC/Reviews/reviews_page/parts/title.left.twig',NULL),(729,'',0,0,'','product.reviews.page','customer','',200,'modules/XC/Reviews/reviews_page/parts/page.reviews_list_header.twig',NULL),(730,'',0,0,'','product.reviews.page','customer','',300,'modules/XC/Reviews/reviews_page/parts/page.reviews_list.twig',NULL),(731,'',0,0,'','reviews.review','customer','',300,'modules/XC/Reviews/reviews_page/parts/review.review.twig',NULL),(732,'',0,0,'','product.reviews.page','customer','',100,'modules/XC/Reviews/reviews_page/parts/page.product.twig',NULL),(733,'',0,0,'','reviews','customer','',16777215,'modules/XC/Reviews/reviews_page/reviews.twig',NULL),(734,'',0,0,'','invoice.bottom.d2po','customer','',10,'modules/XC/CanadaPost/order/invoice/parts/bottom.d2po.details.twig',NULL),(735,'',0,0,'','order.links','customer','',30,'modules/XC/CanadaPost/order/parts/link.return.twig',NULL),(736,'',0,0,'','capost_create_return.form','customer','',200,'modules/XC/CanadaPost/products_return/create/parts/main.form.message.twig',NULL),(737,'',0,0,'','capost_create_return.form','customer','',300,'modules/XC/CanadaPost/products_return/create/parts/main.form.button.twig',NULL),(738,'',0,0,'','capost_create_return.form.captions','customer','',5,'modules/XC/CanadaPost/products_return/create/parts/table.captions.field.twig',NULL),(739,'',0,0,'','capost_create_return.form.captions','customer','',15,'modules/XC/CanadaPost/products_return/create/parts/table.captions.image.twig',NULL),(740,'',0,0,'','capost_create_return.form.captions','customer','',30,'modules/XC/CanadaPost/products_return/create/parts/table.captions.ret_amount.twig',NULL),(741,'',0,0,'','capost_create_return.form','customer','',100,'modules/XC/CanadaPost/products_return/create/parts/main.form.products.twig',NULL),(742,'',0,0,'','capost_create_return.form.columns','customer','',20,'modules/XC/CanadaPost/products_return/create/parts/table.common.name.twig',NULL),(743,'',0,0,'','capost_create_return.form.columns','customer','',10,'modules/XC/CanadaPost/products_return/create/parts/table.common.field.twig',NULL),(744,'',0,0,'','capost_create_return.form.columns','customer','',30,'modules/XC/CanadaPost/products_return/create/parts/table.common.ret_amount.twig',NULL),(745,'',0,0,'','capost_create_return.form.captions','customer','',10,'modules/XC/CanadaPost/products_return/create/parts/table.captions.sku.twig',NULL),(746,'',0,0,'','capost_create_return.form.captions','customer','',20,'modules/XC/CanadaPost/products_return/create/parts/table.captions.name.twig',NULL),(747,'',0,0,'','capost_create_return.form.columns','customer','',25,'modules/XC/CanadaPost/products_return/create/parts/table.common.amount.twig',NULL),(748,'',0,0,'','capost_create_return.form.columns','customer','',10,'modules/XC/CanadaPost/products_return/create/parts/table.common.sku.twig',NULL),(749,'',0,0,'','capost_create_return','customer','',100,'modules/XC/CanadaPost/products_return/create/parts/main.info.twig',NULL),(750,'',0,0,'','capost_create_return.form.columns','customer','',15,'modules/XC/CanadaPost/products_return/create/parts/table.common.image.twig',NULL),(751,'',0,0,'','capost_create_return.form.captions','customer','',25,'modules/XC/CanadaPost/products_return/create/parts/table.captions.amount.twig',NULL),(752,'',0,0,'','capost_create_return','customer','',200,'modules/XC/CanadaPost/products_return/create/parts/main.form.twig',NULL),(754,'',0,0,'','customer.signin','customer','',100,'modules/CDev/Paypal/login/signin/signin.paypal.twig',NULL),(755,'',0,0,'','layout.header.bar.links.newby','customer','',101,'modules/CDev/Paypal/login/signin/layout.header.bar.links.newby.twig',NULL),(756,'',0,0,'','cart.panel','customer','',15,'modules/CDev/Paypal/banner/cartPage/nearCheckoutButton.twig',NULL),(757,'',0,0,'','product.details.page.info','customer','',105,'modules/CDev/Paypal/banner/ProductDetailsPages/nearAddToCartButton.twig',NULL),(758,'',0,0,'','center','customer','',10,'modules/CDev/Paypal/banner/homePage/aboveProducts.twig',NULL),(759,'',0,0,'','center.bottom','customer','',99999,'modules/CDev/Paypal/banner/homePage/belowProducts.twig',NULL),(760,'',0,0,'','center.top','customer','',100,'modules/CDev/Paypal/banner/categoryPages/aboveProducts.twig',NULL),(761,'',0,0,'','center.bottom','customer','',99999,'modules/CDev/Paypal/banner/categoryPages/belowProducts.twig',NULL),(762,'',0,0,'','product.details.page.info.buttons-added.cart-buttons','customer','',40,'modules/CDev/Paypal/product/details/parts/express_checkout.twig',NULL),(763,'',0,0,'','product.details.quicklook.info.buttons-added.cart-buttons','customer','',40,'modules/CDev/Paypal/product/details/parts/express_checkout.twig',NULL),(764,'',0,0,'','product.details.page.info.buttons.cart-buttons','customer','',30,'modules/CDev/Paypal/product/details/parts/express_checkout.twig',NULL),(765,'',0,0,'','product.details.quicklook.info.buttons.cart-buttons','customer','',30,'modules/CDev/Paypal/product/details/parts/express_checkout.twig',NULL),(766,'',0,0,'','add2cart_popup.item.buttons','customer','',300,'modules/CDev/Paypal/add2cart_popup/express_checkout.twig',NULL),(767,'',0,0,'','itemsList.product.list.customer.info','customer','',1100,'modules/CDev/Paypal/item_list/product/parts/express_checkout.twig',NULL),(768,'',0,0,'','itemsList.product.grid.customer.info','customer','',20,'modules/CDev/GoogleAnalytics/impression-block.twig',NULL),(769,'',0,0,'','itemsList.product.list.customer.info','customer','',20,'modules/CDev/GoogleAnalytics/impression-block.twig',NULL),(770,'',0,0,'','itemsList.product.small_thumbnails.customer.details','customer','',20,'modules/CDev/GoogleAnalytics/impression-block.twig',NULL),(771,'',0,0,'','itemsList.product.big_thumbnails.customer.info','customer','',200,'modules/CDev/GoogleAnalytics/impression-block.twig',NULL),(772,'',0,0,'','itemsList.product.text_links.customer.info','customer','',100,'modules/CDev/GoogleAnalytics/impression-block.twig',NULL),(773,'',0,0,'','productBlock.info','customer','',200,'modules/CDev/GoogleAnalytics/impression-block.twig',NULL),(774,'',0,0,'','social.login','customer','',50,'modules/CDev/SocialLogin/parts/social_login.before.twig',NULL),(775,'',0,0,'','social.login.buttons','customer','',1,'modules/CDev/SocialLogin/parts/social_login.caption.twig',NULL),(776,'',0,0,'','social.login','customer','',100,'modules/CDev/SocialLogin/parts/social_login.widget.twig',NULL),(777,'',0,0,'','social.login','customer','',150,'modules/CDev/SocialLogin/parts/social_login.after.twig',NULL),(778,'',0,0,'','customer.signin','customer','',100,'modules/CDev/SocialLogin/signin/signin.social.twig',NULL),(779,'',0,0,'','layout.header.bar.links.newby','customer','',101,'modules/CDev/SocialLogin/signin/layout.header.bar.links.newby.twig',NULL),(781,'',0,0,'','invoice.bottom.address.billing','customer','',30,'modules/CDev/XPaymentsConnector/invoice/invoice.twig',NULL),(782,'',0,0,'','customer.account.saved_cards.before','customer','',100,'modules/CDev/XPaymentsConnector/account/saved_cards.header.twig',NULL),(783,'',0,0,'','customer.account.add_new_card.before','customer','',100,'modules/CDev/XPaymentsConnector/account/saved_cards.header.twig',NULL),(784,'',0,0,'','customer.account.add_new_card.before','customer','',200,'modules/CDev/XPaymentsConnector/account/add_new_card.header.twig',NULL),(785,'',0,0,'','customer.account.add_new_card.address','customer','',100,'modules/CDev/XPaymentsConnector/account/add_new_card.address.twig',NULL),(786,'',0,0,'','customer.account.saved_cards.table','customer','',100,'modules/CDev/XPaymentsConnector/account/saved_cards.table.twig',NULL),(787,'',0,0,'','customer.account.add_new_card.form','customer','',100,'modules/CDev/XPaymentsConnector/account/add_new_card.form.twig',NULL),(788,'',0,0,'','checkout.review.selected','customer','',20,'modules/CDev/XPaymentsConnector/checkout/script.twig',NULL),(789,'',0,0,'','checkout_fastlane.sections.payment.left','customer','',500,'modules/CDev/XPaymentsConnector/checkout/script.twig',NULL),(790,'',0,0,'','static_page.info','customer','',100,'modules/CDev/SimpleCMS/page/parts/content.twig',NULL),(791,'',0,0,'','contact-us.send.fields','customer','',300,'modules/CDev/ContactUs/contact_us/fields/field.subject.twig',NULL),(792,'',0,0,'','contact-us.send.fields','customer','',200,'modules/CDev/ContactUs/contact_us/fields/field.email.twig',NULL),(793,'',0,0,'','contact-us.send.fields','customer','',500,'modules/CDev/ContactUs/contact_us/fields/field.captcha.twig',NULL),(794,'',0,0,'','contact-us.send.fields','customer','',100,'modules/CDev/ContactUs/contact_us/fields/field.name.twig',NULL),(795,'',0,0,'','contact-us.send.fields','customer','',1000,'modules/CDev/ContactUs/contact_us/fields/action.send.twig',NULL),(796,'',0,0,'','contact-us.send.fields','customer','',400,'modules/CDev/ContactUs/contact_us/fields/field.message.twig',NULL),(797,'',0,0,'','itemsList.product.grid.customer.recently.info','customer','',100,'modules/CDev/ProductAdvisor/parts/info.twig',NULL),(802,'',0,0,'','product.plain_price.tail.sale_price.label','customer','',100,'modules/CDev/Sale/details/label.twig',NULL),(805,'',0,0,'','static_page.info','customer','',100000,'modules/CDev/GoSocial/page/parts/share.twig',NULL),(807,'',0,0,'','cart.panel.totals.modifier','customer','',16777215,'modules/CDev/Coupons/coupons_minilist.twig',NULL),(808,'',0,0,'','checkout.review.selected.items.modifier','customer','',16777215,'modules/CDev/Coupons/coupons_minilist.twig',NULL),(809,'',0,0,'','invoice.base.totals.modifier.name','customer','',16777215,'modules/CDev/Coupons/coupons_minilist.twig',NULL),(810,'',0,0,'','cart.item.info','customer','',1000,'modules/CDev/Coupons/item.freeship.twig',NULL),(811,'',0,0,'','cart.item','customer','',60,'modules/QSL/SpecialOffersBase/shopping_cart/parts/item.subtotal.twig',NULL),(812,'',0,0,'','order_status.wrapper','customer','',10,'common/order_status_wrapper.twig',NULL),(813,'',0,0,'','surcharge.common','customer','',100,'common/surcharge_parts/surcharge.twig',NULL),(814,'',0,0,'','product.plain_price','customer','',10,'common/price_parts/price.twig',NULL),(815,'',0,0,'','product.plain_price_only','customer','',10,'common/price_parts/price.twig',NULL),(816,'',0,0,'','order_status.nowrapper','customer','',10,'common/order_status_nowrapper.twig',NULL),(817,'',0,0,'','layout.main.footer','customer','',1000,'layout/footer/main.footer.section.twig',NULL),(818,'',0,0,'','layout.footer','customer','',500,'layout/footer/main.footer.twig',NULL),(819,'',0,0,'','layout.header.bar','customer','',100,'layout/header/header.bar.links.twig',NULL),(820,'',0,0,'','layout.header.bar.links.logged','customer','',200,'layout/header/header.bar.links.logged.account.twig',NULL),(821,'',0,0,'','layout.header.bar.links.logged','customer','',500,'layout/header/header.bar.links.logged.logout.twig',NULL),(822,'',0,0,'','layout.header','customer','',200,'layout/header/header.bar.twig',NULL),(825,'',0,0,'','layout.header.bar.links.newby','customer','',200,'layout/header/header.bar.links.newby.register.twig',NULL),(826,'',0,0,'','layout.main','customer','',200,'layout/header/main.header.twig',NULL),(828,'',0,0,'','layout.header.bar.links.newby','customer','',100,'layout/header/header.bar.links.newby.login.twig',NULL),(829,'',0,0,'','layout.header','customer','',100,'layout/header/header.logo.twig',NULL),(830,'',0,0,'','layout.responsive.search','customer','',200,'layout/header/header.bar.mobilesearch.twig',NULL),(835,'',0,0,'','layout.header.bar','customer','',100,'layout/header/header.bar.links.logged.twig',NULL),(837,'',0,0,'','layout.main.center','customer','',100,'layout/content/main.center.left.twig',NULL),(838,'',0,0,'','layout.main.center','customer','',300,'layout/content/main.center.right.twig',NULL),(839,'',0,0,'','layout.main','customer','',400,'layout/content/main.center.twig',NULL),(840,'',0,0,'','layout.main.center','customer','',200,'layout/content/main.center.center.twig',NULL),(841,'',0,0,'','itemsList.product.grid.customer.info','customer','',998,'items_list/product/parts/common.marks.twig',NULL),(842,'',0,0,'','itemsList.product.list.customer.photo','customer','',998,'items_list/product/parts/common.marks.twig',NULL),(843,'',0,0,'','itemsList.product.table.customer.columns','customer','',45,'items_list/product/parts/common.marks.twig',NULL),(844,'',0,0,'','itemsList.product.table.customer.columns','customer','',9999999,'items_list/product/parts/table.product-representation.twig',NULL),(845,'',0,0,'','product.details.quicklook.info','customer','',10,'product/details/parts/common.product-title-link.twig',NULL),(846,'',0,0,'','minicart.horizontal.item','customer','',18,'mini_cart/horizontal/parts/item.amount.twig',NULL),(847,'',0,0,'','minicart.horizontal.item','customer','',5,'mini_cart/horizontal/parts/item.image.twig',NULL),(848,'',0,0,'','signin-anonymous-title.continue','customer','',100,'signin/parts/continue.email.twig',NULL),(849,'',0,0,'','signin-anonymous-title.continue','customer','',110,'signin/parts/continue.button.twig',NULL),(850,'',0,0,'','cart.panel.totals.modifier','customer','',16777215,'shopping_cart/parts/item.shipping.estimator.twig',NULL),(851,'',0,0,'','cart.panel','customer','',10,'shopping_cart/parts/button.continue.twig',NULL),(852,'',0,0,'','cart.children','customer','',10,'shopping_cart/parts/button.continue.twig',NULL),(853,'',0,0,'','social.login','customer','',0,'modules/CDev/SocialLogin/parts/separator.before.twig',NULL),(854,'',0,0,'','social.login','customer','',9999,'modules/CDev/SocialLogin/parts/separator.after.twig',NULL),(855,'',0,0,'','customer.account.details.before','customer','',10,'modules/CDev/SocialLogin/account/social_login.twig',NULL),(856,'',0,0,'','layout.main.footer','customer','',50,'layout/footer/main.footer.contacts.twig',NULL),(857,'',0,0,'','layout.header.right.mobile','customer','',100,'layout/header/header.right.mobile.minicart.twig',NULL),(858,'',0,0,'','layout.header.right','customer','',10,'layout/header/header.right.search.twig',NULL),(859,'',0,0,'','layout.header.right.mobile','customer','',10,'layout/header/header.right.search.twig',NULL),(860,'',0,0,'','slidebar.additional-menu.links','customer','',10,'layout/header/header_settings/profile.twig',NULL),(861,'',0,0,'','slidebar.additional-menu','customer','',1000,'layout/header/header_settings/logout.twig',NULL),(862,'',0,0,'','layout.header.right.settings','customer','',1000,'layout/header/header_settings/logout.twig',NULL),(863,'',0,0,'','slidebar.additional-menu','customer','',400,'layout/header/header_settings/login.twig',NULL),(864,'',0,0,'','layout.header.right.settings','customer','',400,'layout/header/header_settings/login.twig',NULL),(865,'',0,0,'','slidebar.additional-menu','customer','',390,'layout/header/header_settings/settings.twig',NULL),(866,'',0,0,'','slidebar.additional-menu','customer','',100,'layout/header/header_settings/links.twig',NULL),(867,'',0,0,'','layout.header.right.settings','customer','',100,'layout/header/header_settings/links.twig',NULL),(868,'',0,0,'','layout.header.bar.links.logged','customer','',300,'layout/header/header.bar.links.logged.orders.twig',NULL),(869,'',0,0,'','layout.header.mobile.menu','customer','',1000,'layout/header/mobile_header_parts/right_menu.twig',NULL),(870,'',0,0,'','header.menu','customer','',1000,'layout/header/mobile_header_parts/additional_menu.twig',NULL),(871,'',0,0,'','layout.header.mobile.menu','customer','',10,'layout/header/mobile_header_parts/logo.twig',NULL),(872,'',0,0,'','layout.header.bar.locale','customer','',20,'layout/header/locale/language.twig',NULL),(873,'',0,0,'','layout.header.bar.locale','customer','',10,'layout/header/locale/country.twig',NULL),(874,'',0,0,'','layout.header.bar.locale','customer','',30,'layout/header/locale/currency.twig',NULL),(875,'',0,0,'','contact_us.parts','customer','',10,'contact_us/parts/contact_us.address.twig',NULL),(876,'',0,0,'','invoice.head','mail','',10,'order/invoice/parts/title.twig',NULL),(877,'',0,0,'','invoice.bottom.address.billing','mail','',30,'modules/CDev/XPaymentsConnector/invoice.twig',NULL),(878,'',0,0,'','invoice.base','mail','',60,'modules/CDev/XPaymentsConnector/kount.twig',NULL),(879,'',0,0,'','tracking.info','mail','',10,'order_tracking_information/parts/tracking_info.twig',NULL),(880,'',0,0,'','order.operations','admin','',50,'order/page/parts/staff_note.twig',NULL),(881,'',0,0,'','order','admin','',400,'order/page/parts/operations.twig',NULL),(882,'',0,0,'','order.actions.statuses','admin','',200,'order/page/parts/action.payment_status.twig',NULL),(883,'',0,0,'','order.payment','admin','',200,'order/page/parts/payment.address.twig',NULL),(884,'',0,0,'','order.title.row','admin','',100,'order/page/parts/title.twig',NULL),(885,'',0,0,'','order.operations','admin','',100,'order/page/parts/line1.twig',NULL),(886,'',0,0,'','order.actions.statuses','admin','',100,'order/page/parts/action.shipping_status.twig',NULL),(887,'',0,0,'','order.actions.paymentActionsRow','admin','',100,'order/page/parts/action.transactions.twig',NULL),(888,'',0,0,'','order.payment','admin','',100,'order/page/parts/payment.method.twig',NULL),(889,'',0,0,'','order.actions.statuses','admin','',1000,'order/page/parts/action.row.twig',NULL),(890,'',0,0,'','order','admin','',100,'order/page/parts/title.row.twig',NULL),(891,'',0,0,'','order.actions','admin','',1000,'order/page/parts/action.statuses.twig',NULL),(892,'',0,0,'','order.title.box','admin','',200,'order/page/parts/title.box.history.twig',NULL),(893,'',0,0,'','order.items.bottom','admin','',100,'order/page/parts/totals.twig',NULL),(894,'',0,0,'','order.base.totals','admin','',300,'order/page/parts/totals.total.twig',NULL),(895,'',0,0,'','order.items.bottom','admin','',200,'order/page/parts/customerNotes.twig',NULL),(896,'',0,0,'','order.base.totals','admin','',200,'order/page/parts/totals.modifiers.twig',NULL),(897,'',0,0,'','order.actions.paymentActionsRow','admin','',200,'order/page/parts/action.payment_actions.twig',NULL),(898,'',0,0,'','order.shipping','admin','',200,'order/page/parts/shipping.address.twig',NULL),(899,'',0,0,'','order','admin','',1000,'order/page/parts/antifraud_ad.twig',NULL),(900,'',0,0,'','order.base.totals','admin','',100,'order/page/parts/totals.subtotal.twig',NULL),(901,'',0,0,'','order.items.wrapper','admin','',10,'order/page/parts/items/items.twig',NULL),(902,'',0,0,'','order.item','admin','',10,'order/page/parts/items/item.name.twig',NULL),(903,'',0,0,'','order.items.head','admin','',30,'order/page/parts/items/items.head.qty.twig',NULL),(904,'',0,0,'','order.item','admin','',40,'order/page/parts/items/item.total.twig',NULL),(905,'',0,0,'','order.item','admin','',20,'order/page/parts/items/item.price.twig',NULL),(906,'',0,0,'','order.items.head','admin','',20,'order/page/parts/items/items.head.price.twig',NULL),(907,'',0,0,'','order.item.name','admin','',10,'order/page/parts/items/item.sku.twig',NULL),(908,'',0,0,'','order.items.head','admin','',40,'order/page/parts/items/items.head.total.twig',NULL),(909,'',0,0,'','order.items.head','admin','',10,'order/page/parts/items/items.head.name.twig',NULL),(910,'',0,0,'','order.item','admin','',30,'order/page/parts/items/item.qty.twig',NULL),(911,'',0,0,'','order.operations','admin','',300,'order/page/parts/line3.twig',NULL),(912,'',0,0,'','order.items.wrapper','admin','',100,'order/page/parts/items_bottom_box.twig',NULL),(913,'',0,0,'','order.operations','admin','',30,'order/page/parts/placed.twig',NULL),(914,'',0,0,'','order.note','admin','',100,'order/page/parts/note.note.twig',NULL),(915,'',0,0,'','order.title.row','admin','',200,'order/page/parts/title.box.twig',NULL),(916,'',0,0,'','order.shipping','admin','',100,'order/page/parts/shipping.method.twig',NULL),(917,'',0,0,'','packing_slip.base','admin','',25,'order/packing_slip/parts/body/body.note.twig',NULL),(918,'',0,0,'','packing_slip.items','admin','',10,'order/packing_slip/parts/body/totals.twig',NULL),(919,'',0,0,'','packing_slip.base','admin','',30,'order/packing_slip/parts/body/items.twig',NULL),(920,'',0,0,'','packing_slip.items.head','admin','',10,'order/packing_slip/parts/body/items/items.head.sku.twig',NULL),(921,'',0,0,'','packing_slip.items.head','admin','',40,'order/packing_slip/parts/body/items/items.head.qty_ship.twig',NULL),(922,'',0,0,'','packing_slip.item','admin','',20,'order/packing_slip/parts/body/items/item.name.twig',NULL),(923,'',0,0,'','packing_slip.items.head','admin','',30,'order/packing_slip/parts/body/items/items.head.qty.twig',NULL),(924,'',0,0,'','packing_slip.item','admin','',10,'order/packing_slip/parts/body/items/item.name.sku.twig',NULL),(925,'',0,0,'','packing_slip.item','admin','',40,'order/packing_slip/parts/body/items/item.qty_ship.twig',NULL),(926,'',0,0,'','packing_slip.items.head','admin','',20,'order/packing_slip/parts/body/items/items.head.name.twig',NULL),(927,'',0,0,'','packing_slip.item','admin','',30,'order/packing_slip/parts/body/items/item.qty.twig',NULL),(928,'',0,0,'','packing_slip.footer','admin','',20,'order/packing_slip/parts/footer/footer.additional.twig',NULL),(929,'',0,0,'','packing_slip.base','admin','',60,'order/packing_slip/parts/footer/footer.twig',NULL),(930,'',0,0,'','packing_slip.addresses','admin','',10,'order/packing_slip/parts/addresses/addresses.purchaser.twig',NULL),(931,'',0,0,'','packing_slip.addresses.shipping','admin','',10,'order/packing_slip/parts/addresses/purchaser.address.shipping.twig',NULL),(932,'',0,0,'','packing_slip.base','admin','',20,'order/packing_slip/parts/addresses/addresses.twig',NULL),(933,'',0,0,'','packing_slip.addresses','admin','',20,'order/packing_slip/parts/addresses/addresses.merchant.twig',NULL),(934,'',0,0,'','packing_slip.addresses.billing','admin','',10,'order/packing_slip/parts/addresses/purchaser.address.billing.twig',NULL),(935,'',0,0,'','packing_slip.base','admin','',10,'order/packing_slip/parts/head/head.twig',NULL),(936,'',0,0,'','packing_slip.head','admin','',20,'order/packing_slip/parts/head/head.logo.twig',NULL),(937,'',0,0,'','packing_slip.head','admin','',10,'order/packing_slip/parts/head/head.title.twig',NULL),(938,'',0,0,'','order.history.base.events.details.info','admin','',10,'order/history/parts/event_details.twig',NULL),(939,'',0,0,'','order.history.base.events.details.info','admin','',30,'order/history/parts/event_details_data.twig',NULL),(940,'',0,0,'','order.history.base','admin','',10,'order/history/parts/block.twig',NULL),(941,'',0,0,'','order.history.base.events','admin','',10,'order/history/parts/event_block_header.twig',NULL),(942,'',0,0,'','order.history.base.events.details.info','admin','',20,'order/history/parts/event_details_comment.twig',NULL),(943,'',0,0,'','order.history.base.events.details','admin','',20,'order/history/parts/event_details_action.twig',NULL),(944,'',0,0,'','order.history.base.events.details','admin','',10,'order/history/parts/event_date.twig',NULL),(945,'',0,0,'','order.history.base.events.details','admin','',30,'order/history/parts/event_description.twig',NULL),(946,'',0,0,'','order.history.base.events','admin','',20,'order/history/parts/event.twig',NULL),(947,'',0,0,'','searchPanel.order.admin.main.actions','admin','',16777215,'search_panel/order/clear_search.twig',NULL),(948,'',0,0,'','admin.main.page.header','admin','',9000,'body/header_right.twig',NULL),(949,'',0,0,'','admin.main.page.content.center','admin','',10,'center.twig',NULL),(950,'',0,0,'','address.order.main','admin','',300,'address/order/parts/shipping.twig',NULL),(951,'',0,0,'','address.order.main','admin','',400,'address/order/parts/buttons.twig',NULL),(952,'',0,0,'','address.order.main','admin','',100,'address/order/parts/info.twig',NULL),(953,'',0,0,'','address.order.main','admin','',200,'address/order/parts/billing.twig',NULL),(954,'',0,0,'','admin.main.page.footer.left','admin','',100,'footer/right/marketplace_terms.twig',NULL),(955,'',0,0,'','admin.main.page.footer.right','admin','',300,'footer/right/social_link.twig',NULL),(956,'',0,0,'','admin.main.page.footer.right','admin','',100,'footer/right/site.twig',NULL),(957,'',0,0,'','pager.itemsTotal','admin','',20,'pager/parts/items_total.twig',NULL),(958,'',0,0,'','pager.admin.model.table.left','admin','',300,'pager/model/table/parts/more.twig',NULL),(959,'',0,0,'','pager.admin.model.table.left','admin','',100,'pager/model/table/parts/page.twig',NULL),(960,'',0,0,'','pager.admin.model.table.left','admin','',400,'pager/model/table/parts/items_per_page.twig',NULL),(961,'',0,0,'','itemsList.productclass.header','admin','',10,'product_classes/header_note.twig',NULL),(962,'',0,0,'','itemsList.state.header','admin','',10,'states/header.twig',NULL),(963,'',0,0,'','payment.methods.list.line','admin','',100,'items_list/payment/methods/parts/line.header.twig',NULL),(964,'',0,0,'','payment.methods.list.header','admin','',100,'items_list/payment/methods/parts/header.icon.twig',NULL),(965,'',0,0,'','payment.methods.list.header','admin','',500,'items_list/payment/methods/parts/header.alt_icon.twig',NULL),(966,'',0,0,'','payment.methods.list.header','admin','',200,'items_list/payment/methods/parts/header.title.twig',NULL),(967,'',0,0,'','payment.methods.list.row','admin','',300,'items_list/payment/methods/parts/action.right.twig',NULL),(968,'',0,0,'','payment.methods.list.header','admin','',400,'items_list/payment/methods/parts/header.description.twig',NULL),(969,'',0,0,'','payment.methods.list.line','admin','',200,'items_list/payment/methods/parts/line.row.twig',NULL),(970,'',0,0,'','payment.methods.list.header','admin','',300,'items_list/payment/methods/parts/header.switcher.twig',NULL),(971,'',0,0,'','itemsList.product.table.admin.search.columns','admin','',70,'items_list/product/table/parts/columns/inventory.twig',NULL),(972,'',0,0,'','itemsList.product.table.admin.search.columns','admin','',20,'items_list/product/table/parts/columns/sku.twig',NULL),(973,'',0,0,'','itemsList.product.table.admin.search.columns','admin','',30,'items_list/product/table/parts/columns/name.twig',NULL),(974,'',0,0,'','itemsList.product.table.admin.search.columns','admin','',60,'items_list/product/table/parts/columns/price.twig',NULL),(975,'',0,0,'','itemsList.product.table.admin.search.columns','admin','',50,'items_list/product/table/parts/columns/position.twig',NULL),(976,'',0,0,'','itemsList.product.table.admin.search.columns','admin','',10,'items_list/product/table/parts/columns/checkbox.twig',NULL),(977,'',0,0,'','itemsList.product.table.admin.search.header','admin','',70,'items_list/product/table/parts/header/inventory.twig',NULL),(978,'',0,0,'','itemsList.product.table.admin.search.header','admin','',20,'items_list/product/table/parts/header/sku.twig',NULL),(979,'',0,0,'','itemsList.product.table.admin.search.header','admin','',30,'items_list/product/table/parts/header/name.twig',NULL),(980,'',0,0,'','itemsList.product.table.admin.search.header','admin','',60,'items_list/product/table/parts/header/price.twig',NULL),(981,'',0,0,'','itemsList.product.table.admin.search.header','admin','',50,'items_list/product/table/parts/header/position.twig',NULL),(982,'',0,0,'','itemsList.product.table.admin.search.header','admin','',10,'items_list/product/table/parts/header/checkbox.twig',NULL),(983,'',0,0,'','itemsList.product.modify.brief.admin.columns','admin','',70,'items_list/product/modify/brief/parts/columns/inventory.twig',NULL),(984,'',0,0,'','itemsList.product.modify.brief.admin.columns','admin','',20,'items_list/product/modify/brief/parts/columns/sku.twig',NULL),(985,'',0,0,'','itemsList.product.modify.brief.admin.columns','admin','',30,'items_list/product/modify/brief/parts/columns/name.twig',NULL),(986,'',0,0,'','itemsList.product.modify.brief.admin.columns','admin','',60,'items_list/product/modify/brief/parts/columns/price.twig',NULL),(987,'',0,0,'','itemsList.product.modify.brief.admin.header','admin','',70,'items_list/product/modify/brief/parts/header/inventory.twig',NULL),(988,'',0,0,'','itemsList.product.modify.brief.admin.header','admin','',20,'items_list/product/modify/brief/parts/header/sku.twig',NULL),(989,'',0,0,'','itemsList.product.modify.brief.admin.header','admin','',30,'items_list/product/modify/brief/parts/header/name.twig',NULL),(990,'',0,0,'','itemsList.product.modify.brief.admin.header','admin','',60,'items_list/product/modify/brief/parts/header/price.twig',NULL),(991,'',0,0,'','itemsList.product.modify.common.admin.columns','admin','',70,'items_list/product/modify/common/parts/columns/inventory.twig',NULL),(992,'',0,0,'','itemsList.product.modify.common.admin.columns','admin','',20,'items_list/product/modify/common/parts/columns/sku.twig',NULL),(993,'',0,0,'','itemsList.product.modify.common.admin.columns','admin','',30,'items_list/product/modify/common/parts/columns/name.twig',NULL),(994,'',0,0,'','itemsList.product.modify.common.admin.columns','admin','',60,'items_list/product/modify/common/parts/columns/price.twig',NULL),(995,'',0,0,'','itemsList.product.modify.common.admin.columns','admin','',10,'items_list/product/modify/common/parts/columns/checkbox.twig',NULL),(996,'',0,0,'','itemsList.product.modify.common.admin.header','admin','',70,'items_list/product/modify/common/parts/header/inventory.twig',NULL),(997,'',0,0,'','itemsList.product.modify.common.admin.header','admin','',20,'items_list/product/modify/common/parts/header/sku.twig',NULL),(998,'',0,0,'','itemsList.product.modify.common.admin.header','admin','',30,'items_list/product/modify/common/parts/header/name.twig',NULL),(999,'',0,0,'','itemsList.product.modify.common.admin.header','admin','',60,'items_list/product/modify/common/parts/header/price.twig',NULL),(1000,'',0,0,'','itemsList.product.modify.common.admin.header','admin','',10,'items_list/product/modify/common/parts/header/checkbox.twig',NULL),(1001,'',0,0,'','itemsList.module.manage.columns.module-main-section','admin','',200,'items_list/module/manage/parts/columns/xcn_notice.twig',NULL),(1002,'',0,0,'','itemsList.module.manage.columns.icon','admin','',200,'items_list/module/manage/parts/columns/icon/image.twig',NULL),(1003,'',0,0,'','itemsList.module.install.columns.icon','admin','',200,'items_list/module/manage/parts/columns/icon/image.twig',NULL),(1004,'',0,0,'','itemsList.module.install.columns.module-description-section','admin','',15,'items_list/module/manage/parts/columns/module-description-section/translation_notice.twig',NULL),(1005,'',0,0,'','itemsList.module.manage.columns.module-description-section','admin','',20,'items_list/module/manage/parts/columns/module-description-section/author.twig',NULL),(1006,'',0,0,'','itemsList.module.manage.columns.module-description-section','admin','',10,'items_list/module/manage/parts/columns/module-description-section/description.twig',NULL),(1007,'',0,0,'','itemsList.module.install.columns.module-description-section','admin','',10,'items_list/module/manage/parts/columns/module-description-section/description.twig',NULL),(1008,'',0,0,'','itemsList.module.manage.columns.module-main-section.messages','admin','',30,'items_list/module/manage/parts/columns/module-main-section/cannot_enable.twig',NULL),(1009,'',0,0,'','itemsList.module.install.columns.module-main-section','admin','',400,'items_list/module/manage/parts/columns/module-main-section/cannot_enable.twig',NULL),(1010,'',0,0,'','itemsList.module.manage.columns.module-main-section','admin','',1000,'items_list/module/manage/parts/columns/module-main-section/js_code.twig',NULL),(1011,'',0,0,'','itemsList.module.manage.columns.module-main-section.messages','admin','',40,'items_list/module/manage/parts/columns/module-main-section/upgrade_notes.twig',NULL),(1012,'',0,0,'','itemsList.module.manage.columns.module-main-section','admin','',40,'items_list/module/manage/parts/columns/module-main-section/messages.twig',NULL),(1013,'',0,0,'','itemsList.module.manage.columns.module-main-section.messages.cannot_enable.core_upgrade_needed','admin','',200,'items_list/module/manage/parts/columns/module-main-section/cannot_enable/core_upgrade_needed/note_2.twig',NULL),(1014,'',0,0,'','itemsList.module.install.columns.module-main-section.cannot_enable.core_upgrade_needed','admin','',200,'items_list/module/manage/parts/columns/module-main-section/cannot_enable/core_upgrade_needed/note_2.twig',NULL),(1015,'',0,0,'','itemsList.module.manage.columns.module-main-section.messages.cannot_enable.core_upgrade_needed','admin','',100,'items_list/module/manage/parts/columns/module-main-section/cannot_enable/core_upgrade_needed/note_1_enable.twig',NULL),(1016,'',0,0,'','itemsList.module.install.columns.module-main-section.cannot_enable.core_upgrade_needed','admin','',100,'items_list/module/manage/parts/columns/module-main-section/cannot_enable/core_upgrade_needed/note_1_install.twig',NULL),(1017,'',0,0,'','itemsList.module.manage.columns.module-main-section.messages.cannot_enable','admin','',100,'items_list/module/manage/parts/columns/module-main-section/cannot_enable/dependencies.twig',NULL),(1018,'',0,0,'','itemsList.module.install.columns.module-main-section.cannot_enable','admin','',100,'items_list/module/manage/parts/columns/module-main-section/cannot_enable/dependencies.twig',NULL),(1019,'',0,0,'','itemsList.module.manage.columns.module-main-section.messages.cannot_enable','admin','',200,'items_list/module/manage/parts/columns/module-main-section/cannot_enable/core_upgrade_needed.twig',NULL),(1020,'',0,0,'','itemsList.module.install.columns.module-main-section.cannot_enable','admin','',200,'items_list/module/manage/parts/columns/module-main-section/cannot_enable/core_upgrade_needed.twig',NULL),(1021,'',0,0,'','itemsList.module.manage.columns.module-main-section.messages.cannot_enable.dependencies','admin','',200,'items_list/module/manage/parts/columns/module-main-section/cannot_enable/dependencies/list.twig',NULL),(1022,'',0,0,'','itemsList.module.install.columns.module-main-section.cannot_enable.dependencies','admin','',200,'items_list/module/manage/parts/columns/module-main-section/cannot_enable/dependencies/list.twig',NULL),(1023,'',0,0,'','itemsList.module.manage.columns.module-main-section.messages.cannot_enable.dependencies','admin','',300,'items_list/module/manage/parts/columns/module-main-section/cannot_enable/dependencies/note_mutual.twig',NULL),(1024,'',0,0,'','itemsList.module.install.columns.module-main-section.cannot_enable.dependencies','admin','',300,'items_list/module/manage/parts/columns/module-main-section/cannot_enable/dependencies/note_mutual.twig',NULL),(1025,'',0,0,'','itemsList.module.manage.columns.module-main-section.messages.cannot_enable.dependencies.details','admin','',100,'items_list/module/manage/parts/columns/module-main-section/cannot_enable/dependencies/details/link.twig',NULL),(1026,'',0,0,'','itemsList.module.install.columns.module-main-section.cannot_enable.dependencies.details','admin','',100,'items_list/module/manage/parts/columns/module-main-section/cannot_enable/dependencies/details/link.twig',NULL),(1027,'',0,0,'','itemsList.module.manage.columns.module-main-section.messages.cannot_enable.dependencies','admin','',100,'items_list/module/manage/parts/columns/module-main-section/cannot_enable/dependencies/note.twig',NULL),(1028,'',0,0,'','itemsList.module.install.columns.module-main-section.cannot_enable.dependencies','admin','',100,'items_list/module/manage/parts/columns/module-main-section/cannot_enable/dependencies/note.twig',NULL),(1029,'',0,0,'','itemsList.module.manage.columns.module-main-section.messages.cannot_enable.dependencies','admin','',400,'items_list/module/manage/parts/columns/module-main-section/cannot_enable/dependencies/list_mutual.twig',NULL),(1030,'',0,0,'','itemsList.module.install.columns.module-main-section.cannot_enable.dependencies','admin','',400,'items_list/module/manage/parts/columns/module-main-section/cannot_enable/dependencies/list_mutual.twig',NULL),(1031,'',0,0,'','itemsList.module.manage.columns.module-main-section.messages.cannot_enable','admin','',300,'items_list/module/manage/parts/columns/module-main-section/cannot_enable/module_upgrade_needed.twig',NULL),(1032,'',0,0,'','itemsList.module.install.columns.module-main-section.cannot_enable','admin','',300,'items_list/module/manage/parts/columns/module-main-section/cannot_enable/module_upgrade_needed.twig',NULL),(1033,'',0,0,'','itemsList.module.manage.columns.module-main-section.messages.cannot_enable','admin','',400,'items_list/module/manage/parts/columns/module-main-section/cannot_enable/module_upgrade_needed/request_for_upgrade.twig',NULL),(1034,'',0,0,'','itemsList.module.install.columns.module-main-section.cannot_enable','admin','',400,'items_list/module/manage/parts/columns/module-main-section/cannot_enable/module_upgrade_needed/request_for_upgrade.twig',NULL),(1035,'',0,0,'','itemsList.module.manage.columns.module-main-section.messages.cannot_enable.module_upgrade_needed','admin','',100,'items_list/module/manage/parts/columns/module-main-section/cannot_enable/module_upgrade_needed/note.twig',NULL),(1036,'',0,0,'','itemsList.module.install.columns.module-main-section.cannot_enable.module_upgrade_needed','admin','',100,'items_list/module/manage/parts/columns/module-main-section/cannot_enable/module_upgrade_needed/note.twig',NULL),(1037,'',0,0,'','itemsList.module.manage.columns.module-main-section.messages','admin','',40,'items_list/module/manage/parts/columns/module-main-section/update_notes.twig',NULL),(1038,'',0,0,'','itemsList.module.manage.columns.module-main-section','admin','',10,'items_list/module/manage/parts/columns/module-main-section/name-manage.twig',NULL),(1039,'',0,0,'','itemsList.module.manage.columns.module-main-section','admin','',20,'items_list/module/manage/parts/columns/module-main-section/version.twig',NULL),(1040,'',0,0,'','itemsList.module.manage.columns.module-main-section','admin','',25,'items_list/module/manage/parts/columns/module-main-section/author.twig',NULL),(1041,'',0,0,'','itemsList.module.manage.columns.module-main-section','admin','',30,'items_list/module/manage/parts/columns/module-main-section/actions.twig',NULL),(1042,'',0,0,'','itemsList.module.install.columns.module-main-section','admin','',30,'items_list/module/manage/parts/columns/module-main-section/actions.twig',NULL),(1043,'',0,0,'','itemsList.module.install.columns.module-main-section','admin','',10,'items_list/module/manage/parts/columns/module-main-section/name.twig',NULL),(1044,'',0,0,'','itemsList.module.manage.columns.module-main-section.messages','admin','',30,'items_list/module/manage/parts/columns/module-main-section/cannot_disable.twig',NULL),(1045,'',0,0,'','itemsList.module.manage.columns','admin','',50,'items_list/module/manage/parts/columns/main.twig',NULL),(1046,'',0,0,'','itemsList.module.install.columns','admin','',50,'items_list/module/manage/parts/columns/main.twig',NULL),(1047,'',0,0,'','itemsList.module.manage.columns','admin','',30,'items_list/module/manage/parts/columns/icon.twig',NULL),(1048,'',0,0,'','itemsList.module.install.columns','admin','',30,'items_list/module/manage/parts/columns/icon.twig',NULL),(1049,'',0,0,'','itemsList.module.manage.columns','admin','',70,'items_list/module/manage/parts/columns/description.twig',NULL),(1050,'',0,0,'','itemsList.module.install.columns','admin','',70,'items_list/module/manage/parts/columns/description.twig',NULL),(1051,'',0,0,'','itemsList.module.manage.sections','admin','',400,'items_list/module/manage/parts/sections/list.twig',NULL),(1052,'',0,0,'','modules-manage.top-controls','admin','',100,'items_list/module/manage/parts/sections/header.twig',NULL),(1053,'',0,0,'','itemsList.module.manage.sections','admin','',100,'items_list/module/manage/parts/sections/javascript.twig',NULL),(1054,'',0,0,'','install-modules.pager.buttons','admin','',100,'items_list/module/install/items_list/view_all.twig',NULL),(1055,'',0,0,'','marketplace.top-controls','admin','',400,'items_list/module/install/items_list/list.twig',NULL),(1056,'',0,0,'','marketplace.top-controls','admin','',300,'items_list/module/install/items_list/clear.twig',NULL),(1057,'',0,0,'','marketplace.top-controls','admin','',100,'items_list/module/install/items_list/banner.twig',NULL),(1058,'',0,0,'','itemsList.module.install.columns.module-main-section','admin','',500,'items_list/module/install/parts/columns/upgrade_notes.twig',NULL),(1059,'',0,0,'','itemsList.module.install.columns.module-main-section','admin','',200,'items_list/module/install/parts/columns/info/purchase.twig',NULL),(1060,'',0,0,'','itemsList.module.install.columns.module-main-section','admin','',200,'items_list/module/install/parts/columns/info/xcn_notice.twig',NULL),(1061,'',0,0,'','itemsList.module.install.columns.module-main-section','admin','',200,'items_list/module/install/parts/columns/info/install.twig',NULL),(1062,'',0,0,'','itemsList.module.install.columns.module-description-section','admin','',20,'items_list/module/install/parts/columns/info/author.twig',NULL),(1063,'',0,0,'','itemsList.module.install.columns.module-main-section','admin','',200,'items_list/module/install/parts/columns/info/not_avail_notice.twig',NULL),(1064,'',0,0,'','itemsList.module.install.columns.module-main-section','admin','',100,'items_list/module/install/parts/columns/info/already_installed.twig',NULL),(1065,'',0,0,'','itemsList.module.install.columns.module-description-section','admin','',30,'items_list/module/install/parts/columns/info/url.twig',NULL),(1066,'',0,0,'','itemsList.module.install.columns.module-main-section','admin','',100,'items_list/module/install/parts/columns/info/price.twig',NULL),(1067,'',0,0,'','itemsList.module.install.columns.module-description-section','admin','',0,'items_list/module/install/parts/columns/info/tags.twig',NULL),(1068,'',0,0,'','itemsList.module.install.columns.module-description-section.info-element','admin','',10,'items_list/module/install/parts/columns/info/vote.twig',NULL),(1069,'',0,0,'','itemsList.module.install.columns.module-description-section.info-element','admin','',20,'items_list/module/install/parts/columns/info/download.twig',NULL),(1070,'',0,0,'','itemsList.module.install.columns.module-main-section','admin','',20,'items_list/module/install/parts/columns/info.twig',NULL),(1071,'',0,0,'','marketplace.landing.controls','admin','',200,'items_list/module/install/parts/sections/tags_list.twig',NULL),(1072,'',0,0,'','marketplace.addons-filters','admin','',200,'items_list/module/install/parts/sections/addons_search_box.twig',NULL),(1073,'',0,0,'','marketplace.landing.controls','admin','',100,'items_list/module/install/parts/sections/addons_search_box.twig',NULL),(1074,'',0,0,'','marketplace.top-controls','admin','',350,'items_list/module/install/parts/sections/header.twig',NULL),(1075,'',0,0,'','itemsList.orders.search.cell.status','admin','',16777215,'items_list/model/table/order/cell.actions.twig',NULL),(1076,'',0,0,'','itemsList.orders.search.cell.status','admin','',16777215,'items_list/model/table/order/cell.payment_actions.twig',NULL),(1077,'',0,0,'','itemsList.category.cell.subcategories','admin','',100,'items_list/model/table/category/parts/info.subcategories.twig',NULL),(1078,'',0,0,'','itemsList.category.cell.info','admin','',100,'items_list/model/table/category/parts/info.products.twig',NULL),(1079,'',0,0,'','itemsList.orderitem.cell.price','admin','',100,'items_list/model/table/order_item/restore.twig',NULL),(1080,'',0,0,'','itemsList.orderitem.dumpCell.price','admin','',100,'items_list/model/table/order_item/restore.twig',NULL),(1081,'',0,0,'','itemsList.country.cell.states','admin','',100,'items_list/model/table/countries/parts/cell.states.twig',NULL),(1082,'',0,0,'','itemsList.shipping-methods.cell.rates','admin','',100,'items_list/model/table/shipping/methods/cell.rates.twig',NULL),(1083,'',0,0,'','itemsList.profile.search.footer','admin','',20,'profile/add_user.twig',NULL),(1084,'',0,0,'','itemsList.profile.search.footer','admin','',10,'profile/delete_user.twig',NULL),(1085,'',0,0,'','dashboard-center','admin','',200,'dashboard/parts/center/panel.twig',NULL),(1086,'',0,0,'','dashboard-sidebar','admin','',100,'dashboard/parts/sidebar/order_stats.twig',NULL),(1087,'',0,0,'','dashboard','admin','',100,'dashboard/parts/body_markup.twig',NULL),(1088,'',0,0,'','crud.settings.footer','admin','',100,'settings/email.twig',NULL),(1089,'',0,0,'','crud.settings.footer','admin','',200,'settings/clean_view_cache.twig',NULL),(1090,'',0,0,'','crud.settings.footer','admin','',100,'settings/clean_aggregation.twig',NULL),(1091,'',0,0,'','admin.center','admin','',16777215,'settings/module.twig',NULL),(1092,'',0,0,'','file-uploader.menu','admin','',20,'file_uploader/parts/menu.view.twig',NULL),(1093,'',0,0,'','file-uploader.menu','admin','',100,'file_uploader/parts/menu.delete.twig',NULL),(1094,'',0,0,'','file-uploader.menu','admin','',30,'file_uploader/parts/menu.upload.twig',NULL),(1095,'',0,0,'','file-uploader.menu','admin','',50,'file_uploader/parts/menu.alt.twig',NULL),(1096,'',0,0,'','file-uploader.menu','admin','',10,'file_uploader/parts/menu.message.twig',NULL),(1097,'',0,0,'','install-addon.buttons','admin','',16777215,'modules_manager/license/select_type_button.twig',NULL),(1098,'',0,0,'','install-addon.buttons','admin','',16777215,'modules_manager/license/install_button.twig',NULL),(1099,'',0,0,'','installation_types.buttons','admin','',16777215,'modules_manager/installation_type/buttons.twig',NULL),(1100,'',0,0,'','admin.main.page.header','admin','',16777215,'top_links/version_notes/parts/key_notice.twig',NULL),(1101,'',0,0,'','admin.main.page.header','admin','',20,'top_links/version_notes/parts/base.twig',NULL),(1102,'',0,0,'','itemsList.removedata.header','admin','',100,'page/remove_data/parts/remove.twig',NULL),(1103,'',0,0,'','layout_settings','admin','',10,'layout_settings/parts/layout_settings.settings.twig',NULL),(1104,'',0,0,'','layout_settings','admin','',20,'layout_settings/parts/layout_settings.change_template.twig',NULL),(1105,'',0,0,'','layout_settings.settings','admin','',40,'layout_settings/settings/parts/settings.settings_form.twig',NULL),(1106,'',0,0,'','layout_settings.settings','admin','',30,'layout_settings/settings/parts/settings.layout_type.twig',NULL),(1107,'',0,0,'','layout_settings.settings','admin','',20,'layout_settings/settings/parts/settings.current_template.twig',NULL),(1108,'',0,0,'','itemsList.methods.header','admin','',10,'payment/appearance/note.twig',NULL),(1109,'',0,0,'','payment.method.add.offline','admin','',16777215,'payment/add_method/parts/add_offline_method.twig',NULL),(1110,'',0,0,'','itemsList.onlinemethods.header','admin','',10,'payment/add_method/parts/payment_gateways.note.twig',NULL),(1111,'',0,0,'','jscontainer.js','admin','',100,'jscontainer/parts/js.twig',NULL),(1112,'',0,0,'','jscontainer.js','admin','',300,'jscontainer/parts/register_resources.twig',NULL),(1113,'',0,0,'','jscontainer.js','admin','',200,'jscontainer/parts/js_aggregation.twig',NULL),(1114,'',0,0,'','product.search.conditions.by-keywords','admin','',30,'product/search/parts/by_conditions_parts/by_description.twig',NULL),(1115,'',0,0,'','product.search.conditions.by-keywords','admin','',10,'product/search/parts/by_conditions_parts/by_title.twig',NULL),(1116,'',0,0,'','product.search.conditions.by-keywords','admin','',20,'product/search/parts/by_conditions_parts/by_sku.twig',NULL),(1117,'',0,0,'','product.inventory.parts','admin','',10,'product/inventory/inv_track_selector.twig',NULL),(1118,'',0,0,'','product.inventory.parts','admin','',40,'product/inventory/low_limit_amount.twig',NULL),(1119,'',0,0,'','product.inventory.parts','admin','',30,'product/inventory/low_limit_selector.twig',NULL),(1120,'',0,0,'','product.inventory.parts','admin','',100,'product/inventory/buttons.twig',NULL),(1121,'',0,0,'','product.inventory.parts','admin','',20,'product/inventory/inv_track_amount.twig',NULL),(1122,'',0,0,'','product.attributes.actions','admin','',10,'product/attributes/parts/action.remove.twig',NULL),(1123,'',0,0,'','itemsList.attributegroup.footer','admin','',10,'attribute_groups/note.twig',NULL),(1124,'',0,0,'','import.begin.options','admin','',100,'import/parts/option.update_only.twig',NULL),(1125,'',0,0,'','import.failed.buttons','admin','',100,'import/parts/failed.buttons.reupload.twig',NULL),(1126,'',0,0,'','import.begin.options','admin','',200,'import/parts/option.delete_temporary_files.twig',NULL),(1127,'',0,0,'','import.failed.content.errors','admin','',100,'import/parts/common.errors.twig',NULL),(1128,'',0,0,'','import.completed.content.errors','admin','',100,'import/parts/common.errors.twig',NULL),(1129,'',0,0,'','import.begin.content','admin','',100,'import/parts/begin.files.twig',NULL),(1130,'',0,0,'','import.begin.options','admin','',50,'import/parts/option.ignore_images_verification.twig',NULL),(1131,'',0,0,'','import.begin.buttons','admin','',100,'import/parts/begin.buttons.import.twig',NULL),(1132,'',0,0,'','import.begin.content','admin','',200,'import/parts/begin.options.twig',NULL),(1133,'',0,0,'','import.completed.content','admin','',100,'import/parts/completed.messages.twig',NULL),(1134,'',0,0,'','import.begin.options','admin','',400,'import/parts/option.delimiter.twig',NULL),(1135,'',0,0,'','import.completed.buttons','admin','',100,'import/parts/completed.buttons.new_import.twig',NULL),(1136,'',0,0,'','import.begin.options','admin','',300,'import/parts/option.charset.twig',NULL),(1137,'',0,0,'','import.begin.content.files','admin','',100,'import/parts/begin.files.orders_note.twig',NULL),(1138,'',0,0,'','import.failed.content','admin','',100,'import/parts/failed.errors.twig',NULL),(1139,'',0,0,'','import.failed.buttons','admin','',200,'import/parts/failed.buttons.proceed.twig',NULL),(1140,'',0,0,'','admin.main.page.header','admin','',10,'main_center/page_container_parts/header_parts/logo.twig',NULL),(1141,'',0,0,'','admin.main.page.header','admin','',30,'main_center/page_container_parts/header_parts/menu_control.twig',NULL),(1142,'',0,0,'','head','admin','',80,'header/parts/favicon.twig',NULL),(1143,'',0,0,'','head','admin','',40,'header/parts/ie.twig',NULL),(1144,'',0,0,'','head','admin','',10,'header/parts/title.twig',NULL),(1145,'',0,0,'','head.css','admin','',100,'header/parts/parts.css/css.twig',NULL),(1146,'',0,0,'','head.css','admin','',200,'header/parts/parts.css/css_aggregation.twig',NULL),(1147,'',0,0,'','head','admin','',100,'header/parts/js_static.twig',NULL),(1148,'',0,0,'','head','admin','',70,'header/parts/nofollow.twig',NULL),(1149,'',0,0,'','head','admin','',700,'header/parts/meta_mobile-capable.twig',NULL),(1150,'',0,0,'','head','admin','',90,'header/parts/css.twig',NULL),(1151,'',0,0,'','head','admin','',20,'header/parts/content-type.twig',NULL),(1152,'',0,0,'','head','admin','',40,'header/parts/noindex.twig',NULL),(1153,'',0,0,'','zones.zone.details','admin','',200,'zones/details/parts/field.state.twig',NULL),(1154,'',0,0,'','zones.zone.details','admin','',100,'zones/details/parts/field.country.twig',NULL),(1155,'',0,0,'','zones.zone','admin','',300,'zones/details/parts/actions.twig',NULL),(1156,'',0,0,'','zones.zone.details','admin','',500,'zones/details/parts/field.address.twig',NULL),(1157,'',0,0,'','zones.zone.details','admin','',400,'zones/details/parts/field.zipcode.twig',NULL),(1158,'',0,0,'','zones.zone','admin','',200,'zones/details/parts/details.twig',NULL),(1159,'',0,0,'','zones.zone.details','admin','',300,'zones/details/parts/field.city.twig',NULL),(1160,'',0,0,'','zones.zone','admin','',100,'zones/details/parts/field.name.twig',NULL),(1161,'',0,0,'','top_sellers.selectors','admin','',10,'top_sellers/parts/period_selector.twig',NULL),(1162,'',0,0,'','crud.bannerrotation.formFooter','admin','',200,'banner_rotation/parts/images.twig',NULL),(1163,'',0,0,'','crud.bannerrotation.formHeader','admin','',50,'banner_rotation/parts/promo.twig',NULL),(1164,'',0,0,'','browseServer','admin','',100,'browse_server/parts/items.twig',NULL),(1165,'',0,0,'','browseServer.item','admin','',100,'browse_server/parts/item.name.twig',NULL),(1166,'',0,0,'','browseServer','admin','',200,'browse_server/parts/buttons.twig',NULL),(1167,'',0,0,'','order.operations','admin','',105,'modules/Amazon/PayWithAmazon/order_controls.twig',NULL),(1168,'',0,0,'','payment.methods.list.header','admin','',400,'modules/XC/SagePay/sagepay_description.twig',NULL),(1169,'',0,0,'','payment_status.after.SagePay_form_protocol','admin','',100,'modules/XC/SagePay/payment_status.twig',NULL),(1170,'',0,0,'','layout_settings.settings','admin','',40,'modules/XC/ThemeTweaker/layout_settings/settings.layout_edit_switcher.twig',NULL),(1171,'',0,0,'','layout_settings.settings','admin','',35,'modules/XC/ThemeTweaker/layout_settings/settings.webmaster_mode_switcher.twig',NULL),(1172,'',0,0,'','images_settings','admin','',100,'modules/XC/ThemeTweaker/images_settings/parts/custom_images.twig',NULL),(1173,'',0,0,'','form_model.xc.bulkediting.product.after','admin','',100,'modules/XC/BulkEditing/bulk_edit/selected.twig',NULL),(1174,'',0,0,'','itemsList.xc.bulkediting.category.header','admin','',100,'modules/XC/BulkEditing/items_list/selected/count.twig',NULL),(1175,'',0,0,'','itemsList.xc.bulkediting.inventory.header','admin','',100,'modules/XC/BulkEditing/items_list/selected/count.twig',NULL),(1176,'',0,0,'','itemsList.xc.bulkediting.priceandmembership.header','admin','',100,'modules/XC/BulkEditing/items_list/selected/count.twig',NULL),(1177,'',0,0,'','itemsList.xc.bulkediting.shippinginfo.header','admin','',100,'modules/XC/BulkEditing/items_list/selected/count.twig',NULL),(1178,'',0,0,'','itemsList.xc.reviews.review.header','admin','',16777215,'modules/XC/Reviews/reviews/buttons/addReview.twig',NULL),(1179,'',0,0,'','itemsList.xc.reviews.productreview.header','admin','',16777215,'modules/XC/Reviews/reviews/buttons/addReview.twig',NULL),(1180,'',0,0,'','review.modify.fields','admin','',500,'modules/XC/Reviews/review/parts/review.twig',NULL),(1181,'',0,0,'','review.modify.buttons.approved','admin','',600,'modules/XC/Reviews/review/parts/buttons.approved.twig',NULL),(1182,'',0,0,'','review.modify.fields','admin','',200,'modules/XC/Reviews/review/parts/rating.twig',NULL),(1183,'',0,0,'','review.modify.fields','admin','',100,'modules/XC/Reviews/review/parts/product.twig',NULL),(1184,'',0,0,'','review.modify.buttons.pending','admin','',600,'modules/XC/Reviews/review/parts/buttons.pending.twig',NULL),(1185,'',0,0,'','review.modify.fields','admin','',300,'modules/XC/Reviews/review/parts/reviewer.twig',NULL),(1186,'',0,0,'','order.shipping','admin','',250,'modules/XC/CanadaPost/order/page/parts/shipping.d2po.twig',NULL),(1187,'',0,0,'','searchPanel.xc.canadapost.productsreturn.admin.main.actions','admin','',16777215,'modules/XC/CanadaPost/search_panel/return/clear_search.twig',NULL),(1188,'',0,0,'','capost_return.form','admin','',300,'modules/XC/CanadaPost/products_return/parts/form.files.twig',NULL),(1189,'',0,0,'','capost_return.form.actions.left','admin','',100,'modules/XC/CanadaPost/products_return/parts/form.action.left.status.twig',NULL),(1190,'',0,0,'','capost_return.form.actions.right','admin','',100,'modules/XC/CanadaPost/products_return/parts/form.action.right.note.twig',NULL),(1191,'',0,0,'','capost_return','admin','',200,'modules/XC/CanadaPost/products_return/parts/form.twig',NULL),(1192,'',0,0,'','capost_return.form','admin','',100,'modules/XC/CanadaPost/products_return/parts/form.actions.twig',NULL),(1193,'',0,0,'','capost_return.form','admin','',200,'modules/XC/CanadaPost/products_return/parts/form.products.twig',NULL),(1194,'',0,0,'','capost_return','admin','',100,'modules/XC/CanadaPost/products_return/parts/created.twig',NULL),(1195,'',0,0,'','capost_return.form','admin','',400,'modules/XC/CanadaPost/products_return/parts/form.notes.twig',NULL),(1196,'',0,0,'','order.payment','admin','',110,'modules/CDev/Paypal/order/payment.id.twig',NULL),(1197,'',0,0,'','payment.methods.list.row.after.ExpressCheckout','admin','',100,'modules/CDev/Paypal/items_list/payment/methods/parts/action.right.after.expressCheckout.twig',NULL),(1198,'',0,0,'','payment.methods.list.row.after.PayflowLink','admin','',100,'modules/CDev/Paypal/items_list/payment/methods/parts/action.right.after.twig',NULL),(1199,'',0,0,'','payment.methods.list.row.after.PaypalAdvanced','admin','',100,'modules/CDev/Paypal/items_list/payment/methods/parts/action.right.after.twig',NULL),(1200,'',0,0,'','payment.methods.list.row.after.PaypalWPS','admin','',100,'modules/CDev/Paypal/items_list/payment/methods/parts/action.right.after.twig',NULL),(1201,'',0,0,'','payment_status.after.ExpressCheckout','admin','',100,'modules/CDev/Paypal/settings/ExpressCheckout/payment_status.twig',NULL),(1202,'',0,0,'','paypal.welcome','admin','',20,'modules/CDev/Paypal/welcome/parts/block.twig',NULL),(1203,'',0,0,'','paypal.welcome.content','admin','',20,'modules/CDev/Paypal/welcome/parts/block.footer.twig',NULL),(1204,'',0,0,'','paypal.welcome.content','admin','',10,'modules/CDev/Paypal/welcome/parts/block.content.twig',NULL),(1205,'',0,0,'','itemsList.shipping-methods.header','admin','',20,'modules/CDev/USPS/refresh.twig',NULL),(1206,'',0,0,'','crud.modulesettings.formHeader','admin','',50,'modules/CDev/GoogleAnalytics/promo.twig',NULL),(1207,'',0,0,'','order.actions.paymentActionsRow','admin','',19000,'modules/CDev/XPaymentsConnector/order/order/payment_actions/recharge.twig',NULL),(1208,'',0,0,'','order.actions.paymentActionsRow','admin','',100,'modules/CDev/XPaymentsConnector/order/page/parts/action.transactions.tooltip.twig',NULL),(1209,'',0,0,'','order','admin','',1100,'modules/CDev/XPaymentsConnector/order/fraud_status/check.twig',NULL),(1210,'',0,0,'','order','admin','',1000,'modules/CDev/XPaymentsConnector/order/fraud_status/kount.twig',NULL),(1211,'',0,0,'','order.operations','admin','',290,'modules/CDev/XPaymentsConnector/order/transactions/body.twig',NULL),(1212,'',0,0,'','admin.account.saved_cards.before','admin','',100,'modules/CDev/XPaymentsConnector/account/saved_cards.header.twig',NULL),(1213,'',0,0,'','admin.account.add_new_card.address','admin','',100,'modules/CDev/XPaymentsConnector/account/add_new_card.address.twig',NULL),(1214,'',0,0,'','admin.account.saved_cards.table','admin','',100,'modules/CDev/XPaymentsConnector/account/saved_cards.table.twig',NULL),(1215,'',0,0,'','admin.account.add_new_card.form','admin','',100,'modules/CDev/XPaymentsConnector/account/add_new_card.form.twig',NULL),(1216,'',0,0,'','payment.methods.body','admin','',150,'modules/CDev/Moneybookers/register.twig',NULL),(1217,'',0,0,'','itemsList.cdev.simplecms.menu.header','admin','',10,'modules/CDev/SimpleCMS/menus/default_option.twig',NULL),(1218,'',0,0,'','product.modify.list','admin','',832,'modules/CDev/ProductAdvisor/product/parts/coming_soon.twig',NULL),(1219,'',0,0,'','product.modify.list','admin','',832,'modules/CDev/ProductAdvisor/product/parts/new_arrival.twig',NULL),(1220,'',0,0,'','itemsList.products.search.cell.name','admin','',10,'modules/CDev/Sale/product/sale_label.twig',NULL),(1221,'',0,0,'','itemsList.product_selector.cell.name','admin','',10,'modules/CDev/Sale/product/sale_label.twig',NULL),(1222,'',0,0,'','sale_discount_types','admin','',20,'modules/CDev/Sale/sale_discount_types/parts/percent.twig',NULL),(1223,'',0,0,'','sale_discount_types','admin','',40,'modules/CDev/Sale/sale_discount_types/parts/hidden_percent.twig',NULL),(1224,'',0,0,'','sale_discount_types','admin','',10,'modules/CDev/Sale/sale_discount_types/parts/price.twig',NULL),(1225,'',0,0,'','sale_discount_types','admin','',30,'modules/CDev/Sale/sale_discount_types/parts/hidden_price.twig',NULL),(1226,'',0,0,'','itemsList.product.admin.featured.columns','admin','',40,'modules/CDev/FeaturedProducts/items_list/product/featured/parts/columns/category.twig',NULL),(1227,'',0,0,'','itemsList.product.admin.featured.columns','admin','',20,'modules/CDev/FeaturedProducts/items_list/product/featured/parts/columns/sku.twig',NULL),(1228,'',0,0,'','itemsList.product.admin.featured.columns','admin','',30,'modules/CDev/FeaturedProducts/items_list/product/featured/parts/columns/name.twig',NULL),(1229,'',0,0,'','itemsList.product.admin.featured.columns','admin','',10,'modules/CDev/FeaturedProducts/items_list/product/featured/parts/columns/checkbox.twig',NULL),(1230,'',0,0,'','itemsList.product.admin.featured.header','admin','',40,'modules/CDev/FeaturedProducts/items_list/product/featured/parts/header/category.twig',NULL),(1231,'',0,0,'','itemsList.product.admin.featured.header','admin','',20,'modules/CDev/FeaturedProducts/items_list/product/featured/parts/header/sku.twig',NULL),(1232,'',0,0,'','itemsList.product.admin.featured.header','admin','',30,'modules/CDev/FeaturedProducts/items_list/product/featured/parts/header/name.twig',NULL),(1233,'',0,0,'','itemsList.product.admin.featured.header','admin','',10,'modules/CDev/FeaturedProducts/items_list/product/featured/parts/header/checkbox.twig',NULL),(1234,'',0,0,'','itemsList.category.cell.featured_products','admin','',100,'modules/CDev/FeaturedProducts/items_list/category/parts/info.featured_products.twig',NULL),(1235,'',0,0,'','coupons.itemsList.header','admin','',100,'modules/CDev/Coupons/coupons/list/add.twig',NULL),(1236,'',0,0,'','itemsList.coupons.cell.code','admin','',16777215,'modules/CDev/Coupons/coupons/list/code.twig',NULL),(1237,'',0,0,'','invoice.base.totals.modifier.name','admin','',16777215,'modules/CDev/Coupons/coupons_minilist.twig',NULL),(1238,'',0,0,'','qsl.specialoffersbase.special_offers.list.create','admin','',100,'modules/QSL/SpecialOffersBase/special_offers/create/type.twig',NULL),(1239,'',0,0,'','qsl.specialoffersbase.special_offers.list.create','admin','',200,'modules/QSL/SpecialOffersBase/special_offers/create/action.create.twig',NULL),(1240,'',0,0,'','qsl.specialoffersbase.special_offers.list.search.conditions','admin','',100,'modules/QSL/SpecialOffersBase/special_offers/conditions/name.twig',NULL),(1241,'',0,0,'','qsl.specialoffersbase.special_offers.list.search.conditions','admin','',200,'modules/QSL/SpecialOffersBase/special_offers/conditions/action.search.twig',NULL),(1242,'',0,0,'','profiles.search.dateTypes','admin','',100,'profiles/parts/search_form/date_type.registered.twig',NULL),(1243,'',0,0,'','profiles.search.dateTypes','admin','',200,'profiles/parts/search_form/date_type.logged.twig',NULL),(1244,'',0,0,'','languages.add-language','admin','',300,'languages/languages/parts/import_language.twig',NULL),(1245,'',0,0,'','file_select_dialog.file_selections','admin','',400,'file_selector/parts/local_server_input.twig',NULL),(1246,'',0,0,'','file_select_dialog.file_selections','admin','',100,'file_selector/parts/local_computer_label.twig',NULL),(1247,'',0,0,'','file_select_dialog.file_selections','admin','',600,'file_selector/parts/url_input.twig',NULL),(1248,'',0,0,'','file_select_dialog.file_selections','admin','',300,'file_selector/parts/local_server_label.twig',NULL),(1249,'',0,0,'','file_select_dialog.actions','admin','',100,'file_selector/parts/file_select_actions.twig',NULL),(1250,'',0,0,'','file_select_dialog.file_selections','admin','',700,'file_selector/parts/url_copy_to_local.twig',NULL),(1251,'',0,0,'','file_select_dialog.file_selections','admin','',500,'file_selector/parts/url_label.twig',NULL),(1252,'',0,0,'','file_select_dialog.file_selections','admin','',200,'file_selector/parts/local_computer_input.twig',NULL),(1253,'',0,0,'','images_settings','admin','',30,'images_settings/parts/default_settings.twig',NULL),(1254,'',0,0,'','images_settings','admin','',20,'images_settings/parts/resize_images.twig',NULL),(1255,'',0,0,'','edit_shipping','admin','',16777215,'shipping/add_method/parts/offline_create.twig',NULL),(1256,'',0,0,'','crud.shipping.offline.formFooter','admin','',16777215,'shipping/add_method/parts/rates.twig',NULL),(1257,'',0,0,'','itemsList.shipping-methods.header','admin','',10,'shipping/methods.status.twig',NULL),(1258,'',0,0,'','itemsList.notification.header','admin','',100,'notifications/list.twig',NULL),(1259,'',0,0,'','itemsList.notification.cell.name','admin','',100,'notifications/cell.name.twig',NULL),(1260,'',0,0,'','crud.notificationattachments.formHeader','admin','',50,'notifications/parts/promo.twig',NULL),(1261,'',0,0,'','itemsList.notification.cell.enabledForAdmin','admin','',100,'notifications/cell.enabledForAdmin.twig',NULL),(1262,'',0,0,'','dashboard-center.welcome','admin','',10,'main/parts/title.twig',NULL),(1263,'',0,0,'','dashboard-center.welcome.content','admin','',10,'main/parts/block.items.twig',NULL),(1264,'',0,0,'','dashboard-center.welcome','admin','',20,'main/parts/block.twig',NULL),(1265,'',0,0,'','dashboard-center.welcome.content','admin','',20,'main/parts/block.footer.twig',NULL),(1266,'',0,0,'','dashboard-center.welcome.non-root','admin','',10,'main/parts_non_root/title.twig',NULL),(1267,'',0,0,'','dashboard-center.welcome.non-root.content','admin','',10,'main/parts_non_root/block.items.twig',NULL),(1268,'',0,0,'','dashboard-center.welcome.non-root','admin','',20,'main/parts_non_root/block.twig',NULL),(1269,'',0,0,'','dashboard-center.welcome.non-root.content','admin','',20,'main/parts_non_root/block.footer.twig',NULL),(1270,'',0,0,'','upgrade.step.ready_to_install.buttons.sections.right','admin','',200,'upgrade/step/ready_to_install/buttons/parts/try_again.twig',NULL),(1271,'',0,0,'','upgrade.step.ready_to_install.entries_list.sections.permissions.buttons','admin','',200,'upgrade/step/ready_to_install/buttons/parts/try_again.twig',NULL),(1272,'',0,0,'','upgrade.step.ready_to_install.buttons.sections.left','admin','',200,'upgrade/step/ready_to_install/buttons/parts/install.twig',NULL),(1273,'',0,0,'','upgrade.step.ready_to_install.buttons.sections','admin','',100,'upgrade/step/ready_to_install/buttons/parts/left.twig',NULL),(1274,'',0,0,'','upgrade.step.ready_to_install.buttons.sections','admin','',200,'upgrade/step/ready_to_install/buttons/parts/right.twig',NULL),(1275,'',0,0,'','upgrade.step.ready_to_install.buttons.sections.left','admin','',100,'upgrade/step/ready_to_install/buttons/parts/agree.twig',NULL),(1276,'',0,0,'','upgrade.step.ready_to_install.buttons.sections.left','admin','',150,'upgrade/step/ready_to_install/buttons/parts/remove_agree.twig',NULL),(1277,'',0,0,'','upgrade.step.ready_to_install.entries_list.sections.permissions.buttons','admin','',100,'upgrade/step/ready_to_install/entries_list/parts/permissions/buttons/copy.twig',NULL),(1278,'',0,0,'','upgrade.step.ready_to_install.entries_list.sections.table.columns','admin','',300,'upgrade/step/ready_to_install/entries_list/parts/table/columns/changelog_link.twig',NULL),(1279,'',0,0,'','upgrade.step.ready_to_install.entries_list.sections.table.columns','admin','',300,'upgrade/step/ready_to_install/entries_list/parts/table/columns/version.twig',NULL),(1280,'',0,0,'','upgrade.step.completed.entries_list.sections.table.columns','admin','',300,'upgrade/step/ready_to_install/entries_list/parts/table/columns/version.twig',NULL),(1281,'',0,0,'','upgrade.step.ready_to_install.entries_list.sections.table.columns','admin','',100,'upgrade/step/ready_to_install/entries_list/parts/table/columns/component.twig',NULL),(1282,'',0,0,'','upgrade.step.completed.entries_list.sections.table.columns','admin','',100,'upgrade/step/ready_to_install/entries_list/parts/table/columns/component.twig',NULL),(1283,'',0,0,'','upgrade.step.ready_to_install.entries_list.sections.table.columns','admin','',200,'upgrade/step/ready_to_install/entries_list/parts/table/columns/status.twig',NULL),(1284,'',0,0,'','upgrade.step.completed.entries_list.sections.table.columns','admin','',200,'upgrade/step/ready_to_install/entries_list/parts/table/columns/status.twig',NULL),(1285,'',0,0,'','upgrade.step.ready_to_install.entries_list.sections.table.columns.changelog','admin','',350,'upgrade/step/ready_to_install/entries_list/parts/table/columns/changelog.twig',NULL),(1286,'',0,0,'','upgrade.step.ready_to_install.entries_list.sections.table.columns.error','admin','',400,'upgrade/step/ready_to_install/entries_list/parts/table/columns/error.twig',NULL),(1287,'',0,0,'','upgrade.step.ready_to_install.entries_list.sections.table.header','admin','',300,'upgrade/step/ready_to_install/entries_list/parts/table/header/version.twig',NULL),(1288,'',0,0,'','upgrade.step.completed.entries_list.sections.table.header','admin','',300,'upgrade/step/ready_to_install/entries_list/parts/table/header/version.twig',NULL),(1289,'',0,0,'','upgrade.step.ready_to_install.entries_list.sections.table.header','admin','',100,'upgrade/step/ready_to_install/entries_list/parts/table/header/component.twig',NULL),(1290,'',0,0,'','upgrade.step.completed.entries_list.sections.table.header','admin','',100,'upgrade/step/ready_to_install/entries_list/parts/table/header/component.twig',NULL),(1291,'',0,0,'','upgrade.step.ready_to_install.entries_list.sections.table.header','admin','',200,'upgrade/step/ready_to_install/entries_list/parts/table/header/status.twig',NULL),(1292,'',0,0,'','upgrade.step.completed.entries_list.sections.table.header','admin','',200,'upgrade/step/ready_to_install/entries_list/parts/table/header/status.twig',NULL),(1293,'',0,0,'','upgrade.step.ready_to_install.entries_list.sections.table.header','admin','',300,'upgrade/step/ready_to_install/entries_list/parts/table/header/changelog.twig',NULL),(1294,'',0,0,'','upgrade.step.ready_to_install.entries_list.sections','admin','',100,'upgrade/step/ready_to_install/entries_list/parts/table.twig',NULL),(1295,'',0,0,'','upgrade.step.completed.entries_list.sections','admin','',200,'upgrade/step/ready_to_install/entries_list/parts/table.twig',NULL),(1296,'',0,0,'','upgrade.step.completed.backup.actions','admin','',300,'upgrade/step/completed/backup/part/actions/restore_backup.twig',NULL),(1297,'',0,0,'','upgrade.step.completed.backup.actions','admin','',100,'upgrade/step/completed/backup/part/actions/soft_reset.twig',NULL),(1298,'',0,0,'','upgrade.step.ready_to_install.create_backup.actions','admin','',100,'upgrade/step/completed/backup/part/actions/soft_reset.twig',NULL),(1299,'',0,0,'','upgrade.step.ready_to_install.create_backup.actions','admin','',50,'upgrade/step/completed/backup/part/actions/restore_snapshot.twig',NULL),(1300,'',0,0,'','upgrade.step.completed.backup.actions','admin','',200,'upgrade/step/completed/backup/part/actions/hard_reset.twig',NULL),(1301,'',0,0,'','upgrade.step.ready_to_install.create_backup.actions','admin','',200,'upgrade/step/completed/backup/part/actions/hard_reset.twig',NULL),(1302,'',0,0,'','upgrade.step.completed.backup.sections','admin','',100,'upgrade/step/completed/backup/part/description.twig',NULL),(1303,'',0,0,'','upgrade.step.prepare.incompatible_entries_upgrade.sections.table.info','admin','',100,'upgrade/step/prepare/incompatible_entries_upgrade/parts/table/info/name.twig',NULL),(1304,'',0,0,'','upgrade.step.prepare.incompatible_entries_upgrade.sections.table.info.module','admin','',100,'upgrade/step/prepare/incompatible_entries_upgrade/parts/table/info/module/version.twig',NULL),(1305,'',0,0,'','upgrade.step.prepare.incompatible_entries_upgrade.sections.table.info.module','admin','',200,'upgrade/step/prepare/incompatible_entries_upgrade/parts/table/info/module/author.twig',NULL),(1306,'',0,0,'','upgrade.step.prepare.incompatible_entries_upgrade.sections.table.info','admin','',200,'upgrade/step/prepare/incompatible_entries_upgrade/parts/table/info/module.twig',NULL),(1307,'',0,0,'','upgrade.step.prepare.incompatible_entries_upgrade.sections.table','admin','',200,'upgrade/step/prepare/incompatible_entries_upgrade/parts/table/info.twig',NULL),(1308,'',0,0,'','upgrade.step.prepare.incompatible_entries_upgrade.sections.table','admin','',100,'upgrade/step/prepare/incompatible_entries_upgrade/parts/table/icon.twig',NULL),(1309,'',0,0,'','upgrade.step.prepare.incompatible_entries_upgrade.sections','admin','',200,'upgrade/step/prepare/incompatible_entries_upgrade/parts/table.twig',NULL),(1310,'',0,0,'','upgrade.step.prepare.incompatible_entries_upgrade.sections','admin','',100,'upgrade/step/prepare/incompatible_entries_upgrade/parts/description.twig',NULL),(1311,'',0,0,'','upgrade.step.prepare.incompatible_entries_update.sections','admin','',300,'upgrade/step/prepare/incompatible_entries_update/parts/agree.twig',NULL),(1312,'',0,0,'','upgrade.step.prepare.incompatible_entries_update.sections.table.columns','admin','',100,'upgrade/step/prepare/incompatible_entries_update/parts/table/columns/name.twig',NULL),(1313,'',0,0,'','upgrade.step.prepare.incompatible_entries_update.sections.table.columns','admin','',200,'upgrade/step/prepare/incompatible_entries_update/parts/table/columns/icon.twig',NULL),(1314,'',0,0,'','upgrade.step.prepare.incompatible_entries_update.sections.table.columns','admin','',300,'upgrade/step/prepare/incompatible_entries_update/parts/table/columns/checkbox.twig',NULL),(1315,'',0,0,'','upgrade.step.prepare.incompatible_entries_update.sections','admin','',200,'upgrade/step/prepare/incompatible_entries_update/parts/table.twig',NULL),(1316,'',0,0,'','upgrade.step.prepare.incompatible_entries_update.sections','admin','',100,'upgrade/step/prepare/incompatible_entries_update/parts/description.twig',NULL),(1317,'',0,0,'','upgrade.step.prepare.entries_list_upgrade.sections.table.info','admin','',100,'upgrade/step/prepare/entries_list_upgrade/parts/table/info/name.twig',NULL),(1318,'',0,0,'','upgrade.step.prepare.entries_list_upgrade.sections.table.info.module','admin','',100,'upgrade/step/prepare/entries_list_upgrade/parts/table/info/module/version.twig',NULL),(1319,'',0,0,'','upgrade.step.prepare.entries_list_upgrade.sections.table.info.module','admin','',200,'upgrade/step/prepare/entries_list_upgrade/parts/table/info/module/author.twig',NULL),(1320,'',0,0,'','upgrade.step.prepare.entries_list_upgrade.sections.table.info.module','admin','',300,'upgrade/step/prepare/entries_list_upgrade/parts/table/info/module/status.twig',NULL),(1321,'',0,0,'','upgrade.step.prepare.entries_list_upgrade.sections.table.info','admin','',200,'upgrade/step/prepare/entries_list_upgrade/parts/table/info/module.twig',NULL),(1322,'',0,0,'','upgrade.step.prepare.entries_list_upgrade.sections.table','admin','',200,'upgrade/step/prepare/entries_list_upgrade/parts/table/info.twig',NULL),(1323,'',0,0,'','upgrade.step.prepare.entries_list_upgrade.sections.table','admin','',100,'upgrade/step/prepare/entries_list_upgrade/parts/table/icon.twig',NULL),(1324,'',0,0,'','upgrade.step.prepare.entries_list_upgrade.sections','admin','',100,'upgrade/step/prepare/entries_list_upgrade/parts/table.twig',NULL),(1325,'',0,0,'','upgrade.step.prepare.buttons.sections','admin','',50,'upgrade/step/prepare/buttons/parts/expired_keys.twig',NULL),(1326,'',0,0,'','upgrade.step.prepare.buttons.sections','admin','',200,'upgrade/step/prepare/buttons/parts/continue.twig',NULL),(1327,'',0,0,'','upgrade.step.prepare.buttons.sections','admin','',200,'upgrade/step/prepare/buttons/parts/trial_notice.twig',NULL),(1328,'',0,0,'','upgrade.step.prepare.entries_list_update.sections.table.columns','admin','',600,'upgrade/step/prepare/entries_list_update/parts/table/columns/size.twig',NULL),(1329,'',0,0,'','upgrade.step.prepare.entries_list_update.sections.table.columns','admin','',500,'upgrade/step/prepare/entries_list_update/parts/table/columns/version_new.twig',NULL),(1330,'',0,0,'','upgrade.step.prepare.entries_list_update.sections.table.columns','admin','',400,'upgrade/step/prepare/entries_list_update/parts/table/columns/version_separator.twig',NULL),(1331,'',0,0,'','upgrade.step.prepare.entries_list_update.sections.table.columns','admin','',300,'upgrade/step/prepare/entries_list_update/parts/table/columns/version_old.twig',NULL),(1332,'',0,0,'','upgrade.step.prepare.entries_list_update.sections.table.columns','admin','',100,'upgrade/step/prepare/entries_list_update/parts/table/columns/name.twig',NULL),(1333,'',0,0,'','upgrade.step.prepare.entries_list_update.sections.table.columns','admin','',200,'upgrade/step/prepare/entries_list_update/parts/table/columns/status.twig',NULL),(1334,'',0,0,'','upgrade.step.prepare.entries_list_update.sections.table.header','admin','',300,'upgrade/step/prepare/entries_list_update/parts/table/header/size.twig',NULL),(1335,'',0,0,'','upgrade.step.prepare.entries_list_update.sections.table.header','admin','',200,'upgrade/step/prepare/entries_list_update/parts/table/header/version.twig',NULL),(1336,'',0,0,'','upgrade.step.prepare.entries_list_update.sections.table.header','admin','',100,'upgrade/step/prepare/entries_list_update/parts/table/header/component.twig',NULL),(1337,'',0,0,'','upgrade.step.prepare.entries_list_update.sections','admin','',100,'upgrade/step/prepare/entries_list_update/parts/table.twig',NULL),(1338,'',0,0,'','upgrade.install_updates.sections','admin','',100,'upgrade/install_updates/parts/top.twig',NULL),(1339,'',0,0,'','upgrade.install_updates.sections','admin','',200,'upgrade/install_updates/parts/form.twig',NULL),(1340,'',0,0,'','upgrade.install_updates.sections.form.info','admin','',300,'upgrade/install_updates/parts/form/info/version.twig',NULL),(1341,'',0,0,'','upgrade.install_updates.sections.form.info','admin','',100,'upgrade/install_updates/parts/form/info/name.twig',NULL),(1342,'',0,0,'','upgrade.install_updates.sections.form.info.module','admin','',100,'upgrade/install_updates/parts/form/info/module/author.twig',NULL),(1343,'',0,0,'','upgrade.install_updates.sections.form.info.module','admin','',200,'upgrade/install_updates/parts/form/info/module/status.twig',NULL),(1344,'',0,0,'','upgrade.install_updates.sections.form.info','admin','',200,'upgrade/install_updates/parts/form/info/module.twig',NULL),(1345,'',0,0,'','upgrade.install_updates.sections.form','admin','',200,'upgrade/install_updates/parts/form/info.twig',NULL),(1346,'',0,0,'','upgrade.install_updates.sections.form','admin','',100,'upgrade/install_updates/parts/form/icon.twig',NULL),(1347,'',0,0,'','upgrade.install_updates.sections','admin','',300,'upgrade/install_updates/parts/advanced_link.twig',NULL),(1348,'',0,0,'','export.completed.content','admin','',200,'export/parts/completed.downloadLarge.twig',NULL),(1349,'',0,0,'','export.begin.options','admin','',200,'export/parts/option.attrs.twig',NULL),(1350,'',0,0,'','export.popup.completed.content','admin','',100,'export/parts/popup.completed.message.twig',NULL),(1351,'',0,0,'','export.begin.buttons','admin','',100,'export/parts/begin.buttons.export.twig',NULL),(1352,'',0,0,'','export.begin.content','admin','',100,'export/parts/begin.sections.twig',NULL),(1353,'',0,0,'','export.begin.content','admin','',200,'export/parts/begin.options.twig',NULL),(1354,'',0,0,'','export.completed.content','admin','',100,'export/parts/completed.download.twig',NULL),(1355,'',0,0,'','export.popup.completed.content','admin','',100,'export/parts/completed.download.twig',NULL),(1356,'',0,0,'','export.failed.buttons','admin','',100,'export/parts/failed.buttons.export.twig',NULL),(1357,'',0,0,'','export.begin.options','admin','',400,'export/parts/option.delimiter.twig',NULL),(1358,'',0,0,'','export.begin.options','admin','',300,'export/parts/option.charset.twig',NULL),(1359,'',0,0,'','export.failed.content','admin','',100,'export/parts/failed.errors.twig',NULL),(1360,'',0,0,'','export.completed.buttons','admin','',100,'export/parts/completed.buttons.export.twig',NULL),(1361,'',0,0,'','export.begin.options','admin','',100,'export/parts/option.files.twig',NULL),(1362,'',0,0,'','invoice.bottom.method.shipping','common','',20,'order/invoice/parts/bottom.methods.shipping.twig',NULL),(1363,'',0,0,'','invoice.subhead.companyAddress','common','',100,'order/invoice/parts/head.companyAddress.name.twig',NULL),(1364,'',0,0,'','invoice.bottom.address.billing','common','',10,'order/invoice/parts/bottom.address.billing.twig',NULL),(1365,'',0,0,'','invoice.subhead.companyAddress','common','',200,'order/invoice/parts/head.companyAddress.address.twig',NULL),(1366,'',0,0,'','invoice.head','common','',10,'order/invoice/parts/title.twig',NULL),(1367,'',0,0,'','invoice.base','common','',10,'order/invoice/parts/head.twig',NULL),(1368,'',0,0,'','invoice.base','common','',55,'order/invoice/parts/instruction.twig',NULL),(1369,'',0,0,'','invoice.bottom.lines','common','',10,'order/invoice/parts/bottom.methods.twig',NULL),(1370,'',0,0,'','invoice.base.totals.after','common','',20,'order/invoice/parts/totals.includedModifiers.twig',NULL),(1371,'',0,0,'','invoice.base','common','',60,'order/invoice/parts/totals.twig',NULL),(1372,'',0,0,'','invoice.subhead.companyAddress','common','',300,'order/invoice/parts/head.companyAddress.phone.twig',NULL),(1373,'',0,0,'','invoice.subhead','common','',20,'order/invoice/parts/head.address.twig',NULL),(1374,'',0,0,'','invoice.subhead','common','',10,'order/invoice/parts/bottom.twig',NULL),(1375,'',0,0,'','invoice.base.totals.after','common','',10,'order/invoice/parts/totals.total.twig',NULL),(1376,'',0,0,'','invoice.head','common','',20,'order/invoice/parts/head.logo.twig',NULL),(1377,'',0,0,'','invoice.base','common','',40,'order/invoice/parts/note.twig',NULL),(1378,'',0,0,'','invoice.base','common','',20,'order/invoice/parts/subhead.twig',NULL),(1379,'',0,0,'','invoice.base.totals','common','',200,'order/invoice/parts/totals.modifiers.twig',NULL),(1380,'',0,0,'','invoice.bottom.method.payment','common','',20,'order/invoice/parts/bottom.methods.payment.twig',NULL),(1381,'',0,0,'','invoice.base.totals','common','',100,'order/invoice/parts/totals.subtotal.twig',NULL),(1382,'',0,0,'','invoice.subhead.companyAddress','common','',500,'order/invoice/parts/head.companyAddress.website.twig',NULL),(1383,'',0,0,'','invoice.base','common','',50,'order/invoice/parts/items/items.twig',NULL),(1384,'',0,0,'','invoice.item','common','',10,'order/invoice/parts/items/item.name.twig',NULL),(1385,'',0,0,'','invoice.items.head','common','',30,'order/invoice/parts/items/items.head.qty.twig',NULL),(1386,'',0,0,'','invoice.item','common','',40,'order/invoice/parts/items/item.total.twig',NULL),(1387,'',0,0,'','invoice.item','common','',20,'order/invoice/parts/items/item.price.twig',NULL),(1388,'',0,0,'','invoice.items.head','common','',10,'order/invoice/parts/items/items.head.item.twig',NULL),(1389,'',0,0,'','invoice.items.head','common','',20,'order/invoice/parts/items/items.head.price.twig',NULL),(1390,'',0,0,'','invoice.item.name','common','',10,'order/invoice/parts/items/item.sku.twig',NULL),(1391,'',0,0,'','invoice.items.head','common','',40,'order/invoice/parts/items/items.head.total.twig',NULL),(1392,'',0,0,'','invoice.item','common','',30,'order/invoice/parts/items/item.qty.twig',NULL),(1393,'',0,0,'','invoice.bottom.address.shipping','common','',20,'order/invoice/parts/bottom.address.shipping.twig',NULL),(1394,'',0,0,'','invoice.subhead.companyAddress','common','',400,'order/invoice/parts/head.companyAddress.fax.twig',NULL),(1395,'',0,0,'','minicart.horizontal.item.name','customer','XLite\\View\\MinicartAttributeValues',10,'',NULL),(1396,'',0,0,'','product.details.page.image','customer','XLite\\View\\Product\\Details\\Customer\\PhotoBox',5,'',NULL),(1397,'',0,0,'','product.details.page','customer','XLite\\View\\Product\\Details\\Customer\\Gallery',15,'',NULL),(1398,'',0,0,'','product.details.quicklook','customer','XLite\\View\\Product\\Details\\Customer\\Gallery',15,'',NULL),(1399,'',0,0,'','layout.main','customer','XLite\\View\\BannerRotation\\BannerRotation',350,'',NULL),(1400,'',0,0,'','checkout.review.selected','customer','XLite\\Module\\CDev\\Coupons\\View\\CartCoupons',200,'',NULL),(1401,'',0,0,'','product.details.page.image','customer','XLite\\Module\\XC\\NextPreviousProduct\\View\\Product\\Details\\Customer\\NextPreviousProduct',0,'',NULL),(1402,'',0,0,'','layout.main.footer.before','customer','XLite\\Module\\XC\\NewsletterSubscriptions\\View\\SubscribeBlock',10,'',NULL),(1403,'',0,0,'','customer.signin.popup.fields','customer','',500,'authorization/parts/field.links.twig',NULL),(1404,'',0,0,'','center.top','customer','',1000,'layout/content/main.location.twig',NULL),(1405,'',0,0,'','product.details.page.info','customer','',5,'layout/content/product.location.twig',NULL),(1406,'',0,0,'','layout.header','customer','',300,'layout/header/top_menu.twig',NULL),(1407,'',0,0,'','header.menu.after','customer','',100,'layout/header/header.right.twig',NULL),(1408,'',0,0,'','layout.header.bar','customer','',50,'layout/header/header.bar.search.twig',NULL),(1409,'',0,0,'','layout.header.mobile.menu','customer','',2000,'layout/header/mobile_header_parts/slidebar_menu.twig',NULL),(1410,'',0,0,'','itemsList.product.small_thumbnails.customer.info.photo','customer','',30,'items_list/product/parts/common.labels.twig',NULL),(1411,'',0,0,'','product.details.quicklook.image','customer','',17,'items_list/product/parts/common.labels.twig',NULL),(1412,'',0,0,'','cart.item','customer','',100,'shopping_cart/parts/item.remove.twig',NULL),(1413,'',0,0,'','cart.item.info','customer','',15,'shopping_cart/parts/item.info.weight.twig',NULL),(1414,'',0,0,'','itemsList.product.grid.customer.info','customer','',18,'product/details/stock/label.twig',NULL),(1415,'',0,0,'','itemsList.product.list.customer.info','customer','',32,'product/details/stock/label.twig',NULL),(1416,'',0,0,'','itemsList.product.grid.customer.header','customer','',10,'items_list/product/parts/common.sort-options.twig',NULL),(1417,'',0,0,'','itemsList.product.list.customer.header','customer','',10,'items_list/product/parts/common.sort-options.twig',NULL),(1418,'',0,0,'','itemsList.product.table.customer.header','customer','',10,'items_list/product/parts/common.sort-options.twig',NULL),(1419,'',0,0,'','itemsList.product.grid.customer.header','customer','',20,'items_list/product/parts/common.display-modes.twig',NULL),(1420,'',0,0,'','itemsList.product.list.customer.header','customer','',20,'items_list/product/parts/common.display-modes.twig',NULL),(1421,'',0,0,'','itemsList.product.table.customer.header','customer','',20,'items_list/product/parts/common.display-modes.twig',NULL),(1422,'',0,0,'','itemsList.product.list.customer.info','customer','',20,'items_list/product/center/list/parts/common.product-name.twig',NULL),(1423,'',0,0,'','itemsList.product.grid.customer.marks','customer','',100,'items_list/product/parts/common.added-mark.twig',NULL),(1424,'',0,0,'','itemsList.product.list.customer.marks','customer','',100,'items_list/product/parts/common.added-mark.twig',NULL),(1425,'',0,0,'','itemsList.product.table.customer.marks','customer','',100,'items_list/product/parts/common.added-mark.twig',NULL),(1426,'',0,0,'','product.details.page.image.photo','customer','',100,'product/details/parts/common.loupe.twig',NULL),(1427,'',0,0,'','product.details.page.info','customer','',18,'product/details/parts/common.briefDescription.twig',NULL),(1428,'',0,0,'','product.details.page.info','customer','',16,'product/details/parts/common.stock.twig',NULL),(1429,'',0,0,'','product.details.page.info','customer','',35,'product/details/parts/common.product-editable-attributes.twig',NULL),(1430,'',0,0,'','product.details.quicklook.info','customer','',30,'product/details/parts/common.product-editable-attributes.twig',NULL),(1431,'',0,0,'','product.details.quicklook.image','customer','',30,'product/details/parts/common.more-info-link.twig',NULL),(1432,'',0,0,'','itemsList.product.grid.customer.info.photo','customer','',998,'items_list/product/parts/grid.button-add2cart-wrapper.twig',NULL),(1433,'',0,0,'','product.details.page.image','customer','',10,'product/details/parts/common.product-added.twig',NULL),(1434,'',0,0,'','product.details.quicklook.image','customer','',5,'product/details/parts/common.product-added.twig',NULL),(1435,'',0,0,'','checkout.payment.address.before','customer','',10,'checkout/steps/shipping/parts/address.billing.same.twig',NULL),(1436,'',0,0,'','product.details.page.image','customer','',20,'modules/CDev/GoSocial/product/details/parts/common.share.twig',NULL),(1437,'',0,0,'','product.details.page.info','customer','',17,'modules/XC/FreeShipping/free_ship.label.twig',NULL),(1438,'',0,0,'','product.details.page.info','customer','',16,'modules/CDev/ProductAdvisor/product/details/parts/common.coming_soon.twig',NULL),(1439,'',0,0,'','product.details.quicklook.info','customer','',16,'modules/CDev/ProductAdvisor/product/details/parts/common.coming_soon.twig',NULL),(1440,'',0,0,'','itemsList.product.grid.customer.info','customer','',16,'modules/XC/Reviews/product.items_list.rating.twig',NULL),(1441,'',0,0,'','itemsList.product.list.customer.info','customer','',35,'modules/XC/Reviews/product.items_list.rating.twig',NULL),(1442,'',0,0,'','product.details.quicklook.image','customer','',20,'modules/XC/Reviews/product_details.rating.twig',NULL),(1443,'',0,0,'','product.plain_price','customer','',15,'modules/CDev/Sale/label.twig',NULL),(1444,'',0,0,'','product.plain_price.sale_price.text','customer','',100,'modules/CDev/Sale/details/sale_price.twig',NULL),(1445,'',0,0,'','product.plain_price.sale_price.text','customer','',200,'modules/CDev/Sale/details/you_save.twig',NULL),(1446,'',0,0,'','product.plain_price','customer','',30,'modules/CDev/Sale/details/label.twig',NULL),(1447,'',0,0,'','signin-anonymous-title','customer','',300,'modules/CDev/SocialLogin/signin/signin.checkout.social.twig',NULL),(1448,'',0,0,'','signin-anonymous-title','customer','',300,'modules/Amazon/PayWithAmazon/login/signin/signin.checkout.twig',NULL),(1449,'',0,0,'','signin-anonymous-title','customer','',300,'modules/CDev/Paypal/login/signin/signin.checkout.paypal.twig',NULL),(1450,'',0,0,'','checkout_fastlane.header.top','customer','XLite\\View\\AllInOneSolutions',100,'',NULL);
CREATE TABLE `xlite_volume_discounts` (
  `id` int(10) unsigned NOT NULL AUTO_INCREMENT,
  `membership_id` int(10) unsigned DEFAULT NULL,
  `value` decimal(14,4) NOT NULL,
  `type` char(1) COLLATE utf8_unicode_ci NOT NULL,
  `subtotalRangeBegin` decimal(14,4) NOT NULL,
  `subtotalRangeEnd` decimal(14,4) NOT NULL,
  PRIMARY KEY (`id`),
  KEY `IDX_3959CFC81FB354CD` (`membership_id`),
  KEY `range` (`subtotalRangeBegin`,`subtotalRangeEnd`),
  CONSTRAINT `FK_3959CFC81FB354CD` FOREIGN KEY (`membership_id`) REFERENCES `xlite_memberships` (`membership_id`) ON DELETE CASCADE
) ENGINE=InnoDB DEFAULT CHARSET=utf8 COLLATE=utf8_unicode_ci;
CREATE TABLE `xlite_xpc_payment_fraud_check_data` (
  `id` int(10) unsigned NOT NULL AUTO_INCREMENT,
  `transaction_id` int(11) DEFAULT NULL,
  `code` varchar(255) COLLATE utf8_unicode_ci NOT NULL,
  `service` varchar(255) COLLATE utf8_unicode_ci NOT NULL,
  `result` int(11) NOT NULL,
  `status` varchar(255) COLLATE utf8_unicode_ci NOT NULL,
  `score` int(11) NOT NULL,
  `message` varchar(255) COLLATE utf8_unicode_ci NOT NULL,
  `serviceTransactionId` varchar(255) COLLATE utf8_unicode_ci NOT NULL,
  `url` varchar(255) COLLATE utf8_unicode_ci NOT NULL,
  `errors` varchar(255) COLLATE utf8_unicode_ci NOT NULL,
  `warnings` varchar(255) COLLATE utf8_unicode_ci NOT NULL,
  `rules` varchar(255) COLLATE utf8_unicode_ci NOT NULL,
  `data` varchar(255) COLLATE utf8_unicode_ci NOT NULL,
  PRIMARY KEY (`id`),
  KEY `IDX_FC3E8B932FC0CB0F` (`transaction_id`),
  CONSTRAINT `FK_FC3E8B932FC0CB0F` FOREIGN KEY (`transaction_id`) REFERENCES `xlite_payment_transactions` (`transaction_id`)
) ENGINE=InnoDB DEFAULT CHARSET=utf8 COLLATE=utf8_unicode_ci;
CREATE TABLE `xlite_xpc_payment_transaction_data` (
  `id` int(10) unsigned NOT NULL AUTO_INCREMENT,
  `address_id` int(11) DEFAULT NULL,
  `transaction_id` int(11) DEFAULT NULL,
  `card_number` varchar(255) COLLATE utf8_unicode_ci NOT NULL,
  `card_type` varchar(255) COLLATE utf8_unicode_ci NOT NULL,
  `card_expire` varchar(255) COLLATE utf8_unicode_ci NOT NULL,
  `use_for_recharges` char(1) COLLATE utf8_unicode_ci NOT NULL,
  PRIMARY KEY (`id`),
  UNIQUE KEY `UNIQ_46DDB2932FC0CB0F` (`transaction_id`),
  KEY `IDX_46DDB293F5B7AF75` (`address_id`),
  CONSTRAINT `FK_46DDB2932FC0CB0F` FOREIGN KEY (`transaction_id`) REFERENCES `xlite_payment_transactions` (`transaction_id`) ON DELETE CASCADE,
  CONSTRAINT `FK_46DDB293F5B7AF75` FOREIGN KEY (`address_id`) REFERENCES `xlite_profile_addresses` (`address_id`) ON DELETE SET NULL
) ENGINE=InnoDB DEFAULT CHARSET=utf8 COLLATE=utf8_unicode_ci;
CREATE TABLE `xlite_zone_elements` (
  `element_id` int(11) NOT NULL AUTO_INCREMENT,
  `zone_id` int(11) DEFAULT NULL,
  `element_value` varchar(255) COLLATE utf8_unicode_ci NOT NULL,
  `element_type` char(1) COLLATE utf8_unicode_ci NOT NULL,
  PRIMARY KEY (`element_id`),
  KEY `IDX_2AF5A18A9F2C3FAB` (`zone_id`),
  KEY `type_value` (`element_type`,`element_value`),
  KEY `id_type` (`zone_id`,`element_type`),
  CONSTRAINT `FK_2AF5A18A9F2C3FAB` FOREIGN KEY (`zone_id`) REFERENCES `xlite_zones` (`zone_id`) ON DELETE CASCADE
) ENGINE=InnoDB DEFAULT CHARSET=utf8 COLLATE=utf8_unicode_ci;
INSERT INTO `xlite_zone_elements` VALUES (1,2,'US','C'),(2,2,'VI','C'),(3,2,'UM','C'),(4,3,'US','C'),(5,3,'VI','C'),(6,3,'UM','C'),(7,3,'CA','C'),(8,3,'US_NY','S'),(9,3,'US_ME','S'),(10,3,'US_VT','S'),(11,3,'US_NH','S'),(12,3,'US_MI','S'),(13,3,'US_MN','S'),(14,3,'US_WI','S'),(15,4,'AT','C'),(16,4,'BE','C'),(17,4,'BG','C'),(18,4,'HR','C'),(19,4,'CY','C'),(20,4,'CZ','C'),(21,4,'DK','C'),(22,4,'EE','C'),(23,4,'FL','C'),(24,4,'FR','C'),(25,4,'DE','C'),(26,4,'GR','C'),(27,4,'HU','C'),(28,4,'IE','C'),(29,4,'IT','C'),(30,4,'LV','C'),(31,4,'LT','C'),(32,4,'LU','C'),(33,4,'MT','C'),(34,4,'NL','C'),(35,4,'PL','C'),(36,4,'PT','C'),(37,4,'RO','C'),(38,4,'SK','C'),(39,4,'SI','C'),(40,4,'ES','C'),(41,4,'SE','C'),(42,4,'GB','C');
CREATE TABLE `xlite_zones` (
  `zone_id` int(11) NOT NULL AUTO_INCREMENT,
  `zone_name` varchar(64) COLLATE utf8_unicode_ci NOT NULL,
  `is_default` tinyint(1) NOT NULL,
  PRIMARY KEY (`zone_id`),
  KEY `zone_name` (`zone_name`),
  KEY `zone_default` (`is_default`)
) ENGINE=InnoDB DEFAULT CHARSET=utf8 COLLATE=utf8_unicode_ci;
INSERT INTO `xlite_zones` VALUES (1,'All Addresses (default zone)',1),(2,'United States',0),(3,'North of United States & Canada',0),(4,'Europe',0);
COMMIT;